Customer_ID,Customer_Name,Gender,Age,City,Province,Occupation,Education_Level,Marital_Status,Account_Number,Account_Type,Account_Open_Date,Branch_Name,Monthly_Income,Credit_Score,Loan_Status,Loan_Amount,Loan_Type,Interest_Rate,EMI_Amount,Account_Balance,Monthly_Deposit,Monthly_Withdrawal,Debit_Card_Usage,Credit_Card_Usage,Online_Banking_Usage,Mobile_Banking_Usage,Transaction_Count,Average_Transaction,ATM_Visits,FD_Amount,Insurance_Premium,Investment_Amount,Customer_Segment,Customer_Satisfaction,Complaint_Count,Last_Transaction_Date,Risk_Category,Churn_Status,Relationship_Manager
C0353,Customer_353,Male,27,Pokhara,Lumbini,Doctor,Bachelor,Unmarried,Acc100354,Fixed Deposit,2022-01-25,Bhaktapur Branch,172028.0,762,Closed,1338258.0,Education,14.29,17490.0,642211.0,53402.0,66256.0,44.0,69.0,,,168.0,35897.0,3.0,53152.0,27747.0,583957.0,Retail,1,8,2025-08-01,Medium,Yes,Rm_A
C0690,Customer_690,Male,36,Biratnagar,Lumbini,Banker,Bachelor,Unmarried,Acc100691,Savings,2023-11-23,Butwal Branch,151816.0,773,Closed,3888930.0,Education,14.19,23324.0,1286022.0,146994.0,106539.0,71.0,43.0,,,75.0,24768.0,29.0,328958.0,19666.0,926683.0,Retail,3,2,2026-02-08,Medium,Yes,Rm_A
C0486,Customer_486,Female,31,Bhaktapur,Koshi,Doctor,+2,Unmarried,Acc100487,Fixed Deposit,2022-02-24,Lalitpur Branch,66106.0,510,Closed,1152270.0,Education,14.65,24689.0,838581.0,137181.0,22030.0,7.0,55.0,,,50.0,44444.0,20.0,665902.0,10538.0,961168.0,Vip,2,7,2026-03-11,High,No,Rm_A
C0389,Customer_389,Male,25,Butwal,Bagmati,Doctor,+2,Married,Acc100390,Savings,2025-12-20,Lalitpur Branch,57375.0,757,,0.0,Education,13.29,24717.0,1974207.0,13286.0,4123.0,81.0,51.0,,,12.0,31453.0,11.0,351977.0,18282.0,266943.0,Retail,1,6,2026-06-01,Low,Yes,Rm_D
C0032,Customer_32,Female,59,Lalitpur,Gandaki,Banker,Phd,Married,Acc100033,Savings,2023-09-14,Biratnagar Branch,29947.0,696,Closed,1929008.0,Education,8.13,11897.0,154622.0,45444.0,1330.0,32.0,85.0,,,162.0,10099.0,9.0,222987.0,24143.0,325623.0,Retail,2,4,2025-10-23,High,No,Rm_A
C0443,Customer_443,Male,48,Chitwan,Gandaki,Engineer,Master,Unmarried,Acc100444,Savings,2019-10-02,Kathmandu Branch,93665.0,471,Closed,1870505.0,Vehicle,7.27,7704.0,732470.0,33478.0,28932.0,17.0,21.0,,,104.0,37462.0,21.0,293767.0,26237.0,1747429.0,Corporate,2,5,2025-11-25,Low,Yes,Rm_B
C0199,Customer_199,Female,46,Butwal,Bagmati,Doctor,Master,Unmarried,Acc100200,Fixed Deposit,2026-03-23,Pokhara Branch,67202.0,704,,0.0,Vehicle,6.22,35256.0,1925148.0,55690.0,14536.0,85.0,96.0,,,33.0,16865.0,17.0,747806.0,49915.0,1058515.0,Vip,2,2,2025-09-18,High,Yes,Rm_C
C0426,Customer_426,Female,51,Bhaktapur,Gandaki,Teacher,Unspecified,Unmarried,Acc100427,Current,2021-08-22,Lalitpur Branch,236630.0,539,Closed,1969793.0,Home,7.36,30818.0,325480.0,63652.0,64007.0,41.0,53.0,,,91.0,45443.0,24.0,294587.0,10803.0,1152873.0,Retail,2,10,2026-01-29,Medium,No,Rm_D
C0108,Customer_108,Female,24,Lalitpur,Bagmati,Doctor,Master,Unmarried,Acc100109,Fixed Deposit,2020-10-04,Pokhara Branch,105997.0,711,Closed,976393.0,Education,15.29,46104.0,199863.0,58951.0,80146.0,30.0,61.0,,,199.0,30529.0,16.0,542491.0,40703.0,1633696.0,Corporate,2,8,2025-12-13,High,Yes,Rm_B
C0715,Customer_715,Female,33,Chitwan,Bagmati,Unemployed/Other,Master,Married,Acc100716,Fixed Deposit,2025-08-11,Pokhara Branch,246558.0,677,Active,537125.0,Vehicle,15.25,38878.0,1830519.0,87845.0,85737.0,85.0,48.0,,,115.0,6619.0,19.0,723603.0,34250.0,1025042.0,Vip,5,5,2025-10-15,Low,Yes,Rm_C
C0553,Customer_553,Female,56,Pokhara,Lumbini,Engineer,Master,Married,Acc100554,Current,2025-02-06,Butwal Branch,146422.0,670,,0.0,Business,14.24,12910.0,816934.0,12038.0,55502.0,65.0,52.0,,,133.0,40083.0,7.0,415867.0,39365.0,412450.0,Corporate,2,8,2026-04-03,Low,No,Rm_D
C0676,Customer_676,Female,26,Butwal,Gandaki,Doctor,Master,Married,Acc100677,Fixed Deposit,2022-08-10,Bhaktapur Branch,228381.0,626,Closed,2698599.0,Vehicle,9.59,47776.0,761309.0,37448.0,114697.0,81.0,57.0,,,85.0,24950.0,10.0,934976.0,26497.0,1181975.0,Vip,4,4,2025-09-21,Low,No,Rm_A
C0159,Customer_159,Male,42,Bhaktapur,Gandaki,Analyst,Master,Unmarried,Acc100160,Savings,2024-01-05,Butwal Branch,247763.0,653,Closed,2107765.0,Vehicle,7.74,28178.0,1641377.0,64472.0,13880.0,73.0,18.0,,,80.0,19087.0,21.0,99123.0,12199.0,578355.0,Corporate,5,3,2026-04-02,High,Yes,Rm_B
C0476,Customer_476,Female,50,Kathmandu,Gandaki,Teacher,Bachelor,Married,Acc100477,Current,2025-03-23,Butwal Branch,34510.0,787,Active,2804433.0,Education,6.18,31851.0,676153.0,40585.0,42245.0,47.0,29.0,,,11.0,42027.0,21.0,576104.0,28957.0,1952080.0,Vip,4,10,2025-10-22,Low,No,Rm_B
C0424,Customer_424,Male,31,Pokhara,Gandaki,Banker,Phd,Unmarried,Acc100425,Fixed Deposit,2025-01-25,Biratnagar Branch,245999.0,740,Closed,2730662.0,Personal,11.92,5824.0,1134347.0,76716.0,107305.0,30.0,41.0,,,60.0,44526.0,25.0,33463.0,349.0,326598.0,Retail,5,1,2025-09-10,Medium,No,Rm_A
C0211,Customer_211,Male,55,Butwal,Lumbini,Banker,+2,Unmarried,Acc100212,Fixed Deposit,2022-05-03,Butwal Branch,162227.0,614,Active,156598.0,Home,6.55,46861.0,1296843.0,99953.0,52004.0,61.0,85.0,,,125.0,9711.0,1.0,215387.0,47211.0,1125753.0,Vip,5,7,2026-03-20,Medium,No,Rm_A
C0618,Customer_618,Female,23,Pokhara,Lumbini,Teacher,+2,Married,Acc100619,Current,2023-06-30,Pokhara Branch,221239.0,798,Closed,1538323.0,Home,12.6,2315.0,572940.0,110297.0,33924.0,56.0,60.0,,,45.0,17396.0,2.0,31188.0,14319.0,423524.0,Vip,2,0,2025-08-22,High,No,Rm_A
C0484,Customer_484,Male,51,Kathmandu,Gandaki,Teacher,+2,Married,Acc100485,Current,2020-10-01,Pokhara Branch,91470.0,765,Closed,1620988.0,Home,7.23,14985.0,872644.0,81446.0,37470.0,12.0,58.0,,,6.0,1292.0,25.0,719977.0,30976.0,307038.0,Vip,2,5,2026-05-16,High,No,Rm_C
C0885,Customer_885,Male,64,Biratnagar,Lumbini,Analyst,+2,Married,Acc100886,Savings,2020-01-16,Chitwan Branch,118294.0,653,,0.0,Personal,6.63,39391.0,232168.0,116280.0,115533.0,24.0,7.0,,,142.0,34767.0,0.0,597538.0,6086.0,557615.0,Corporate,1,10,2025-10-06,Low,No,Rm_A
C0651,Customer_651,Male,58,Butwal,Gandaki,Teacher,Bachelor,Married,Acc100652,Fixed Deposit,2025-10-06,Kathmandu Branch,45811.0,653,Closed,2111605.0,Education,8.67,40854.0,1602408.0,27143.0,75096.0,52.0,94.0,,,112.0,19363.0,18.0,442657.0,37951.0,1235917.0,Corporate,2,10,2025-10-18,High,No,Rm_C
C0245,Customer_245,Male,42,Chitwan,Lumbini,Student,+2,Unmarried,Acc100246,Fixed Deposit,2024-05-08,Chitwan Branch,133446.0,783,Closed,1796010.0,Personal,11.93,10834.0,711849.0,64899.0,108125.0,7.0,78.0,,,134.0,28489.0,17.0,998521.0,45876.0,528862.0,Retail,2,9,2026-03-27,Low,Yes,Rm_D
C0848,Customer_848,Male,59,Lalitpur,Lumbini,Engineer,+2,Unmarried,Acc100849,Fixed Deposit,2020-07-23,Bhaktapur Branch,34517.0,679,Active,1891694.0,Home,13.24,25680.0,75357.0,92075.0,26518.0,8.0,59.0,,,138.0,40091.0,13.0,74875.0,46958.0,1369662.0,Vip,5,9,2025-06-25,Low,Yes,Rm_B
C0983,Customer_983,Female,47,Kathmandu,Gandaki,Engineer,Master,Married,Acc100984,Savings,2020-12-07,Bhaktapur Branch,117825.0,829,Active,1111785.0,Education,8.08,26921.0,1204089.0,20367.0,112397.0,20.0,64.0,,,84.0,28892.0,29.0,204051.0,20919.0,387074.0,Retail,1,7,2026-01-18,High,No,Rm_C
C0829,Customer_829,Female,35,Lalitpur,Bagmati,Teacher,Bachelor,Married,Acc100830,Current,2020-06-27,Kathmandu Branch,115542.0,707,Closed,1327498.0,Business,9.28,22893.0,1619270.0,77331.0,7713.0,4.0,47.0,,,138.0,46592.0,12.0,486454.0,2889.0,404521.0,Retail,5,9,2025-10-07,Low,Yes,Rm_B
C0571,Customer_571,Female,37,Butwal,Gandaki,Teacher,Phd,Unmarried,Acc100572,Current,2023-10-29,Lalitpur Branch,64821.0,753,Closed,1432670.0,Business,14.39,23451.0,1149809.0,42934.0,25903.0,83.0,62.0,,,140.0,2794.0,14.0,446160.0,46517.0,542706.0,Corporate,3,0,2025-08-10,Medium,Yes,Rm_C
C0060,Customer_60,Male,38,Lalitpur,Lumbini,Engineer,Bachelor,Married,Acc100061,Fixed Deposit,2019-11-26,Chitwan Branch,89479.0,698,,0.0,Personal,7.71,39641.0,1673663.0,65742.0,56114.0,70.0,89.0,,,194.0,15059.0,12.0,954042.0,28265.0,339704.0,Retail,1,0,2026-05-07,High,Yes,Rm_A
C0291,Customer_291,Female,55,Butwal,Lumbini,Doctor,Bachelor,Married,Acc100292,Fixed Deposit,2019-11-26,Pokhara Branch,37909.0,544,Active,2755099.0,Home,9.74,38274.0,1655847.0,61355.0,34193.0,82.0,15.0,,,42.0,6919.0,25.0,892941.0,1670.0,1086829.0,Corporate,1,0,2026-02-14,High,No,Rm_D
C0071,Customer_71,Female,46,Chitwan,Lumbini,Analyst,Master,Married,Acc100072,Savings,2026-03-27,Kathmandu Branch,113557.0,701,Active,2959102.0,Vehicle,11.1,49169.0,1097927.0,27386.0,38933.0,77.0,63.0,,,199.0,18196.0,15.0,833108.0,34651.0,1516316.0,Vip,3,4,2025-06-30,High,Yes,Rm_A
C0345,Customer_345,Male,44,Biratnagar,Bagmati,Analyst,+2,Unmarried,Acc100346,Savings,2024-06-24,Butwal Branch,230669.0,559,Active,847972.0,Vehicle,7.88,44896.0,1383555.0,58836.0,64728.0,92.0,32.0,,,89.0,21810.0,29.0,78474.0,22155.0,1020494.0,Retail,5,9,2025-07-29,High,Yes,Rm_C
C0185,Customer_185,Female,29,Pokhara,Gandaki,Student,Unspecified,Unmarried,Acc100186,Current,2021-08-29,Pokhara Branch,170553.0,511,Active,716592.0,Business,11.07,43862.0,1464943.0,91262.0,98653.0,95.0,9.0,,,1.0,33696.0,11.0,577384.0,13969.0,1779412.0,Retail,4,7,2026-06-10,High,Yes,Rm_B
C0142,Customer_142,Male,26,Bhaktapur,Bagmati,Teacher,Bachelor,Married,Acc100143,Fixed Deposit,2024-05-15,Kathmandu Branch,216864.0,519,,0.0,Business,14.41,26529.0,271072.0,39638.0,29611.0,42.0,65.0,,,69.0,42593.0,12.0,883707.0,414.0,1501596.0,Corporate,4,9,2026-01-08,High,No,Rm_D
C0391,Customer_391,Female,28,Bhaktapur,Koshi,Engineer,Master,Unmarried,Acc100392,Fixed Deposit,2020-05-27,Chitwan Branch,82358.0,611,Closed,1981510.0,Vehicle,6.83,17010.0,919049.0,113719.0,51184.0,55.0,58.0,,,88.0,32977.0,26.0,490881.0,40879.0,380851.0,Corporate,3,8,2026-03-17,Medium,Yes,Rm_D
C0492,Customer_492,Male,24,Biratnagar,Lumbini,Teacher,Bachelor,Unmarried,Acc100493,Current,2022-12-05,Kathmandu Branch,194386.0,619,,0.0,Home,8.14,5761.0,1500284.0,86560.0,47846.0,88.0,36.0,,,102.0,47764.0,19.0,446940.0,1960.0,1770377.0,Retail,5,5,2025-09-15,Low,Yes,Rm_C
C0827,Customer_827,Male,63,Chitwan,Lumbini,Unemployed/Other,+2,Unmarried,Acc100828,Current,2022-07-26,Lalitpur Branch,238024.0,829,Active,1588506.0,Personal,12.72,15178.0,897234.0,148949.0,12611.0,49.0,73.0,,,19.0,21722.0,26.0,37353.0,40660.0,164414.0,Vip,1,7,2026-06-02,Low,No,Rm_D
C0102,Customer_102,Female,33,Kathmandu,Gandaki,Business,Phd,Married,Acc100103,Savings,2021-08-22,Pokhara Branch,32933.0,600,Closed,634701.0,Business,6.47,26345.0,128819.0,31939.0,24599.0,61.0,70.0,,,58.0,18893.0,0.0,48508.0,46382.0,1506908.0,Vip,5,0,2026-03-25,High,Yes,Rm_B
C0750,Customer_750,Male,25,Lalitpur,Bagmati,Doctor,Phd,Married,Acc100751,Fixed Deposit,2021-04-25,Chitwan Branch,226063.0,760,,0.0,Business,15.72,27594.0,1455997.0,31427.0,85370.0,88.0,3.0,,,102.0,37923.0,9.0,923176.0,43275.0,259005.0,Retail,1,2,2026-05-31,High,No,Rm_C
C0552,Customer_552,Male,63,Kathmandu,Koshi,Business,+2,Married,Acc100553,Current,2020-04-18,Pokhara Branch,242443.0,700,Active,460943.0,Home,8.81,22910.0,141483.0,104524.0,74613.0,74.0,50.0,,,59.0,32005.0,25.0,441492.0,1479.0,1864504.0,Vip,5,6,2026-05-15,Medium,No,Rm_C
C0307,Customer_307,Male,55,Butwal,Bagmati,Business,Phd,Unmarried,Acc100308,Savings,2020-04-18,Bhaktapur Branch,211503.0,679,,0.0,Business,10.68,48362.0,916443.0,44838.0,7379.0,97.0,69.0,,,59.0,49691.0,17.0,404221.0,17146.0,558545.0,Retail,3,8,2025-08-14,High,No,Rm_A
C0987,Customer_987,Male,56,Lalitpur,Lumbini,Business,Master,Married,Acc100988,Fixed Deposit,2019-10-24,Chitwan Branch,222686.0,508,,0.0,Personal,11.42,28354.0,1719872.0,91000.0,117318.0,28.0,76.0,,,131.0,6072.0,25.0,322724.0,38627.0,1295587.0,Corporate,5,10,2025-11-04,High,No,Rm_A
C0322,Customer_322,Male,42,Bhaktapur,Gandaki,Student,+2,Unmarried,Acc100323,Savings,2025-09-15,Kathmandu Branch,139702.0,819,Closed,2696441.0,Home,10.57,10476.0,683542.0,54700.0,49341.0,26.0,98.0,,,115.0,13162.0,9.0,621986.0,33072.0,1956815.0,Vip,2,10,2025-07-20,Low,Yes,Rm_B
C0800,Customer_800,Male,55,Pokhara,Lumbini,Banker,+2,Unmarried,Acc100801,Savings,2025-09-15,Biratnagar Branch,242711.0,482,Closed,345953.0,Education,11.0,15612.0,1701132.0,54216.0,14756.0,37.0,96.0,,,99.0,44441.0,15.0,481052.0,12996.0,902796.0,Retail,4,0,2025-07-09,High,No,Rm_C
C0731,Customer_731,Female,21,Kathmandu,Bagmati,Banker,Phd,Married,Acc100732,Current,2026-05-07,Lalitpur Branch,162928.0,686,Active,2395631.0,Personal,11.41,19568.0,395175.0,11292.0,77975.0,37.0,77.0,,,131.0,33357.0,10.0,792039.0,49432.0,59844.0,Vip,5,7,2025-06-28,High,Yes,Rm_B
C0678,Customer_678,Male,61,Bhaktapur,Lumbini,Engineer,Phd,Unmarried,Acc100679,Current,2024-11-18,Biratnagar Branch,132345.0,537,Active,107778.0,Education,11.6,23890.0,507342.0,35098.0,8721.0,67.0,68.0,,,57.0,38696.0,22.0,909401.0,18278.0,753337.0,Vip,2,10,2026-03-07,Medium,Yes,Rm_B
C0654,Customer_654,Male,58,Biratnagar,Koshi,Student,Phd,Unmarried,Acc100655,Current,2021-05-05,Bhaktapur Branch,48473.0,531,Closed,360925.0,Home,15.2,43157.0,229603.0,29778.0,94124.0,16.0,32.0,,,63.0,33991.0,1.0,932495.0,40707.0,1988580.0,Vip,3,7,2025-08-10,High,No,Rm_B
C0077,Customer_77,Female,51,Lalitpur,Koshi,Analyst,Phd,Unmarried,Acc100078,Current,2022-11-11,Bhaktapur Branch,57227.0,840,Active,150694.0,Home,6.74,7159.0,281276.0,145409.0,82738.0,90.0,61.0,,,89.0,27367.0,11.0,253445.0,29653.0,59377.0,Vip,3,6,2025-07-17,High,Yes,Rm_A
C0193,Customer_193,Male,21,Pokhara,Lumbini,Banker,Phd,Married,Acc100194,Savings,2022-12-02,Bhaktapur Branch,37991.0,542,Closed,1800255.0,Education,6.78,5084.0,1724779.0,36671.0,103312.0,37.0,91.0,,,15.0,42167.0,28.0,113763.0,3639.0,147319.0,Corporate,4,0,2026-03-03,Medium,Yes,Rm_B
C0087,Customer_87,Male,24,Pokhara,Bagmati,Doctor,Unspecified,Unmarried,Acc100088,Savings,2022-07-05,Lalitpur Branch,138465.0,834,,0.0,Business,12.55,36203.0,1279095.0,99360.0,32330.0,0.0,57.0,,,184.0,43826.0,13.0,417517.0,19863.0,369092.0,Vip,4,8,2026-04-29,Low,Yes,Rm_A
C0459,Customer_459,Male,65,Chitwan,Lumbini,Business,Phd,Unmarried,Acc100460,Current,2023-07-29,Pokhara Branch,144153.0,692,Active,772787.0,Personal,6.41,23791.0,1030715.0,130621.0,77533.0,27.0,93.0,,,124.0,31217.0,21.0,888858.0,34113.0,1404290.0,Retail,5,8,2025-12-09,High,No,Rm_A
C0440,Customer_440,Male,32,Chitwan,Gandaki,Teacher,Phd,Unmarried,Acc100441,Current,2022-03-19,Lalitpur Branch,223701.0,479,Closed,2219626.0,Vehicle,9.32,22912.0,930753.0,79385.0,36157.0,81.0,90.0,,,26.0,12950.0,2.0,359776.0,2795.0,1279680.0,Retail,4,2,2026-02-11,Low,Yes,Rm_D
C0919,Customer_919,Female,51,Kathmandu,Bagmati,Teacher,+2,Unmarried,Acc100920,Current,2023-11-22,Pokhara Branch,205401.0,629,Closed,2845242.0,Personal,11.35,43960.0,596394.0,105897.0,22376.0,2.0,20.0,,,163.0,44509.0,1.0,399464.0,26373.0,699303.0,Retail,5,5,2026-03-09,Medium,Yes,Rm_A
C0661,Customer_661,Male,32,Pokhara,Koshi,Engineer,+2,Married,Acc100662,Fixed Deposit,2026-01-15,Butwal Branch,79239.0,714,,0.0,Business,7.09,11962.0,793973.0,75778.0,6385.0,10.0,6.0,,,20.0,42077.0,10.0,292400.0,10390.0,1565105.0,Vip,2,1,2025-11-17,Low,Yes,Rm_B
C0310,Customer_310,Female,36,Biratnagar,Koshi,Analyst,Master,Unmarried,Acc100311,Current,2021-04-10,Lalitpur Branch,186131.0,653,,0.0,Home,10.29,19836.0,855300.0,26017.0,5631.0,27.0,16.0,,,97.0,26713.0,3.0,544282.0,39160.0,358786.0,Retail,3,5,2025-12-13,Medium,No,Rm_C
C0744,Customer_744,Female,52,Kathmandu,Bagmati,Teacher,Phd,Married,Acc100745,Current,2025-12-09,Bhaktapur Branch,205238.0,504,,0.0,Business,15.74,5482.0,640665.0,76999.0,55580.0,97.0,16.0,,,147.0,48543.0,17.0,508976.0,45892.0,959997.0,Corporate,4,0,2025-09-17,Low,No,Rm_A
C0874,Customer_874,Male,27,Butwal,Bagmati,Student,+2,Unmarried,Acc100875,Fixed Deposit,2022-11-05,Kathmandu Branch,50196.0,552,Active,1004466.0,Vehicle,13.45,39244.0,1024089.0,106775.0,109656.0,5.0,73.0,,,68.0,952.0,9.0,928870.0,38722.0,646284.0,Corporate,5,8,2025-12-20,Medium,No,Rm_D
C0399,Customer_399,Female,39,Lalitpur,Koshi,Engineer,Master,Unmarried,Acc100400,Current,2022-11-05,Kathmandu Branch,132024.0,539,Active,2681817.0,Home,12.1,5758.0,523535.0,48119.0,22611.0,47.0,96.0,,,57.0,43207.0,4.0,104499.0,36936.0,4215.0,Vip,2,8,2025-06-15,Medium,No,Rm_D
C0617,Customer_617,Male,59,Chitwan,Gandaki,Teacher,Phd,Married,Acc100618,Savings,2022-11-05,Butwal Branch,230077.0,837,,0.0,Business,6.49,8680.0,561930.0,117617.0,73153.0,40.0,79.0,,,54.0,38882.0,4.0,343446.0,22747.0,1120433.0,Corporate,3,8,2026-04-29,Medium,Yes,Rm_C
C0050,Customer_50,Female,51,Lalitpur,Bagmati,Business,+2,Unmarried,Acc100051,Savings,2025-05-29,Butwal Branch,200217.0,578,Active,2842293.0,Home,13.69,37793.0,1187192.0,44559.0,42077.0,12.0,81.0,,,151.0,20811.0,5.0,997965.0,48889.0,1043780.0,Corporate,4,5,2025-08-12,Low,Yes,Rm_C
C0200,Customer_200,Male,55,Biratnagar,Bagmati,Teacher,Phd,Married,Acc100201,Current,2022-08-29,Bhaktapur Branch,159359.0,593,Closed,299102.0,Vehicle,10.28,34433.0,121639.0,102284.0,41892.0,64.0,44.0,,,41.0,19346.0,25.0,846221.0,25107.0,1065221.0,Vip,1,2,2025-11-05,Medium,No,Rm_C
C0599,Customer_599,Female,32,Biratnagar,Gandaki,Banker,Bachelor,Unmarried,Acc100600,Savings,2020-04-12,Pokhara Branch,170699.0,702,,0.0,Education,9.69,34895.0,152652.0,30652.0,100329.0,10.0,54.0,,,11.0,26236.0,18.0,202621.0,34637.0,161554.0,Vip,5,8,2025-07-01,Low,No,Rm_B
C0970,Customer_970,Female,45,Lalitpur,Lumbini,Doctor,Master,Married,Acc100971,Current,2024-11-20,Lalitpur Branch,173716.0,661,Active,2697885.0,Business,13.01,31446.0,1034868.0,141161.0,45747.0,46.0,70.0,,,86.0,11979.0,28.0,650208.0,30072.0,220826.0,Vip,3,0,2026-03-14,Medium,No,Rm_A
C0883,Customer_883,Male,62,Pokhara,Bagmati,Engineer,+2,Married,Acc100884,Current,2025-02-27,Lalitpur Branch,82021.0,704,,0.0,Home,7.53,38204.0,854147.0,94123.0,12775.0,27.0,34.0,,,109.0,46893.0,8.0,14074.0,39036.0,425195.0,Corporate,1,2,2026-05-14,Low,No,Rm_B
C0429,Customer_429,Female,29,Pokhara,Lumbini,Teacher,Master,Unmarried,Acc100430,Fixed Deposit,2025-02-27,Chitwan Branch,73541.0,818,Closed,2644317.0,Vehicle,8.72,35417.0,907778.0,37403.0,84694.0,22.0,57.0,,,131.0,12105.0,12.0,310985.0,31242.0,1160093.0,Corporate,5,10,2025-10-07,High,No,Rm_D
C0498,Customer_498,Female,55,Biratnagar,Gandaki,Student,+2,Married,Acc100499,Fixed Deposit,2024-07-27,Chitwan Branch,36277.0,485,Closed,980419.0,Home,9.59,18121.0,507002.0,39917.0,31269.0,51.0,56.0,,,112.0,37693.0,24.0,990738.0,36985.0,1498698.0,Vip,2,1,2026-05-26,Low,No,Rm_D
C0604,Customer_604,Female,58,Kathmandu,Koshi,Banker,Bachelor,Unmarried,Acc100605,Current,2024-07-27,Bhaktapur Branch,39632.0,458,,0.0,Education,13.43,34658.0,524546.0,93062.0,60536.0,27.0,62.0,,,144.0,36094.0,17.0,552436.0,19585.0,1804267.0,Corporate,1,1,2026-04-23,Medium,Yes,Rm_D
C0011,Customer_11,Female,26,Lalitpur,Gandaki,Doctor,Phd,Unmarried,Acc100012,Savings,2022-04-08,Kathmandu Branch,223691.0,488,Closed,822176.0,Vehicle,6.38,42989.0,1906315.0,100511.0,23595.0,8.0,44.0,,,49.0,35936.0,12.0,821216.0,41949.0,469379.0,Vip,3,7,2025-11-19,High,No,Rm_D
C0889,Customer_889,Male,45,Kathmandu,Koshi,Teacher,Master,Married,Acc100890,Current,2022-04-16,Butwal Branch,96316.0,726,,0.0,Business,11.87,21849.0,885285.0,103502.0,113817.0,40.0,6.0,,,67.0,39880.0,29.0,768461.0,6214.0,588917.0,Corporate,3,5,2025-12-22,High,No,Rm_B
C0671,Customer_671,Female,31,Pokhara,Koshi,Teacher,Bachelor,Unmarried,Acc100672,Fixed Deposit,2024-07-01,Biratnagar Branch,104402.0,704,Closed,948111.0,Vehicle,6.46,11268.0,1356988.0,78435.0,54857.0,63.0,41.0,,,21.0,30544.0,27.0,26490.0,34430.0,1900940.0,Corporate,4,3,2025-12-12,Medium,No,Rm_B
C0938,Customer_938,Male,59,Butwal,Gandaki,Student,+2,Unmarried,Acc100939,Savings,2024-12-14,Kathmandu Branch,165706.0,522,Active,1222021.0,Personal,13.87,43200.0,1899172.0,91697.0,90172.0,89.0,76.0,,,134.0,46682.0,20.0,99530.0,47162.0,68314.0,Corporate,5,3,2026-05-20,Medium,Yes,Rm_D
C0929,Customer_929,Male,45,Lalitpur,Koshi,Banker,Master,Married,Acc100930,Savings,2025-09-22,Bhaktapur Branch,139747.0,680,,0.0,Education,9.34,44963.0,814504.0,56009.0,28735.0,98.0,52.0,,,97.0,878.0,4.0,660235.0,42133.0,507343.0,Corporate,3,2,2025-09-07,Medium,No,Rm_A
C0558,Customer_558,Male,54,Chitwan,Lumbini,Doctor,+2,Married,Acc100559,Savings,2025-01-31,Pokhara Branch,205105.0,783,Closed,1708651.0,Business,14.43,32763.0,1119619.0,148443.0,6388.0,94.0,24.0,,,82.0,7503.0,25.0,834104.0,20175.0,548305.0,Corporate,5,2,2026-03-04,Low,Yes,Rm_A
C0637,Customer_637,Male,49,Biratnagar,Koshi,Analyst,Bachelor,Married,Acc100638,Savings,2022-08-05,Biratnagar Branch,39811.0,690,,0.0,Personal,12.11,48613.0,907050.0,85567.0,29711.0,13.0,37.0,,,42.0,4445.0,28.0,656571.0,8365.0,1483702.0,Corporate,1,8,2026-02-09,High,No,Rm_D
C0834,Customer_834,Male,43,Bhaktapur,Bagmati,Doctor,+2,Unmarried,Acc100835,Current,2021-03-29,Kathmandu Branch,236135.0,841,,0.0,Home,9.19,43322.0,1604988.0,17138.0,37319.0,92.0,95.0,,,182.0,17682.0,18.0,188685.0,47206.0,1342562.0,Corporate,3,4,2026-04-02,Medium,No,Rm_B
C0372,Customer_372,Male,20,Chitwan,Gandaki,Analyst,Bachelor,Unmarried,Acc100373,Current,2022-05-14,Butwal Branch,133994.0,826,Closed,121779.0,Personal,6.66,41579.0,1784328.0,131471.0,42579.0,14.0,87.0,,,170.0,29432.0,30.0,725634.0,13085.0,659395.0,Corporate,1,4,2025-11-21,Medium,Yes,Rm_B
C0835,Customer_835,Female,41,Bhaktapur,Gandaki,Doctor,Bachelor,Unmarried,Acc100836,Current,2025-06-20,Bhaktapur Branch,38124.0,672,Closed,74260.0,Business,10.34,46634.0,716959.0,13104.0,70150.0,53.0,84.0,,,18.0,12782.0,6.0,787226.0,26135.0,711314.0,Corporate,5,7,2025-11-07,Medium,No,Rm_A
C0583,Customer_583,Male,59,Kathmandu,Koshi,Doctor,Master,Married,Acc100584,Current,2021-12-17,Chitwan Branch,56772.0,520,Closed,2283032.0,Education,6.4,24035.0,1506539.0,56160.0,89224.0,39.0,96.0,,,123.0,33471.0,13.0,693379.0,33152.0,926813.0,Retail,5,3,2026-01-12,Medium,No,Rm_C
C0334,Customer_334,Male,59,Kathmandu,Gandaki,Banker,Master,Unmarried,Acc100335,Fixed Deposit,2025-04-22,Chitwan Branch,173355.0,625,,0.0,Vehicle,14.57,11995.0,687693.0,118719.0,102761.0,45.0,67.0,,,96.0,38310.0,0.0,348705.0,48694.0,145065.0,Retail,3,8,2025-07-28,High,Yes,Rm_A
C0946,Customer_946,Male,44,Bhaktapur,Gandaki,Engineer,Master,Married,Acc100947,Current,2021-07-25,Kathmandu Branch,126080.0,647,Active,2998966.0,Education,7.28,44416.0,640835.0,103620.0,2056.0,14.0,40.0,,,52.0,13037.0,29.0,124427.0,8710.0,1649111.0,Retail,3,6,2026-02-17,Low,Yes,Rm_C
C0320,Customer_320,Female,47,Bhaktapur,Koshi,Doctor,+2,Married,Acc100321,Fixed Deposit,2022-11-15,Butwal Branch,103944.0,792,,0.0,Education,11.96,38767.0,217578.0,34790.0,54263.0,26.0,92.0,,,129.0,31105.0,18.0,996816.0,44128.0,570852.0,Vip,1,8,2025-10-12,Medium,No,Rm_D
C0458,Customer_458,Female,47,Biratnagar,Bagmati,Student,Master,Married,Acc100459,Current,2026-03-05,Lalitpur Branch,77083.0,817,,0.0,Home,7.96,22992.0,1742003.0,52845.0,91551.0,91.0,12.0,,,148.0,12545.0,15.0,922914.0,35413.0,685502.0,Retail,5,8,2026-01-17,Low,Yes,Rm_D
C0089,Customer_89,Male,33,Lalitpur,Lumbini,Unemployed/Other,+2,Unmarried,Acc100090,Current,2021-12-30,Chitwan Branch,129191.0,645,Closed,497182.0,Home,12.0,25541.0,1608120.0,58015.0,692.0,2.0,100.0,,,118.0,2376.0,29.0,609452.0,39690.0,1086760.0,Vip,2,6,2025-09-25,High,No,Rm_D
C0880,Customer_880,Female,34,Lalitpur,Bagmati,Banker,+2,Unmarried,Acc100881,Savings,2022-10-20,Lalitpur Branch,147685.0,574,,0.0,Personal,12.73,30967.0,1613668.0,30242.0,93833.0,37.0,39.0,,,84.0,18158.0,1.0,584978.0,32889.0,1441276.0,Retail,4,6,2025-12-09,High,No,Rm_B
C0351,Customer_351,Male,28,Butwal,Koshi,Doctor,Phd,Unmarried,Acc100352,Fixed Deposit,2020-04-30,Kathmandu Branch,39510.0,769,Active,608104.0,Personal,7.41,40060.0,1411518.0,81195.0,89453.0,52.0,38.0,,,36.0,29089.0,2.0,335190.0,6562.0,485787.0,Vip,2,5,2025-12-19,Low,No,Rm_D
C0219,Customer_219,Female,25,Chitwan,Koshi,Unemployed/Other,Bachelor,Unmarried,Acc100220,Current,2023-01-13,Bhaktapur Branch,195812.0,622,,0.0,Personal,13.26,13956.0,349620.0,84678.0,96684.0,35.0,38.0,,,136.0,6137.0,26.0,518239.0,8742.0,1270950.0,Retail,5,8,2025-11-05,Low,Yes,Rm_D
C0414,Customer_414,Male,36,Butwal,Lumbini,Banker,Bachelor,Unmarried,Acc100415,Savings,2021-07-07,Kathmandu Branch,246081.0,559,Closed,158104.0,Vehicle,7.19,29579.0,295047.0,74182.0,119756.0,98.0,90.0,,,130.0,37202.0,27.0,731805.0,26916.0,1956047.0,Vip,2,2,2026-05-08,Low,No,Rm_D
C0278,Customer_278,Male,36,Pokhara,Koshi,Engineer,Phd,Married,Acc100279,Fixed Deposit,2021-01-19,Bhaktapur Branch,229951.0,556,Closed,2466755.0,Vehicle,12.62,31294.0,1694170.0,73118.0,45070.0,26.0,40.0,,,160.0,7898.0,5.0,708868.0,8916.0,252630.0,Corporate,5,1,2026-02-16,Medium,No,Rm_A
C0960,Customer_960,Female,46,Butwal,Gandaki,Student,Unspecified,Unmarried,Acc100961,Fixed Deposit,2020-01-17,Kathmandu Branch,182406.0,488,,0.0,Home,9.38,36831.0,486865.0,14379.0,23967.0,67.0,95.0,,,118.0,4382.0,25.0,359571.0,5903.0,699028.0,Corporate,1,10,2025-06-26,High,No,Rm_D
C0926,Customer_926,Male,24,Pokhara,Lumbini,Engineer,Master,Married,Acc100927,Savings,2022-09-21,Bhaktapur Branch,191687.0,843,,0.0,Home,11.45,27033.0,704672.0,117633.0,90161.0,30.0,46.0,,,120.0,40527.0,21.0,581447.0,22520.0,1478816.0,Vip,1,10,2026-05-24,Medium,Yes,Rm_C
C0214,Customer_214,Female,46,Pokhara,Bagmati,Teacher,Phd,Unmarried,Acc100215,Savings,2026-03-14,Bhaktapur Branch,90794.0,780,,0.0,Education,9.79,46753.0,1702206.0,110302.0,75674.0,66.0,18.0,,,45.0,28135.0,15.0,488240.0,21202.0,622822.0,Corporate,2,10,2026-03-10,Medium,Yes,Rm_D
C0097,Customer_97,Male,62,Kathmandu,Bagmati,Engineer,Phd,Unmarried,Acc100098,Fixed Deposit,2024-12-17,Biratnagar Branch,130449.0,781,Active,2055219.0,Education,8.04,39164.0,85672.0,102472.0,7262.0,23.0,79.0,,,123.0,5040.0,26.0,963065.0,25431.0,1528230.0,Corporate,3,1,2025-11-18,High,No,Rm_C
C0079,Customer_79,Male,42,Biratnagar,Gandaki,Analyst,Phd,Unmarried,Acc100080,Fixed Deposit,2022-02-11,Chitwan Branch,34755.0,622,Closed,506321.0,Business,6.95,31526.0,1024385.0,54565.0,12973.0,3.0,17.0,,,194.0,32928.0,18.0,782403.0,40590.0,380313.0,Retail,4,0,2025-06-23,High,Yes,Rm_D
C0704,Customer_704,Male,39,Kathmandu,Gandaki,Engineer,+2,Unmarried,Acc100705,Savings,2024-09-03,Chitwan Branch,140904.0,770,Closed,2050693.0,Personal,14.73,24119.0,48121.0,126821.0,88767.0,63.0,9.0,,,28.0,1588.0,2.0,340341.0,28897.0,1881106.0,Retail,5,10,2025-11-10,Low,No,Rm_C
C0137,Customer_137,Male,22,Kathmandu,Bagmati,Engineer,+2,Unmarried,Acc100138,Savings,2021-11-07,Biratnagar Branch,151926.0,648,,0.0,Vehicle,15.12,11270.0,1465998.0,111064.0,104769.0,12.0,30.0,,,47.0,42771.0,22.0,151385.0,40374.0,402036.0,Vip,5,8,2025-11-25,High,Yes,Rm_D
C0209,Customer_209,Female,49,Bhaktapur,Bagmati,Business,Master,Unmarried,Acc100210,Current,2024-12-17,Lalitpur Branch,218976.0,783,,0.0,Vehicle,9.38,5926.0,1378068.0,116033.0,5028.0,82.0,76.0,,,177.0,4333.0,5.0,305709.0,42031.0,1045603.0,Retail,4,8,2026-05-24,Medium,No,Rm_B
C0523,Customer_523,Female,60,Kathmandu,Lumbini,Unemployed/Other,+2,Married,Acc100524,Savings,2022-04-13,Biratnagar Branch,146116.0,577,Closed,1477191.0,Education,13.03,48928.0,39455.0,31722.0,93716.0,22.0,5.0,,,75.0,26114.0,3.0,626800.0,48456.0,1914508.0,Vip,5,5,2025-07-14,High,Yes,Rm_C
C0838,Customer_838,Male,53,Butwal,Bagmati,Business,Master,Married,Acc100839,Savings,2025-04-27,Lalitpur Branch,49856.0,491,,0.0,Business,13.8,39224.0,898845.0,10675.0,114866.0,50.0,38.0,,,138.0,24609.0,24.0,259980.0,47901.0,146176.0,Retail,5,6,2026-04-25,Medium,Yes,Rm_B
C0733,Customer_733,Female,64,Bhaktapur,Lumbini,Banker,Phd,Married,Acc100734,Current,2025-02-01,Kathmandu Branch,187480.0,695,Closed,532599.0,Home,9.27,17209.0,908217.0,13393.0,51381.0,80.0,50.0,,,161.0,42520.0,0.0,790477.0,30613.0,1403309.0,Corporate,3,2,2026-01-22,Medium,Yes,Rm_A
C0569,Customer_569,Female,59,Butwal,Lumbini,Teacher,Bachelor,Unmarried,Acc100570,Savings,2025-05-11,Kathmandu Branch,229448.0,463,,0.0,Home,9.88,7447.0,830524.0,54562.0,109768.0,95.0,65.0,,,121.0,36190.0,16.0,568373.0,30880.0,1238892.0,Corporate,1,4,2026-03-05,Low,No,Rm_A
C0261,Customer_261,Female,23,Butwal,Koshi,Doctor,Unspecified,Married,Acc100262,Fixed Deposit,2021-05-29,Chitwan Branch,238913.0,734,Active,1838620.0,Education,7.92,46023.0,720949.0,64987.0,42038.0,27.0,52.0,,,162.0,41018.0,5.0,631059.0,38246.0,1816671.0,Retail,1,10,2026-02-22,Low,No,Rm_A
C0468,Customer_468,Female,58,Pokhara,Lumbini,Banker,+2,Unmarried,Acc100469,Current,2020-09-26,Butwal Branch,205677.0,533,,0.0,Vehicle,6.87,22321.0,815530.0,97768.0,31839.0,53.0,18.0,,,66.0,42757.0,29.0,780993.0,3918.0,683677.0,Retail,3,6,2026-05-29,Low,No,Rm_B
C0040,Customer_40,Female,21,Pokhara,Gandaki,Unemployed/Other,+2,Married,Acc100041,Savings,2020-04-25,Pokhara Branch,112253.0,743,Active,418147.0,Home,10.73,36850.0,1887900.0,139283.0,114345.0,89.0,81.0,,,101.0,40943.0,8.0,321987.0,49405.0,1571208.0,Vip,1,4,2026-05-02,Low,Yes,Rm_D
C0031,Customer_31,Male,64,Butwal,Lumbini,Banker,+2,Married,Acc100032,Savings,2024-11-21,Lalitpur Branch,149055.0,536,Closed,2851381.0,Business,14.45,9277.0,1228048.0,50026.0,44012.0,82.0,32.0,,,185.0,4560.0,3.0,44875.0,38688.0,1466565.0,Vip,5,5,2026-05-17,Low,Yes,Rm_C
C0698,Customer_698,Male,22,Lalitpur,Koshi,Doctor,Phd,Married,Acc100699,Fixed Deposit,2020-09-01,Pokhara Branch,238566.0,653,Active,2617946.0,Vehicle,12.54,32974.0,721981.0,73601.0,47230.0,21.0,97.0,,,127.0,5459.0,16.0,746741.0,35277.0,379673.0,Corporate,3,9,2026-01-06,Low,Yes,Rm_B
C0452,Customer_452,Female,54,Lalitpur,Gandaki,Unemployed/Other,Bachelor,Married,Acc100453,Fixed Deposit,2020-05-28,Kathmandu Branch,174583.0,516,Closed,2407800.0,Vehicle,9.49,33637.0,678812.0,109349.0,35581.0,43.0,35.0,,,157.0,18166.0,19.0,215302.0,29148.0,1061222.0,Vip,4,6,2025-06-18,Low,Yes,Rm_B
C0055,Customer_55,Male,65,Bhaktapur,Koshi,Analyst,+2,Married,Acc100056,Fixed Deposit,2026-01-24,Lalitpur Branch,181543.0,765,Closed,2650317.0,Business,12.89,32432.0,343431.0,36626.0,65292.0,56.0,4.0,,,117.0,27096.0,2.0,231584.0,7959.0,799026.0,Retail,2,6,2026-02-19,Medium,Yes,Rm_A
C0024,Customer_24,Female,34,Chitwan,Bagmati,Business,Phd,Married,Acc100025,Fixed Deposit,2021-12-21,Lalitpur Branch,242688.0,607,Active,2870729.0,Personal,12.15,47171.0,928719.0,27068.0,22492.0,81.0,5.0,,,18.0,15672.0,19.0,907429.0,1108.0,1231038.0,Vip,3,10,2025-07-05,Medium,No,Rm_C
C0514,Customer_514,Female,43,Chitwan,Gandaki,Analyst,+2,Married,Acc100515,Fixed Deposit,2021-04-17,Kathmandu Branch,194366.0,461,Active,95585.0,Business,11.99,18741.0,808170.0,73651.0,97705.0,38.0,72.0,,,153.0,36776.0,4.0,116407.0,33266.0,1604409.0,Retail,2,9,2026-03-07,Low,No,Rm_A
C0114,Customer_114,Male,29,Kathmandu,Gandaki,Analyst,Phd,Married,Acc100115,Fixed Deposit,2022-05-17,Pokhara Branch,94559.0,529,,0.0,Personal,9.27,6047.0,1650419.0,59733.0,35486.0,29.0,97.0,,,68.0,9114.0,22.0,586955.0,46241.0,778845.0,Corporate,1,6,2026-01-13,Low,No,Rm_A
C0110,Customer_110,Male,38,Kathmandu,Lumbini,Business,Phd,Married,Acc100111,Fixed Deposit,2022-05-17,Chitwan Branch,94196.0,536,Closed,1303536.0,Home,7.34,42223.0,1185592.0,65670.0,81359.0,66.0,54.0,,,144.0,39938.0,18.0,543236.0,17348.0,145126.0,Corporate,5,1,2026-02-07,Medium,Yes,Rm_C
C0507,Customer_507,Female,45,Butwal,Lumbini,Student,Master,Unmarried,Acc100508,Savings,2020-01-04,Chitwan Branch,114733.0,837,Closed,1497898.0,Home,6.17,7505.0,967103.0,100245.0,10620.0,39.0,87.0,,,115.0,21456.0,12.0,430293.0,24325.0,343625.0,Vip,3,5,2025-12-12,Medium,No,Rm_B
C0967,Customer_967,Male,29,Kathmandu,Gandaki,Doctor,Master,Unmarried,Acc100968,Current,2025-12-20,Bhaktapur Branch,76700.0,518,Closed,2673746.0,Education,8.73,36370.0,348066.0,144733.0,94158.0,27.0,3.0,,,20.0,21366.0,2.0,768362.0,2800.0,1425776.0,Vip,5,4,2026-02-22,Medium,No,Rm_B
C0950,Customer_950,Male,59,Chitwan,Koshi,Engineer,Phd,Unmarried,Acc100951,Current,2023-04-27,Biratnagar Branch,198839.0,632,,0.0,Home,6.24,30426.0,1106254.0,45141.0,82433.0,15.0,59.0,,,123.0,42141.0,6.0,415690.0,15762.0,421987.0,Retail,1,5,2025-11-09,High,No,Rm_D
C0004,Customer_4,Female,22,Chitwan,Gandaki,Doctor,Bachelor,Unmarried,Acc100005,Current,2023-04-27,Lalitpur Branch,79470.0,632,Closed,1978505.0,Personal,8.85,25827.0,1625226.0,142412.0,61372.0,58.0,22.0,,,137.0,18701.0,16.0,918753.0,19080.0,705472.0,Vip,5,2,2025-09-07,Low,No,Rm_B
C0276,Customer_276,Male,62,Lalitpur,Bagmati,Unemployed/Other,+2,Unmarried,Acc100277,Savings,2025-12-14,Kathmandu Branch,35355.0,699,,0.0,Home,6.82,31376.0,820279.0,147161.0,17861.0,21.0,18.0,,,38.0,8129.0,4.0,688298.0,34199.0,1907638.0,Retail,4,3,2025-06-26,Medium,Yes,Rm_D
C0657,Customer_657,Male,35,Pokhara,Bagmati,Business,+2,Unmarried,Acc100658,Current,2021-11-30,Bhaktapur Branch,112953.0,743,Active,1814520.0,Education,8.7,44813.0,1352579.0,4734.0,3945.0,90.0,32.0,,,104.0,24505.0,11.0,377548.0,46335.0,1853141.0,Vip,5,9,2025-10-09,Low,Yes,Rm_D
C0785,Customer_785,Male,43,Biratnagar,Gandaki,Analyst,Bachelor,Married,Acc100786,Fixed Deposit,2024-05-20,Chitwan Branch,152664.0,544,Closed,2839072.0,Personal,15.44,39656.0,1159435.0,20143.0,18947.0,0.0,60.0,,,189.0,29502.0,25.0,468641.0,44681.0,1608911.0,Vip,3,6,2025-10-23,Medium,No,Rm_A
C0855,Customer_855,Male,50,Kathmandu,Bagmati,Engineer,Phd,Married,Acc100856,Fixed Deposit,2023-12-19,Kathmandu Branch,187697.0,696,Active,947069.0,Education,8.85,32143.0,1037189.0,34732.0,113427.0,93.0,45.0,,,153.0,14724.0,15.0,579606.0,29253.0,1546476.0,Corporate,3,4,2026-04-15,Medium,No,Rm_A
C0760,Customer_760,Female,31,Bhaktapur,Koshi,Analyst,Phd,Unmarried,Acc100761,Fixed Deposit,2024-03-10,Pokhara Branch,210154.0,684,,0.0,Home,14.91,47843.0,1407462.0,93312.0,79740.0,2.0,70.0,,,161.0,37368.0,8.0,586118.0,13275.0,1204322.0,Vip,5,8,2026-02-10,High,Yes,Rm_D
C0797,Customer_797,Female,20,Chitwan,Koshi,Engineer,Bachelor,Married,Acc100798,Fixed Deposit,2024-03-10,Biratnagar Branch,248003.0,650,Closed,2291502.0,Home,9.72,13306.0,1740911.0,106905.0,119704.0,0.0,67.0,,,27.0,39734.0,30.0,927225.0,27145.0,873015.0,Corporate,5,7,2025-08-06,Low,No,Rm_B
C0903,Customer_903,Female,48,Butwal,Bagmati,Business,Master,Unmarried,Acc100904,Savings,2019-08-18,Biratnagar Branch,68227.0,831,Active,81816.0,Personal,7.82,35676.0,1246933.0,79651.0,108094.0,96.0,4.0,,,52.0,8181.0,27.0,155427.0,11735.0,1287962.0,Corporate,3,5,2026-02-19,Low,No,Rm_A
C0395,Customer_395,Male,20,Bhaktapur,Bagmati,Doctor,Bachelor,Married,Acc100396,Current,2025-01-27,Lalitpur Branch,208632.0,646,,0.0,Personal,10.67,41817.0,1431666.0,103356.0,89196.0,88.0,28.0,,,126.0,33284.0,26.0,944359.0,30216.0,1393372.0,Vip,2,5,2026-02-09,High,Yes,Rm_C
C0487,Customer_487,Male,54,Bhaktapur,Gandaki,Analyst,Phd,Married,Acc100488,Savings,2025-11-22,Chitwan Branch,35995.0,543,,0.0,Personal,9.13,48546.0,557832.0,19744.0,89996.0,81.0,52.0,,,168.0,21500.0,22.0,387659.0,19422.0,183190.0,Vip,3,7,2025-12-26,Low,No,Rm_B
C0615,Customer_615,Male,20,Kathmandu,Bagmati,Teacher,Master,Married,Acc100616,Fixed Deposit,2020-02-27,Butwal Branch,126424.0,763,Active,622411.0,Business,8.42,34693.0,1255886.0,16236.0,54793.0,88.0,90.0,,,48.0,21686.0,11.0,76764.0,22375.0,1220021.0,Corporate,2,6,2025-12-28,High,Yes,Rm_D
C0878,Customer_878,Female,59,Lalitpur,Bagmati,Teacher,+2,Married,Acc100879,Current,2025-04-11,Butwal Branch,235846.0,698,,0.0,Personal,14.72,43345.0,1829020.0,12442.0,70281.0,80.0,80.0,,,187.0,10759.0,2.0,93753.0,19262.0,475522.0,Retail,1,8,2025-09-12,Low,Yes,Rm_D
C0175,Customer_175,Female,48,Pokhara,Gandaki,Banker,Master,Married,Acc100176,Current,2023-03-21,Lalitpur Branch,77786.0,470,Active,911842.0,Education,7.88,38529.0,700859.0,64998.0,25817.0,8.0,87.0,,,149.0,40193.0,12.0,922666.0,27425.0,1259947.0,Corporate,4,2,2026-06-11,High,No,Rm_D
C0918,Customer_918,Female,58,Kathmandu,Gandaki,Student,Unspecified,Unmarried,Acc100919,Current,2026-05-13,Bhaktapur Branch,54571.0,591,,0.0,Personal,13.82,9206.0,520373.0,39415.0,4816.0,76.0,52.0,,,125.0,44513.0,9.0,293191.0,2545.0,1520241.0,Retail,1,2,2025-06-18,High,Yes,Rm_D
C0059,Customer_59,Male,24,Kathmandu,Bagmati,Student,+2,Unmarried,Acc100060,Savings,2023-02-01,Biratnagar Branch,61081.0,680,Closed,869435.0,Home,10.69,33253.0,553725.0,117016.0,69411.0,12.0,85.0,,,169.0,5929.0,16.0,291391.0,11614.0,490346.0,Corporate,5,0,2026-01-10,High,Yes,Rm_B
C0266,Customer_266,Female,45,Chitwan,Gandaki,Business,Unspecified,Unmarried,Acc100267,Fixed Deposit,2023-06-03,Pokhara Branch,107025.0,654,Closed,91338.0,Personal,14.36,9649.0,906423.0,112403.0,95774.0,86.0,42.0,,,155.0,30672.0,19.0,299657.0,30622.0,340257.0,Vip,1,2,2025-08-05,Low,No,Rm_A
C0064,Customer_64,Male,65,Butwal,Lumbini,Unemployed/Other,Phd,Unmarried,Acc100065,Savings,2021-12-11,Kathmandu Branch,243194.0,609,Active,2491416.0,Vehicle,14.55,44465.0,553186.0,117877.0,20286.0,31.0,90.0,,,36.0,10528.0,4.0,129451.0,22873.0,1279631.0,Vip,5,9,2025-10-05,High,No,Rm_B
C0790,Customer_790,Female,33,Butwal,Lumbini,Student,Phd,Unmarried,Acc100791,Current,2021-12-11,Chitwan Branch,88597.0,509,,0.0,Personal,8.92,33412.0,1458899.0,100883.0,67879.0,47.0,98.0,,,95.0,26920.0,18.0,855609.0,2605.0,1467441.0,Corporate,1,4,2026-06-12,High,Yes,Rm_B
C0262,Customer_262,Male,56,Kathmandu,Koshi,Analyst,Bachelor,Unmarried,Acc100263,Savings,2025-11-05,Biratnagar Branch,135899.0,671,Closed,989361.0,Home,15.73,22348.0,318003.0,106398.0,31782.0,22.0,77.0,,,199.0,3489.0,0.0,852106.0,2067.0,1579549.0,Corporate,5,4,2026-05-12,Medium,No,Rm_D
C0101,Customer_101,Male,63,Butwal,Gandaki,Engineer,Phd,Unmarried,Acc100102,Savings,2022-12-17,Lalitpur Branch,30799.0,718,Closed,1594981.0,Education,10.26,14111.0,905857.0,148882.0,104805.0,73.0,37.0,,,140.0,35212.0,22.0,542440.0,11428.0,1013489.0,Corporate,5,1,2025-10-20,Low,Yes,Rm_D
C0925,Customer_925,Male,37,Butwal,Koshi,Analyst,Master,Married,Acc100926,Current,2022-08-10,Biratnagar Branch,214840.0,563,Active,186917.0,Vehicle,12.9,6210.0,1662884.0,135893.0,55686.0,84.0,16.0,,,131.0,39491.0,4.0,899460.0,45307.0,675266.0,Retail,2,9,2026-06-07,High,Yes,Rm_B
C0300,Customer_300,Male,54,Chitwan,Lumbini,Doctor,Master,Unmarried,Acc100301,Current,2024-06-07,Pokhara Branch,196605.0,453,Active,1678638.0,Personal,14.37,13884.0,702429.0,145016.0,4523.0,50.0,88.0,,,154.0,45488.0,9.0,663633.0,14682.0,1145168.0,Corporate,1,7,2025-11-07,Medium,No,Rm_B
C0616,Customer_616,Male,61,Bhaktapur,Gandaki,Analyst,Bachelor,Married,Acc100617,Savings,2024-04-07,Kathmandu Branch,197443.0,457,,0.0,Education,11.02,42414.0,1959407.0,65892.0,42666.0,64.0,57.0,,,126.0,47492.0,2.0,269852.0,48913.0,1631810.0,Vip,5,9,2025-09-19,Low,Yes,Rm_A
C0179,Customer_179,Female,56,Pokhara,Lumbini,Student,Bachelor,Unmarried,Acc100180,Current,2022-03-27,Lalitpur Branch,240869.0,773,Active,218316.0,Home,14.65,37441.0,717083.0,46653.0,763.0,49.0,35.0,,,72.0,16820.0,14.0,59317.0,4454.0,1749565.0,Retail,5,0,2026-04-20,Medium,Yes,Rm_B
C0934,Customer_934,Female,37,Bhaktapur,Gandaki,Student,Phd,Married,Acc100935,Fixed Deposit,2023-12-26,Butwal Branch,144979.0,533,,0.0,Education,7.76,34495.0,939736.0,15866.0,112749.0,59.0,72.0,,,116.0,26850.0,4.0,378553.0,33143.0,975317.0,Corporate,2,0,2025-09-30,Low,Yes,Rm_D
C0779,Customer_779,Female,25,Kathmandu,Lumbini,Student,Phd,Unmarried,Acc100780,Current,2023-12-11,Pokhara Branch,103511.0,690,Closed,1401518.0,Home,12.56,41639.0,793832.0,104432.0,39738.0,39.0,80.0,,,178.0,23314.0,9.0,555854.0,48088.0,719990.0,Retail,5,7,2025-12-17,Low,No,Rm_A
C0140,Customer_140,Male,62,Pokhara,Lumbini,Banker,+2,Married,Acc100141,Fixed Deposit,2021-04-03,Biratnagar Branch,125971.0,769,Active,2540677.0,Home,6.43,17212.0,828022.0,7700.0,11440.0,59.0,49.0,,,161.0,20861.0,0.0,558415.0,43075.0,669823.0,Retail,4,6,2025-11-28,High,No,Rm_C
C0804,Customer_804,Female,20,Lalitpur,Bagmati,Teacher,+2,Married,Acc100805,Fixed Deposit,2021-07-18,Biratnagar Branch,27657.0,451,Closed,2170838.0,Education,7.09,22873.0,613377.0,101387.0,6916.0,44.0,4.0,,,46.0,10831.0,14.0,673260.0,21916.0,1571234.0,Corporate,1,1,2025-09-24,High,Yes,Rm_D
C0169,Customer_169,Female,25,Chitwan,Koshi,Business,Unspecified,Married,Acc100170,Current,2024-09-16,Butwal Branch,134756.0,589,Closed,1720801.0,Home,8.85,17204.0,550785.0,130480.0,90377.0,68.0,9.0,,,5.0,2597.0,3.0,745691.0,44630.0,1284718.0,Vip,3,3,2026-03-03,Medium,Yes,Rm_D
C0067,Customer_67,Female,63,Lalitpur,Bagmati,Unemployed/Other,Phd,Unmarried,Acc100068,Fixed Deposit,2025-06-16,Chitwan Branch,30344.0,460,Closed,1469327.0,Home,6.23,30618.0,1955175.0,147656.0,9037.0,49.0,8.0,,,3.0,40611.0,20.0,85454.0,43445.0,211897.0,Vip,2,0,2025-10-01,Medium,No,Rm_A
C0257,Customer_257,Female,21,Butwal,Gandaki,Unemployed/Other,Phd,Unmarried,Acc100258,Savings,2020-10-22,Butwal Branch,241347.0,733,Active,2225904.0,Home,13.03,3919.0,1281149.0,61898.0,64506.0,5.0,7.0,,,81.0,23330.0,30.0,484589.0,34868.0,1224282.0,Vip,5,8,2026-03-06,High,Yes,Rm_B
C0068,Customer_68,Female,20,Lalitpur,Bagmati,Unemployed/Other,Master,Unmarried,Acc100069,Current,2025-11-18,Biratnagar Branch,25073.0,583,Active,2943494.0,Vehicle,12.72,6548.0,653730.0,28871.0,93456.0,47.0,29.0,,,175.0,20956.0,8.0,722993.0,1122.0,812830.0,Vip,2,5,2025-08-06,Low,Yes,Rm_D
C0013,Customer_13,Female,34,Chitwan,Bagmati,Analyst,+2,Unmarried,Acc100014,Savings,2022-07-01,Bhaktapur Branch,70745.0,718,Active,1289387.0,Education,8.29,17870.0,1109310.0,1795.0,31198.0,27.0,80.0,,,1.0,9707.0,18.0,480497.0,20943.0,994588.0,Corporate,2,3,2026-05-04,High,Yes,Rm_A
C0532,Customer_532,Male,27,Biratnagar,Bagmati,Banker,Master,Married,Acc100533,Current,2021-03-17,Pokhara Branch,224703.0,522,Closed,1026199.0,Education,11.97,23312.0,828078.0,101069.0,74835.0,87.0,92.0,,,111.0,16399.0,8.0,931233.0,12230.0,1162185.0,Retail,4,7,2025-12-15,High,Yes,Rm_D
C0985,Customer_985,Male,46,Lalitpur,Bagmati,Student,Phd,Unmarried,Acc100986,Fixed Deposit,2022-11-01,Butwal Branch,68665.0,567,Closed,70599.0,Vehicle,13.13,18739.0,1374755.0,34372.0,21025.0,6.0,51.0,,,57.0,45807.0,4.0,550956.0,13132.0,458262.0,Vip,5,5,2026-02-11,Low,No,Rm_B
C0867,Customer_867,Female,36,Kathmandu,Lumbini,Student,Master,Married,Acc100868,Savings,2022-09-15,Butwal Branch,170782.0,548,Active,515542.0,Personal,13.3,14106.0,159401.0,126138.0,5473.0,83.0,3.0,,,124.0,43617.0,23.0,722467.0,14928.0,1590576.0,Corporate,3,0,2025-12-09,Low,Yes,Rm_C
C0577,Customer_577,Female,28,Butwal,Bagmati,Engineer,Bachelor,Married,Acc100578,Fixed Deposit,2019-08-20,Butwal Branch,99270.0,759,Active,157955.0,Personal,9.53,47855.0,1676462.0,131062.0,99281.0,60.0,7.0,,,94.0,41537.0,16.0,583972.0,29672.0,1106879.0,Vip,1,0,2025-08-27,Medium,Yes,Rm_C
C0335,Customer_335,Male,45,Bhaktapur,Gandaki,Teacher,Phd,Unmarried,Acc100336,Current,2024-01-19,Chitwan Branch,31470.0,468,,0.0,Vehicle,14.32,37349.0,1857814.0,111088.0,87636.0,85.0,22.0,,,176.0,41260.0,22.0,972916.0,591.0,318421.0,Retail,5,1,2025-10-18,High,Yes,Rm_D
C0287,Customer_287,Female,45,Biratnagar,Lumbini,Banker,Master,Unmarried,Acc100288,Current,2024-01-19,Bhaktapur Branch,145199.0,795,Active,498081.0,Education,14.64,30297.0,1635195.0,93726.0,55268.0,74.0,9.0,,,101.0,15944.0,22.0,949707.0,19869.0,1718131.0,Corporate,3,6,2025-11-23,Medium,No,Rm_A
C0912,Customer_912,Male,26,Bhaktapur,Gandaki,Doctor,Phd,Married,Acc100913,Current,2022-10-25,Chitwan Branch,92873.0,762,,0.0,Vehicle,10.88,41912.0,1511881.0,35774.0,80670.0,6.0,58.0,,,96.0,36359.0,6.0,304957.0,7497.0,734711.0,Vip,1,8,2026-03-25,Low,Yes,Rm_D
C0324,Customer_324,Male,22,Biratnagar,Koshi,Student,+2,Unmarried,Acc100325,Fixed Deposit,2022-10-25,Kathmandu Branch,208817.0,520,Active,1293734.0,Vehicle,15.77,26629.0,646221.0,50520.0,47297.0,95.0,16.0,,,170.0,24821.0,17.0,266441.0,14902.0,1064472.0,Retail,2,5,2025-10-02,Medium,No,Rm_C
C0891,Customer_891,Female,31,Kathmandu,Gandaki,Analyst,Bachelor,Unmarried,Acc100892,Savings,2025-04-19,Butwal Branch,110284.0,530,Active,438574.0,Education,10.35,5400.0,660423.0,107235.0,109024.0,33.0,3.0,,,103.0,7167.0,24.0,111721.0,42492.0,669834.0,Corporate,5,6,2025-09-17,High,Yes,Rm_B
C0537,Customer_537,Male,53,Lalitpur,Gandaki,Teacher,Phd,Married,Acc100538,Current,2024-12-12,Biratnagar Branch,164546.0,770,Active,1423805.0,Home,8.45,21754.0,1955632.0,118881.0,100820.0,57.0,6.0,,,188.0,13952.0,2.0,638228.0,36520.0,1915459.0,Corporate,3,5,2025-06-16,Low,Yes,Rm_D
C0693,Customer_693,Female,65,Pokhara,Koshi,Doctor,+2,Married,Acc100694,Fixed Deposit,2023-12-06,Biratnagar Branch,34635.0,818,,0.0,Home,14.86,46067.0,161615.0,12218.0,19483.0,17.0,54.0,,,135.0,29229.0,4.0,931279.0,28550.0,1834597.0,Corporate,4,8,2026-04-04,Medium,Yes,Rm_C
C0650,Customer_650,Male,42,Pokhara,Koshi,Teacher,Bachelor,Married,Acc100651,Fixed Deposit,2024-10-18,Kathmandu Branch,229383.0,653,Active,224914.0,Personal,13.25,37996.0,1263248.0,21188.0,48015.0,72.0,91.0,,,104.0,40195.0,14.0,387221.0,40151.0,1338794.0,Corporate,2,4,2026-04-27,High,Yes,Rm_A
C0529,Customer_529,Male,56,Pokhara,Bagmati,Analyst,Unspecified,Married,Acc100530,Fixed Deposit,2021-12-05,Kathmandu Branch,119588.0,782,Active,2336644.0,Vehicle,15.83,17203.0,600163.0,89101.0,107152.0,4.0,71.0,,,163.0,5628.0,6.0,3498.0,37365.0,1044302.0,Retail,2,4,2026-03-19,High,Yes,Rm_D
C0586,Customer_586,Male,29,Kathmandu,Bagmati,Business,Phd,Married,Acc100587,Current,2025-05-21,Chitwan Branch,33949.0,708,,0.0,Home,9.85,22176.0,1065992.0,112809.0,23897.0,10.0,4.0,,,89.0,5537.0,22.0,128908.0,30306.0,1649341.0,Corporate,5,9,2025-12-06,Low,No,Rm_C
C0003,Customer_3,Male,53,Biratnagar,Koshi,Doctor,Phd,Married,Acc100004,Current,2021-05-23,Bhaktapur Branch,207540.0,760,Active,973879.0,Business,9.88,28641.0,1880586.0,30104.0,110062.0,71.0,62.0,,,98.0,16963.0,21.0,134148.0,39789.0,433356.0,Retail,4,7,2025-12-13,Low,Yes,Rm_B
C0446,Customer_446,Female,30,Lalitpur,Lumbini,Business,Unspecified,Unmarried,Acc100447,Savings,2022-10-18,Biratnagar Branch,103105.0,529,,0.0,Home,10.54,19525.0,1568458.0,76178.0,64634.0,68.0,66.0,,,42.0,39655.0,13.0,623527.0,45410.0,152842.0,Vip,3,8,2026-04-05,High,Yes,Rm_A
C0238,Customer_238,Female,29,Bhaktapur,Koshi,Student,Unspecified,Married,Acc100239,Current,2023-11-18,Lalitpur Branch,53597.0,490,,0.0,Personal,12.33,40181.0,493876.0,48144.0,83919.0,2.0,9.0,,,5.0,39007.0,12.0,903074.0,6080.0,270463.0,Vip,5,10,2025-11-05,Low,Yes,Rm_A
C0496,Customer_496,Female,42,Chitwan,Bagmati,Student,Phd,Married,Acc100497,Current,2019-12-14,Biratnagar Branch,28872.0,520,Active,2328789.0,Education,10.17,28583.0,1209787.0,16183.0,22194.0,30.0,34.0,,,162.0,39899.0,22.0,282538.0,36135.0,230173.0,Corporate,3,7,2025-12-13,High,No,Rm_B
C0782,Customer_782,Male,41,Chitwan,Bagmati,Business,+2,Married,Acc100783,Fixed Deposit,2020-01-05,Biratnagar Branch,162035.0,709,Active,1374120.0,Education,14.28,19220.0,1215339.0,33337.0,91153.0,43.0,1.0,,,94.0,12142.0,20.0,371238.0,39172.0,1557155.0,Retail,5,2,2025-07-30,Medium,No,Rm_B
C0328,Customer_328,Male,37,Butwal,Koshi,Unemployed/Other,+2,Married,Acc100329,Current,2021-07-06,Chitwan Branch,49052.0,450,Active,763747.0,Personal,14.21,29191.0,749976.0,67278.0,54637.0,97.0,98.0,,,121.0,32255.0,17.0,119645.0,24296.0,1450703.0,Corporate,5,10,2025-06-27,Low,Yes,Rm_B
C0548,Customer_548,Female,24,Biratnagar,Gandaki,Business,Master,Unmarried,Acc100549,Fixed Deposit,2024-03-01,Butwal Branch,248486.0,730,Closed,2494896.0,Vehicle,13.2,26367.0,704458.0,118714.0,23393.0,11.0,92.0,,,119.0,27623.0,25.0,915216.0,37892.0,1667427.0,Corporate,3,2,2025-08-22,Medium,Yes,Rm_A
C0859,Customer_859,Female,56,Lalitpur,Koshi,Teacher,Bachelor,Married,Acc100860,Fixed Deposit,2025-04-07,Butwal Branch,52564.0,701,Closed,682452.0,Education,12.97,35298.0,1674388.0,37882.0,74367.0,10.0,86.0,,,1.0,41228.0,14.0,562404.0,38677.0,1290364.0,Vip,4,8,2026-05-05,Medium,No,Rm_B
C0530,Customer_530,Female,51,Lalitpur,Lumbini,Doctor,Unspecified,Unmarried,Acc100531,Fixed Deposit,2021-06-23,Pokhara Branch,100017.0,653,Active,524021.0,Business,9.76,23821.0,1671785.0,35222.0,45433.0,42.0,84.0,,,90.0,48690.0,12.0,241306.0,49521.0,714147.0,Retail,1,3,2026-06-06,High,Yes,Rm_D
C0347,Customer_347,Male,41,Lalitpur,Koshi,Student,Phd,Married,Acc100348,Current,2019-12-20,Kathmandu Branch,166923.0,641,Active,2375828.0,Vehicle,7.3,31607.0,1565365.0,41503.0,80126.0,11.0,25.0,,,98.0,43687.0,26.0,849132.0,31969.0,1461306.0,Corporate,2,8,2025-08-14,High,Yes,Rm_B
C0884,Customer_884,Male,54,Pokhara,Lumbini,Doctor,Phd,Unmarried,Acc100885,Savings,2023-08-22,Butwal Branch,94704.0,641,Closed,2714346.0,Business,15.38,8128.0,1882839.0,104478.0,30391.0,74.0,16.0,,,132.0,13053.0,27.0,606803.0,27844.0,1336873.0,Retail,5,0,2025-12-12,Low,Yes,Rm_D
C0584,Customer_584,Male,29,Kathmandu,Gandaki,Student,Unspecified,Unmarried,Acc100585,Fixed Deposit,2022-04-29,Bhaktapur Branch,161783.0,752,Closed,2436497.0,Business,8.03,21484.0,177828.0,72955.0,21726.0,84.0,73.0,,,168.0,38480.0,10.0,145591.0,49747.0,904622.0,Vip,3,1,2026-01-07,High,Yes,Rm_A
C0594,Customer_594,Male,31,Butwal,Gandaki,Engineer,Master,Unmarried,Acc100595,Fixed Deposit,2024-07-04,Chitwan Branch,179745.0,506,,0.0,Personal,13.47,40934.0,1368496.0,21554.0,71493.0,42.0,70.0,,,80.0,1759.0,25.0,709192.0,16237.0,1537338.0,Corporate,2,2,2025-12-03,Low,Yes,Rm_B
C0588,Customer_588,Female,22,Butwal,Gandaki,Banker,+2,Unmarried,Acc100589,Savings,2024-07-04,Chitwan Branch,204006.0,693,Active,1055158.0,Personal,12.27,41757.0,1726850.0,13542.0,34076.0,58.0,87.0,,,200.0,43052.0,8.0,508144.0,49727.0,227779.0,Retail,4,7,2025-08-09,High,No,Rm_D
C0309,Customer_309,Female,46,Pokhara,Bagmati,Teacher,Phd,Unmarried,Acc100310,Savings,2021-05-21,Kathmandu Branch,118695.0,736,,0.0,Education,14.93,46445.0,1512297.0,86428.0,63243.0,59.0,36.0,,,136.0,38513.0,27.0,884890.0,45132.0,1817087.0,Corporate,4,9,2025-10-13,Low,Yes,Rm_C
C0994,Customer_994,Female,60,Butwal,Koshi,Doctor,+2,Unmarried,Acc100995,Current,2022-04-09,Pokhara Branch,131747.0,730,Closed,1744414.0,Personal,15.72,12940.0,1471906.0,144454.0,69752.0,6.0,69.0,,,75.0,1523.0,17.0,206332.0,18364.0,1140441.0,Retail,5,6,2026-05-10,High,No,Rm_B
C0232,Customer_232,Male,65,Biratnagar,Gandaki,Doctor,Master,Married,Acc100233,Fixed Deposit,2021-05-01,Butwal Branch,119051.0,637,Active,1842921.0,Vehicle,9.1,13626.0,89894.0,21417.0,110051.0,0.0,43.0,,,184.0,37316.0,3.0,371859.0,32714.0,1262549.0,Corporate,5,6,2026-01-12,Low,Yes,Rm_B
C0630,Customer_630,Male,31,Lalitpur,Koshi,Business,Master,Unmarried,Acc100631,Current,2020-02-11,Kathmandu Branch,168957.0,538,Active,2267208.0,Vehicle,11.17,42605.0,646402.0,48958.0,15973.0,40.0,12.0,,,138.0,27585.0,5.0,301174.0,44553.0,937841.0,Vip,1,4,2025-11-23,High,Yes,Rm_A
C0602,Customer_602,Female,33,Butwal,Lumbini,Doctor,Master,Married,Acc100603,Savings,2022-06-19,Bhaktapur Branch,130815.0,598,,0.0,Vehicle,6.89,20996.0,1675337.0,102651.0,69022.0,9.0,94.0,,,137.0,5042.0,20.0,553081.0,15554.0,628859.0,Retail,2,3,2025-10-17,Low,No,Rm_C
C0663,Customer_663,Male,63,Butwal,Gandaki,Analyst,Master,Married,Acc100664,Current,2023-10-09,Biratnagar Branch,154151.0,813,Closed,686807.0,Business,14.61,24851.0,1254290.0,105864.0,86679.0,45.0,10.0,,,125.0,14200.0,18.0,299972.0,22999.0,1962201.0,Vip,2,5,2026-05-04,High,No,Rm_A
C0916,Customer_916,Male,53,Chitwan,Koshi,Business,Bachelor,Married,Acc100917,Fixed Deposit,2024-03-20,Kathmandu Branch,233662.0,710,Closed,1678579.0,Home,9.57,4307.0,1542529.0,100371.0,59210.0,73.0,72.0,,,162.0,4157.0,25.0,604629.0,10100.0,948957.0,Corporate,4,9,2026-05-27,Low,Yes,Rm_B
C0315,Customer_315,Female,57,Lalitpur,Gandaki,Engineer,Master,Unmarried,Acc100316,Fixed Deposit,2022-08-22,Biratnagar Branch,84010.0,786,Active,3472612.5,Education,12.33,24863.0,489973.0,135475.0,118628.0,19.0,56.0,,,56.0,2569.0,17.0,805848.0,35892.0,179567.0,Retail,2,1,2025-09-18,High,Yes,Rm_B
C0107,Customer_107,Male,22,Chitwan,Koshi,Analyst,+2,Married,Acc100108,Savings,2024-01-01,Lalitpur Branch,41153.0,479,Closed,994878.0,Personal,7.99,25102.0,682809.0,118021.0,20860.0,25.0,56.0,,,83.0,7909.0,8.0,724798.0,19500.0,309672.0,Vip,3,6,2026-05-08,High,Yes,Rm_D
C0824,Customer_824,Female,25,Butwal,Bagmati,Teacher,Unspecified,Unmarried,Acc100825,Current,2020-04-15,Pokhara Branch,183873.0,748,Closed,228595.0,Personal,12.17,25981.0,1387729.0,45245.0,114955.0,32.0,42.0,,,118.0,43398.0,28.0,549063.0,11053.0,1337957.0,Retail,4,1,2025-10-02,High,No,Rm_B
C0056,Customer_56,Male,42,Biratnagar,Gandaki,Business,Phd,Married,Acc100057,Fixed Deposit,2020-01-31,Kathmandu Branch,89878.0,771,Active,2081180.0,Business,9.68,6440.0,1570305.0,81475.0,47759.0,26.0,17.0,,,122.0,15842.0,12.0,80931.0,44523.0,1412038.0,Vip,5,1,2025-08-08,Low,No,Rm_C
C0121,Customer_121,Female,42,Pokhara,Bagmati,Analyst,Bachelor,Unmarried,Acc100122,Fixed Deposit,2025-02-26,Pokhara Branch,217197.0,847,,0.0,Home,12.1,48661.0,314193.0,2642.0,75287.0,76.0,56.0,,,154.0,11163.0,2.0,168271.0,37726.0,586549.0,Retail,1,5,2025-11-15,Medium,Yes,Rm_A
C0371,Customer_371,Female,21,Kathmandu,Gandaki,Engineer,Bachelor,Married,Acc100372,Fixed Deposit,2021-12-01,Chitwan Branch,130750.0,771,,0.0,Vehicle,10.47,45905.0,1735857.0,72769.0,21695.0,91.0,53.0,,,16.0,34922.0,20.0,160330.0,37558.0,1369022.0,Corporate,5,0,2025-10-21,Low,Yes,Rm_C
C0026,Customer_26,Female,42,Chitwan,Gandaki,Student,+2,Married,Acc100027,Savings,2023-09-10,Chitwan Branch,60390.0,825,,0.0,Personal,15.77,32855.0,705369.0,145240.0,43525.0,36.0,16.0,,,90.0,11342.0,0.0,541104.0,963.0,1583652.0,Retail,2,2,2025-12-02,Medium,No,Rm_D
C0073,Customer_73,Female,42,Kathmandu,Gandaki,Doctor,Master,Married,Acc100074,Current,2022-03-26,Butwal Branch,212792.0,794,Closed,2428700.0,Education,15.98,43990.0,1107867.0,131193.0,30893.0,78.0,15.0,,,135.0,19268.0,11.0,768640.0,16312.0,1182104.0,Vip,1,3,2025-12-21,High,Yes,Rm_C
C0550,Customer_550,Female,37,Lalitpur,Koshi,Student,Bachelor,Unmarried,Acc100551,Savings,2025-06-18,Biratnagar Branch,223260.0,759,Closed,2655868.0,Home,12.35,28442.0,1707041.0,85582.0,119673.0,57.0,30.0,,,60.0,8554.0,15.0,983511.0,4151.0,964837.0,Vip,2,6,2025-10-29,Low,Yes,Rm_A
C0045,Customer_45,Female,42,Pokhara,Gandaki,Business,+2,Married,Acc100046,Savings,2021-04-23,Butwal Branch,220337.0,617,Active,313603.0,Business,10.98,6043.0,1827666.0,79807.0,96911.0,14.0,98.0,,,189.0,39322.0,8.0,229452.0,25829.0,395332.0,Vip,2,2,2025-06-25,High,Yes,Rm_B
C0297,Customer_297,Female,45,Butwal,Koshi,Student,Master,Married,Acc100298,Fixed Deposit,2021-11-03,Chitwan Branch,241836.0,582,Closed,1951555.0,Vehicle,7.67,4827.0,520626.0,18644.0,20436.0,12.0,28.0,,,48.0,2884.0,1.0,750703.0,37406.0,38351.0,Corporate,2,9,2026-02-17,High,No,Rm_B
C0329,Customer_329,Female,48,Biratnagar,Gandaki,Business,Bachelor,Unmarried,Acc100330,Savings,2022-04-17,Kathmandu Branch,184255.0,549,Closed,1338903.0,Home,6.41,47716.0,1070514.0,137216.0,8949.0,22.0,55.0,,,19.0,28375.0,25.0,325756.0,48067.0,17990.0,Vip,2,7,2026-03-12,High,Yes,Rm_C
C0248,Customer_248,Female,42,Lalitpur,Koshi,Doctor,Master,Unmarried,Acc100249,Current,2022-12-26,Chitwan Branch,66232.0,477,,0.0,Personal,9.05,18507.0,302513.0,86746.0,105366.0,4.0,17.0,,,149.0,29736.0,6.0,936320.0,35978.0,1124294.0,Retail,4,2,2026-04-18,Medium,Yes,Rm_B
C0337,Customer_337,Female,27,Kathmandu,Gandaki,Banker,Bachelor,Unmarried,Acc100338,Savings,2025-11-01,Chitwan Branch,219694.0,845,,0.0,Education,14.02,15705.0,589268.0,144835.0,13836.0,32.0,58.0,,,142.0,48262.0,23.0,707635.0,2962.0,1141768.0,Corporate,3,9,2025-06-29,Medium,No,Rm_A
C0352,Customer_352,Male,61,Chitwan,Koshi,Unemployed/Other,Phd,Married,Acc100353,Current,2025-11-07,Pokhara Branch,232613.0,696,,0.0,Home,15.88,39951.0,1422392.0,133088.0,61852.0,62.0,40.0,,,62.0,42174.0,1.0,222260.0,14934.0,61663.0,Corporate,5,8,2026-01-19,Low,No,Rm_A
C0362,Customer_362,Female,64,Butwal,Bagmati,Analyst,Master,Unmarried,Acc100363,Savings,2021-06-04,Bhaktapur Branch,66212.0,463,Closed,2701351.5,Vehicle,13.91,15761.0,140665.0,36519.0,35673.0,6.0,17.0,,,130.0,17411.0,17.0,775483.0,20545.0,1006598.0,Corporate,4,4,2025-07-10,Medium,Yes,Rm_D
C0738,Customer_738,Male,37,Pokhara,Gandaki,Banker,Bachelor,Married,Acc100739,Savings,2022-12-23,Bhaktapur Branch,84689.0,798,,0.0,Home,8.5,39934.0,823667.0,105504.0,88996.0,71.0,92.0,,,186.0,3112.0,29.0,35894.0,28755.0,75119.0,Corporate,5,5,2025-10-06,High,No,Rm_A
C0961,Customer_961,Male,20,Bhaktapur,Bagmati,Banker,+2,Married,Acc100962,Current,2019-12-09,Kathmandu Branch,128624.0,731,Active,1267123.0,Education,6.98,5206.0,201201.0,3842.0,17314.0,34.0,43.0,,,83.0,25619.0,25.0,662122.0,46269.0,832692.0,Corporate,3,2,2026-04-28,High,No,Rm_C
C0421,Customer_421,Male,48,Biratnagar,Gandaki,Teacher,+2,Unmarried,Acc100422,Current,2022-10-26,Kathmandu Branch,154239.0,578,,0.0,Vehicle,8.74,30626.0,662423.0,108084.0,59608.0,85.0,7.0,,,11.0,40950.0,29.0,964426.0,16292.0,1790446.0,Corporate,5,0,2025-08-21,High,No,Rm_C
C0382,Customer_382,Male,57,Kathmandu,Lumbini,Doctor,+2,Married,Acc100383,Savings,2022-10-26,Pokhara Branch,105855.0,742,Active,416198.0,Business,11.04,48161.0,1257340.0,110596.0,45353.0,69.0,64.0,,,2.0,40397.0,5.0,856384.0,18475.0,807495.0,Corporate,2,1,2026-02-17,Medium,No,Rm_A
C0695,Customer_695,Female,27,Chitwan,Gandaki,Doctor,Master,Unmarried,Acc100696,Fixed Deposit,2024-07-03,Butwal Branch,155008.0,582,Active,486243.0,Education,7.39,12256.0,1642362.0,43298.0,23197.0,55.0,42.0,,,176.0,30276.0,14.0,836869.0,37355.0,1862066.0,Retail,5,9,2026-03-29,High,Yes,Rm_A
C0540,Customer_540,Female,59,Bhaktapur,Gandaki,Banker,Phd,Unmarried,Acc100541,Fixed Deposit,2025-03-15,Biratnagar Branch,42528.0,636,,0.0,Vehicle,7.48,11855.0,107251.0,42527.0,90893.0,52.0,74.0,,,97.0,45563.0,3.0,407130.0,12975.0,763397.0,Retail,2,8,2025-07-06,High,Yes,Rm_B
C0450,Customer_450,Female,21,Kathmandu,Lumbini,Banker,Master,Married,Acc100451,Current,2025-03-15,Butwal Branch,213771.0,573,Closed,285410.0,Personal,6.03,18934.0,1327468.0,38353.0,112727.0,89.0,14.0,,,6.0,43726.0,6.0,966928.0,5025.0,1266182.0,Corporate,4,1,2026-02-28,High,No,Rm_A
C0623,Customer_623,Female,34,Butwal,Gandaki,Student,+2,Married,Acc100624,Savings,2025-08-23,Butwal Branch,123074.0,754,,0.0,Vehicle,13.22,4552.0,875430.0,134962.0,2285.0,54.0,16.0,,,61.0,9591.0,29.0,959572.0,16062.0,1723065.0,Corporate,5,10,2025-09-07,Medium,Yes,Rm_C
C0210,Customer_210,Male,42,Biratnagar,Koshi,Engineer,Master,Married,Acc100211,Current,2023-10-17,Chitwan Branch,234345.0,709,Active,1652374.0,Education,6.93,46506.0,1717511.0,46470.0,12070.0,78.0,95.0,,,193.0,15557.0,10.0,648285.0,43628.0,941266.0,Corporate,4,0,2025-12-17,Medium,No,Rm_B
C0555,Customer_555,Male,20,Kathmandu,Bagmati,Banker,Unspecified,Unmarried,Acc100556,Fixed Deposit,2022-11-17,Butwal Branch,82748.0,815,,0.0,Education,12.17,15031.0,990261.0,63291.0,103107.0,51.0,10.0,,,49.0,31162.0,27.0,211114.0,49383.0,1779202.0,Corporate,4,7,2026-02-08,Low,No,Rm_B
C0482,Customer_482,Male,37,Lalitpur,Gandaki,Student,Master,Unmarried,Acc100483,Current,2022-07-26,Kathmandu Branch,129232.0,627,,0.0,Education,11.3,36015.0,1431193.0,147315.0,41194.0,5.0,93.0,,,177.0,16742.0,14.0,893613.0,46504.0,1697978.0,Vip,2,6,2025-11-17,High,No,Rm_C
C0433,Customer_433,Male,48,Pokhara,Gandaki,Business,Unspecified,Unmarried,Acc100434,Savings,2019-08-14,Kathmandu Branch,162599.0,846,Closed,2244410.0,Education,12.09,38523.0,24392.0,145566.0,45938.0,100.0,51.0,,,145.0,6647.0,26.0,968531.0,17109.0,1861423.0,Retail,3,9,2025-06-15,Low,No,Rm_A
C0627,Customer_627,Male,52,Butwal,Gandaki,Banker,Master,Unmarried,Acc100628,Savings,2025-02-16,Kathmandu Branch,81101.0,617,Active,2988747.0,Personal,11.26,23751.0,30992.0,7570.0,66621.0,22.0,90.0,,,163.0,38877.0,29.0,622476.0,27424.0,1833036.0,Retail,4,3,2025-06-30,High,No,Rm_C
C0061,Customer_61,Male,60,Lalitpur,Lumbini,Doctor,Master,Married,Acc100062,Current,2023-03-07,Bhaktapur Branch,211379.0,653,,0.0,Personal,8.92,11008.0,617814.0,113722.0,8289.0,44.0,62.0,,,21.0,22555.0,9.0,248202.0,2236.0,158459.0,Corporate,2,1,2026-01-23,High,Yes,Rm_B
C0622,Customer_622,Male,62,Bhaktapur,Bagmati,Banker,Bachelor,Married,Acc100623,Current,2023-05-30,Lalitpur Branch,216367.0,845,,0.0,Business,6.54,26657.0,1919008.0,73021.0,19910.0,69.0,15.0,,,194.0,13151.0,24.0,541664.0,8434.0,1277882.0,Vip,2,7,2025-12-26,High,Yes,Rm_B
C0756,Customer_756,Female,22,Kathmandu,Gandaki,Engineer,+2,Married,Acc100757,Current,2019-12-14,Butwal Branch,31114.0,690,Active,152517.0,Vehicle,10.7,2508.0,1736252.0,23237.0,1966.0,72.0,35.0,,,77.0,10763.0,30.0,401743.0,2366.0,1484592.0,Retail,5,9,2025-12-27,Medium,No,Rm_A
C0093,Customer_93,Male,58,Bhaktapur,Gandaki,Student,Master,Unmarried,Acc100094,Savings,2020-03-16,Lalitpur Branch,111122.0,772,Closed,2350235.0,Vehicle,13.9,34812.0,1317313.0,110563.0,48540.0,28.0,71.0,,,156.0,28017.0,28.0,740201.0,47764.0,743600.0,Vip,5,6,2025-11-11,Medium,No,Rm_A
C0902,Customer_902,Male,22,Butwal,Bagmati,Analyst,Bachelor,Married,Acc100903,Fixed Deposit,2025-10-04,Butwal Branch,70481.0,704,,0.0,Education,6.29,25903.0,169707.0,140232.0,53943.0,91.0,72.0,,,118.0,2353.0,5.0,377316.0,7556.0,1786447.0,Corporate,5,3,2026-03-25,Low,No,Rm_C
C0463,Customer_463,Female,43,Pokhara,Lumbini,Analyst,Master,Married,Acc100464,Savings,2025-10-05,Butwal Branch,173995.0,653,Closed,1573234.0,Personal,8.84,21076.0,1396065.0,5505.0,54919.0,81.0,30.0,,,20.0,48709.0,1.0,157902.0,5034.0,669640.0,Retail,5,2,2026-01-15,Medium,No,Rm_D
C0667,Customer_667,Male,39,Bhaktapur,Koshi,Banker,Bachelor,Unmarried,Acc100668,Fixed Deposit,2026-03-20,Bhaktapur Branch,178619.0,525,,0.0,Home,9.55,36086.0,644369.0,35966.0,9025.0,61.0,75.0,,,23.0,49772.0,29.0,641586.0,13330.0,190501.0,Retail,1,1,2025-10-27,Low,No,Rm_B
C0977,Customer_977,Male,45,Kathmandu,Gandaki,Banker,+2,Unmarried,Acc100978,Savings,2020-05-27,Bhaktapur Branch,230589.0,660,Active,2740302.0,Vehicle,8.9,44727.0,31564.0,30928.0,102809.0,94.0,93.0,,,145.0,27753.0,3.0,68482.0,113.0,1798515.0,Corporate,5,10,2026-03-07,Low,Yes,Rm_A
C0478,Customer_478,Female,33,Butwal,Bagmati,Teacher,Bachelor,Unmarried,Acc100479,Fixed Deposit,2023-09-06,Pokhara Branch,56243.0,615,Active,1912945.0,Education,12.52,8303.0,1288623.0,118185.0,8916.0,72.0,22.0,,,14.0,23841.0,27.0,173516.0,47697.0,584365.0,Retail,2,10,2025-09-23,High,Yes,Rm_B
C0333,Customer_333,Male,64,Chitwan,Bagmati,Analyst,+2,Unmarried,Acc100334,Savings,2021-04-27,Kathmandu Branch,249026.0,459,Active,345669.0,Home,11.7,8105.0,817500.0,44183.0,33342.0,3.0,83.0,,,153.0,17747.0,8.0,903663.0,16749.0,1683573.0,Vip,4,10,2025-12-20,Medium,No,Rm_B
C0939,Customer_939,Female,49,Lalitpur,Lumbini,Engineer,+2,Unmarried,Acc100940,Savings,2021-10-16,Pokhara Branch,108123.0,787,Active,1160928.0,Home,7.8,24166.0,1929115.0,55069.0,65218.0,37.0,59.0,,,67.0,44882.0,5.0,881838.0,3649.0,1171170.0,Vip,5,0,2025-10-21,High,No,Rm_D
C0701,Customer_701,Female,59,Kathmandu,Koshi,Business,Master,Unmarried,Acc100702,Current,2020-10-16,Bhaktapur Branch,246796.0,520,Active,1898716.0,Business,8.33,49287.0,1080417.0,91966.0,28697.0,9.0,1.0,,,20.0,4806.0,9.0,106987.0,2879.0,1813357.0,Vip,1,4,2025-07-15,High,Yes,Rm_A
C0465,Customer_465,Female,44,Butwal,Gandaki,Doctor,Master,Unmarried,Acc100466,Fixed Deposit,2020-10-16,Kathmandu Branch,106413.0,826,Closed,967623.0,Personal,10.13,9099.0,965401.0,4690.0,103549.0,58.0,44.0,,,25.0,42601.0,5.0,382617.0,12100.0,1435464.0,Corporate,5,0,2026-04-01,High,Yes,Rm_D
C0356,Customer_356,Male,62,Chitwan,Gandaki,Business,Master,Unmarried,Acc100357,Savings,2025-07-05,Lalitpur Branch,141537.0,516,,0.0,Home,9.04,24351.0,150036.0,136789.0,33310.0,25.0,97.0,,,123.0,18684.0,25.0,239955.0,13118.0,1199818.0,Vip,3,3,2025-10-23,Medium,Yes,Rm_B
C0363,Customer_363,Male,50,Kathmandu,Lumbini,Doctor,Master,Married,Acc100364,Savings,2025-07-05,Lalitpur Branch,122428.0,480,Closed,1932589.0,Education,11.23,3218.0,1542492.0,87111.0,9534.0,38.0,8.0,,,155.0,13352.0,27.0,890471.0,49538.0,979370.0,Vip,1,0,2025-11-09,Low,No,Rm_D
C0313,Customer_313,Female,41,Chitwan,Bagmati,Teacher,Bachelor,Married,Acc100314,Current,2024-06-06,Pokhara Branch,160840.0,612,Active,789859.0,Business,6.4,5170.0,1432044.0,55440.0,115292.0,17.0,96.0,,,165.0,1153.0,29.0,378761.0,28742.0,1332714.0,Corporate,4,3,2026-02-22,High,Yes,Rm_B
C0319,Customer_319,Female,24,Kathmandu,Koshi,Unemployed/Other,Master,Unmarried,Acc100320,Current,2025-07-02,Lalitpur Branch,72531.0,528,,0.0,Business,13.19,11517.0,1358470.0,89894.0,7125.0,70.0,99.0,,,125.0,49301.0,29.0,136960.0,39745.0,839909.0,Retail,5,2,2025-08-22,Medium,No,Rm_D
C0974,Customer_974,Female,53,Chitwan,Lumbini,Student,Phd,Married,Acc100975,Fixed Deposit,2022-07-16,Bhaktapur Branch,40275.0,611,Active,628017.0,Business,7.94,5305.0,787828.0,55426.0,115438.0,84.0,77.0,,,8.0,2178.0,15.0,67871.0,19958.0,1192338.0,Vip,2,8,2026-03-17,Low,Yes,Rm_D
C0381,Customer_381,Female,51,Kathmandu,Bagmati,Business,Master,Married,Acc100382,Fixed Deposit,2022-07-16,Butwal Branch,54579.0,645,Active,2040199.0,Education,12.18,27244.0,1300185.0,29608.0,48815.0,98.0,27.0,,,79.0,27906.0,6.0,450082.0,7536.0,41830.0,Corporate,1,7,2026-02-24,Medium,Yes,Rm_A
C0183,Customer_183,Female,29,Bhaktapur,Gandaki,Doctor,Phd,Married,Acc100184,Current,2024-06-03,Bhaktapur Branch,168366.0,556,Active,1866485.0,Personal,15.98,49906.0,1505848.0,119493.0,114194.0,18.0,70.0,,,44.0,18903.0,3.0,622671.0,36127.0,1148483.0,Corporate,1,2,2026-02-02,Low,Yes,Rm_D
C0717,Customer_717,Female,56,Chitwan,Bagmati,Unemployed/Other,Master,Married,Acc100718,Current,2026-03-14,Chitwan Branch,53492.0,831,,0.0,Business,15.75,46773.0,1289303.0,12124.0,28868.0,2.0,51.0,,,179.0,31630.0,2.0,165274.0,11652.0,1203184.0,Vip,4,0,2025-09-01,Low,Yes,Rm_B
C0111,Customer_111,Male,53,Butwal,Gandaki,Analyst,Master,Unmarried,Acc100112,Current,2021-06-09,Butwal Branch,237740.0,594,Closed,1952196.0,Personal,10.53,36971.0,1536797.0,108586.0,48505.0,69.0,55.0,,,16.0,23636.0,2.0,941326.0,49598.0,381040.0,Corporate,5,6,2025-11-12,High,Yes,Rm_A
C0531,Customer_531,Female,52,Lalitpur,Koshi,Student,+2,Married,Acc100532,Current,2022-12-02,Chitwan Branch,150032.0,847,Closed,1978581.0,Education,7.12,26947.0,1612446.0,1925.0,42757.0,84.0,70.0,,,66.0,10047.0,25.0,354166.0,13478.0,1240436.0,Vip,5,2,2026-06-08,Medium,No,Rm_B
C0378,Customer_378,Female,27,Butwal,Lumbini,Engineer,+2,Married,Acc100379,Fixed Deposit,2026-04-28,Kathmandu Branch,141871.0,567,Closed,66241.0,Business,6.7,31287.0,627938.0,90198.0,65072.0,83.0,0.0,,,51.0,23642.0,3.0,563584.0,16470.0,1238109.0,Vip,5,7,2025-09-09,High,Yes,Rm_C
C0714,Customer_714,Female,61,Chitwan,Koshi,Student,Unspecified,Married,Acc100715,Current,2022-06-22,Chitwan Branch,86340.0,489,Closed,2708472.0,Education,9.3,39926.0,114645.0,137840.0,67024.0,89.0,6.0,,,12.0,25351.0,12.0,139675.0,47370.0,515198.0,Vip,3,2,2025-07-21,Medium,Yes,Rm_A
C0873,Customer_873,Female,30,Kathmandu,Gandaki,Student,Phd,Unmarried,Acc100874,Current,2025-12-20,Chitwan Branch,37278.0,663,,0.0,Home,15.65,7588.0,234037.0,62571.0,27606.0,1.0,45.0,,,196.0,9738.0,8.0,616040.0,23918.0,357785.0,Retail,1,9,2025-07-25,Medium,Yes,Rm_A
C0940,Customer_940,Female,57,Lalitpur,Gandaki,Teacher,Master,Unmarried,Acc100941,Savings,2020-11-27,Butwal Branch,44625.0,527,,0.0,Education,15.47,30439.0,1373779.0,122929.0,58898.0,62.0,100.0,,,7.0,17031.0,2.0,648838.0,1407.0,140355.0,Retail,3,3,2025-09-06,High,No,Rm_C
C0732,Customer_732,Male,31,Butwal,Bagmati,Doctor,+2,Unmarried,Acc100733,Savings,2020-11-27,Biratnagar Branch,99487.0,850,Closed,1484260.0,Personal,13.01,40394.0,1666099.0,90385.0,73120.0,72.0,13.0,,,148.0,3281.0,9.0,162907.0,17538.0,827025.0,Vip,1,1,2026-01-05,Medium,Yes,Rm_C
C0293,Customer_293,Male,21,Bhaktapur,Bagmati,Analyst,+2,Unmarried,Acc100294,Current,2022-03-12,Butwal Branch,182076.0,794,,0.0,Vehicle,14.55,43082.0,1369779.0,36821.0,92950.0,91.0,95.0,,,22.0,43576.0,9.0,919894.0,9493.0,267867.0,Vip,3,4,2025-09-05,Medium,Yes,Rm_A
C0437,Customer_437,Female,64,Lalitpur,Bagmati,Unemployed/Other,Phd,Unmarried,Acc100438,Current,2022-01-22,Chitwan Branch,198558.0,684,Active,2181078.0,Home,6.83,32109.0,709475.0,147289.0,38784.0,86.0,64.0,,,160.0,22646.0,11.0,221481.0,40764.0,755712.0,Retail,2,9,2026-04-04,Medium,No,Rm_B
C0836,Customer_836,Male,44,Butwal,Lumbini,Student,+2,Unmarried,Acc100837,Current,2019-12-26,Pokhara Branch,154312.0,496,Active,1200220.0,Business,10.72,23450.0,1720419.0,123200.0,95631.0,80.0,94.0,,,136.0,35247.0,7.0,203782.0,48044.0,582387.0,Corporate,2,3,2026-04-06,Low,Yes,Rm_B
C0308,Customer_308,Female,23,Biratnagar,Lumbini,Unemployed/Other,+2,Unmarried,Acc100309,Current,2022-05-04,Chitwan Branch,205646.0,636,Closed,465440.0,Vehicle,11.35,39085.0,1852797.0,82593.0,48696.0,63.0,95.0,,,28.0,21000.0,10.0,809337.0,41058.0,834698.0,Corporate,2,2,2026-01-24,Low,Yes,Rm_D
C0290,Customer_290,Male,46,Lalitpur,Bagmati,Unemployed/Other,Phd,Unmarried,Acc100291,Savings,2023-12-30,Biratnagar Branch,233458.0,735,Active,2512656.0,Vehicle,15.16,12057.0,1585052.0,149203.0,24854.0,64.0,27.0,,,86.0,31219.0,6.0,818797.0,22673.0,335991.0,Retail,5,3,2025-08-24,High,No,Rm_C
C0969,Customer_969,Male,57,Butwal,Bagmati,Analyst,+2,Married,Acc100970,Current,2020-12-29,Biratnagar Branch,167151.0,747,,0.0,Home,9.95,6836.0,406367.0,20596.0,46013.0,95.0,47.0,,,7.0,24964.0,6.0,984974.0,32206.0,964876.0,Corporate,1,10,2026-02-04,Low,Yes,Rm_D
C0216,Customer_216,Male,42,Bhaktapur,Gandaki,Business,Master,Married,Acc100217,Savings,2025-06-04,Kathmandu Branch,208616.0,515,,0.0,Vehicle,9.47,19827.0,1559571.0,5843.0,33412.0,54.0,48.0,,,65.0,23097.0,3.0,192941.0,47671.0,228877.0,Corporate,1,0,2025-11-14,Medium,Yes,Rm_B
C0631,Customer_631,Male,48,Butwal,Lumbini,Banker,Bachelor,Married,Acc100632,Fixed Deposit,2020-09-09,Biratnagar Branch,41180.0,798,,0.0,Personal,10.71,39960.0,1109803.0,118009.0,17973.0,86.0,31.0,,,12.0,9926.0,20.0,892455.0,35015.0,1802243.0,Corporate,5,9,2026-01-26,Medium,Yes,Rm_B
C0281,Customer_281,Female,36,Chitwan,Gandaki,Engineer,Bachelor,Married,Acc100282,Fixed Deposit,2025-02-20,Pokhara Branch,159947.0,599,Active,2035756.0,Vehicle,14.71,34096.0,882574.0,39974.0,8689.0,82.0,51.0,,,183.0,48653.0,0.0,295643.0,3381.0,558719.0,Corporate,5,1,2025-11-18,Low,No,Rm_C
C0674,Customer_674,Female,36,Kathmandu,Bagmati,Banker,Phd,Married,Acc100675,Current,2021-08-15,Pokhara Branch,33130.0,722,Closed,2656601.0,Personal,11.18,38703.0,869510.0,70950.0,83159.0,88.0,100.0,,,67.0,21232.0,11.0,158969.0,46574.0,1276052.0,Retail,1,10,2026-03-26,Low,No,Rm_B
C0451,Customer_451,Female,57,Chitwan,Bagmati,Student,+2,Unmarried,Acc100452,Fixed Deposit,2021-09-18,Lalitpur Branch,119149.0,569,Closed,2992092.0,Business,9.3,32536.0,1321598.0,18685.0,1200.0,75.0,48.0,,,176.0,27368.0,25.0,154747.0,20410.0,1541275.0,Retail,5,3,2025-11-30,High,No,Rm_D
C0299,Customer_299,Male,48,Lalitpur,Lumbini,Analyst,Master,Married,Acc100300,Savings,2022-09-06,Biratnagar Branch,40243.0,584,,0.0,Education,10.54,17583.0,789305.0,32364.0,28122.0,80.0,36.0,,,10.0,20087.0,16.0,92822.0,19047.0,255535.0,Retail,4,2,2026-03-08,Medium,No,Rm_C
C0786,Customer_786,Male,26,Chitwan,Bagmati,Banker,+2,Unmarried,Acc100787,Fixed Deposit,2024-02-05,Chitwan Branch,157104.0,826,Active,975158.0,Vehicle,9.6,9305.0,1792717.0,33622.0,45548.0,23.0,9.0,,,185.0,28995.0,26.0,57282.0,3010.0,988049.0,Corporate,1,7,2026-04-04,Low,Yes,Rm_A
C0138,Customer_138,Female,42,Bhaktapur,Koshi,Doctor,Phd,Married,Acc100139,Fixed Deposit,2023-09-16,Bhaktapur Branch,117622.0,797,Active,2616909.0,Vehicle,13.25,13190.0,323729.0,77319.0,71468.0,19.0,46.0,,,62.0,12925.0,28.0,317463.0,43052.0,693677.0,Corporate,2,1,2025-06-23,Medium,Yes,Rm_A
C0306,Customer_306,Female,43,Bhaktapur,Gandaki,Teacher,+2,Unmarried,Acc100307,Fixed Deposit,2024-10-26,Chitwan Branch,112369.0,800,Closed,2895497.0,Vehicle,11.88,32620.0,1095791.0,29877.0,48846.0,29.0,78.0,,,69.0,25569.0,24.0,466002.0,47211.0,820009.0,Corporate,2,0,2026-05-30,Medium,Yes,Rm_D
C0808,Customer_808,Female,35,Chitwan,Gandaki,Analyst,+2,Unmarried,Acc100809,Current,2024-09-08,Chitwan Branch,220558.0,454,,0.0,Education,14.86,33357.0,1805363.0,73088.0,21329.0,16.0,1.0,,,63.0,45928.0,14.0,633248.0,31551.0,1075447.0,Retail,2,3,2025-10-08,Low,No,Rm_C
C0295,Customer_295,Male,63,Bhaktapur,Gandaki,Doctor,Unspecified,Married,Acc100296,Savings,2025-06-10,Butwal Branch,70574.0,614,Active,510290.0,Education,9.65,2616.0,1724365.0,40993.0,8239.0,16.0,71.0,,,150.0,15730.0,12.0,841737.0,42641.0,95245.0,Corporate,1,2,2025-11-11,Low,No,Rm_A
C0600,Customer_600,Female,58,Biratnagar,Lumbini,Doctor,Unspecified,Married,Acc100601,Savings,2023-04-05,Biratnagar Branch,35851.0,741,Active,929992.0,Personal,13.65,38695.0,1857906.0,94820.0,99336.0,57.0,35.0,,,21.0,49086.0,30.0,436862.0,47534.0,1568381.0,Corporate,5,3,2026-05-29,High,No,Rm_B
C0582,Customer_582,Female,31,Pokhara,Koshi,Business,Bachelor,Unmarried,Acc100583,Current,2019-08-15,Pokhara Branch,144055.0,600,Active,1037711.0,Personal,8.11,14657.0,558745.0,69175.0,80664.0,97.0,63.0,,,14.0,16971.0,1.0,327536.0,10477.0,927248.0,Corporate,1,7,2026-04-30,Low,No,Rm_B
C0030,Customer_30,Male,59,Biratnagar,Koshi,Student,Master,Married,Acc100031,Fixed Deposit,2022-05-04,Biratnagar Branch,210427.0,491,Closed,1961415.0,Business,9.83,32370.0,893401.0,113710.0,104468.0,66.0,13.0,,,130.0,17556.0,5.0,813524.0,14472.0,1921066.0,Corporate,5,9,2025-08-08,Low,No,Rm_C
C0166,Customer_166,Female,23,Bhaktapur,Koshi,Banker,Bachelor,Married,Acc100167,Fixed Deposit,2024-08-17,Pokhara Branch,222674.0,555,Active,1337928.0,Business,10.44,20406.0,208658.0,54583.0,104126.0,37.0,87.0,,,152.0,13986.0,7.0,759472.0,29598.0,1720699.0,Retail,3,0,2026-01-05,High,No,Rm_A
C0249,Customer_249,Male,62,Biratnagar,Bagmati,Teacher,Bachelor,Married,Acc100250,Savings,2022-04-06,Butwal Branch,57534.0,778,Closed,554565.0,Home,6.14,29119.0,1907033.0,92881.0,110518.0,81.0,48.0,,,77.0,16944.0,16.0,80009.0,49982.0,1658802.0,Corporate,5,4,2025-06-21,High,Yes,Rm_B
C0311,Customer_311,Male,28,Pokhara,Koshi,Doctor,Bachelor,Married,Acc100312,Savings,2026-02-20,Butwal Branch,165647.0,460,Closed,4183620.0,Business,10.31,39413.0,165729.0,118934.0,55985.0,23.0,96.0,,,50.0,2511.0,24.0,233507.0,38396.0,1582315.0,Corporate,3,7,2026-05-15,Medium,No,Rm_C
C0686,Customer_686,Female,30,Pokhara,Bagmati,Student,Bachelor,Married,Acc100687,Fixed Deposit,2025-07-20,Kathmandu Branch,169330.0,497,Active,433528.0,Education,6.62,49415.0,1432070.0,90879.0,25311.0,34.0,56.0,,,54.0,47484.0,16.0,422419.0,23393.0,1262656.0,Corporate,1,10,2026-02-01,Low,Yes,Rm_C
C0844,Customer_844,Female,20,Butwal,Lumbini,Doctor,Bachelor,Unmarried,Acc100845,Current,2025-02-19,Pokhara Branch,202850.0,603,Closed,2114151.0,Education,11.31,8561.0,1697643.0,99213.0,39238.0,39.0,91.0,,,63.0,49394.0,10.0,962149.0,5180.0,63999.0,Corporate,4,8,2026-02-25,Low,Yes,Rm_D
C0343,Customer_343,Male,42,Bhaktapur,Koshi,Teacher,Bachelor,Married,Acc100344,Fixed Deposit,2025-03-14,Biratnagar Branch,101856.0,545,,0.0,Vehicle,7.56,45435.0,1780556.0,56958.0,90420.0,78.0,24.0,,,70.0,38346.0,10.0,666506.0,756.0,381531.0,Corporate,3,0,2025-09-17,Medium,Yes,Rm_C
C0606,Customer_606,Male,25,Bhaktapur,Lumbini,Student,Master,Unmarried,Acc100607,Current,2024-08-23,Lalitpur Branch,242460.0,540,Closed,2593665.0,Education,7.41,46523.0,706629.0,122840.0,33431.0,44.0,62.0,,,146.0,33191.0,20.0,476112.0,45989.0,1554015.0,Corporate,1,9,2025-12-17,Medium,No,Rm_A
C0527,Customer_527,Female,56,Pokhara,Bagmati,Engineer,Master,Married,Acc100528,Current,2020-05-11,Lalitpur Branch,71413.0,681,,0.0,Personal,12.62,44616.0,1344521.0,146919.0,32894.0,38.0,47.0,,,102.0,11839.0,11.0,281607.0,10452.0,1283378.0,Retail,3,5,2025-10-18,High,No,Rm_C
C0066,Customer_66,Male,60,Butwal,Gandaki,Business,Phd,Unmarried,Acc100067,Savings,2019-11-11,Lalitpur Branch,246172.0,750,,0.0,Personal,10.09,48786.0,490568.0,21694.0,35016.0,41.0,38.0,,,96.0,10560.0,23.0,246348.0,26793.0,1967034.0,Retail,2,10,2025-06-26,Medium,No,Rm_A
C0632,Customer_632,Female,53,Pokhara,Lumbini,Engineer,Master,Unmarried,Acc100633,Savings,2019-11-11,Kathmandu Branch,34857.0,551,,0.0,Home,11.46,46950.0,1427136.0,81048.0,39345.0,89.0,56.0,,,28.0,12437.0,28.0,665908.0,42103.0,864290.0,Corporate,4,9,2025-06-13,Low,No,Rm_B
C0892,Customer_892,Male,38,Lalitpur,Koshi,Analyst,Master,Married,Acc100893,Savings,2023-03-30,Biratnagar Branch,200745.0,618,Closed,1248507.0,Vehicle,13.18,32496.0,513068.0,7837.0,97142.0,99.0,73.0,,,21.0,9383.0,28.0,743160.0,24989.0,1629603.0,Retail,2,9,2026-05-05,High,Yes,Rm_D
C0255,Customer_255,Female,35,Biratnagar,Gandaki,Banker,+2,Married,Acc100256,Fixed Deposit,2022-05-18,Kathmandu Branch,93397.0,704,,0.0,Education,15.56,23305.0,1303738.0,16780.0,105175.0,27.0,9.0,,,171.0,45274.0,1.0,973650.0,6490.0,251916.0,Corporate,1,8,2025-10-12,High,No,Rm_D
C0719,Customer_719,Female,22,Bhaktapur,Bagmati,Teacher,Phd,Unmarried,Acc100720,Current,2021-11-11,Lalitpur Branch,38164.0,455,Closed,556354.0,Home,11.03,48999.0,1016008.0,13922.0,77445.0,72.0,96.0,,,76.0,2132.0,3.0,156511.0,14977.0,1212589.0,Corporate,2,2,2025-11-16,Medium,Yes,Rm_D
C0771,Customer_771,Female,55,Butwal,Bagmati,Teacher,+2,Married,Acc100772,Fixed Deposit,2020-01-24,Bhaktapur Branch,39491.0,593,,0.0,Vehicle,14.08,47922.0,432592.0,58054.0,12817.0,26.0,70.0,,,50.0,49392.0,4.0,583762.0,27017.0,707169.0,Corporate,5,2,2026-03-04,High,No,Rm_A
C0222,Customer_222,Male,52,Lalitpur,Bagmati,Doctor,+2,Married,Acc100223,Current,2024-02-04,Kathmandu Branch,39714.0,761,Closed,557330.0,Business,12.68,40163.0,328496.0,96184.0,57162.0,57.0,56.0,,,110.0,29836.0,10.0,688575.0,27258.0,1601919.0,Corporate,3,6,2025-08-30,Low,Yes,Rm_A
C0236,Customer_236,Female,53,Pokhara,Bagmati,Business,Phd,Unmarried,Acc100237,Current,2025-12-20,Lalitpur Branch,217183.0,768,Active,2548642.0,Home,11.92,7535.0,1081583.0,54978.0,90318.0,3.0,82.0,,,109.0,34458.0,19.0,619063.0,906.0,1108589.0,Corporate,4,8,2025-11-05,High,No,Rm_B
C0430,Customer_430,Female,65,Butwal,Lumbini,Engineer,+2,Married,Acc100431,Fixed Deposit,2024-06-15,Chitwan Branch,145861.0,653,Active,1940121.0,Vehicle,12.45,26127.0,1346682.0,26456.0,9099.0,99.0,30.0,,,43.0,19316.0,5.0,762075.0,11639.0,1170157.0,Vip,4,10,2026-05-02,Medium,Yes,Rm_D
C0544,Customer_544,Male,27,Lalitpur,Lumbini,Banker,Master,Unmarried,Acc100545,Current,2022-03-04,Lalitpur Branch,93824.0,642,,0.0,Home,12.45,26007.0,1104284.0,18608.0,46441.0,16.0,26.0,,,188.0,8457.0,29.0,260353.0,5596.0,518834.0,Vip,1,2,2026-01-10,High,Yes,Rm_C
C0441,Customer_441,Female,46,Bhaktapur,Bagmati,Doctor,Bachelor,Unmarried,Acc100442,Fixed Deposit,2020-04-27,Bhaktapur Branch,75463.0,580,Closed,2790308.0,Personal,10.22,37507.0,487700.0,10629.0,87313.0,90.0,67.0,,,78.0,35260.0,19.0,13681.0,2426.0,907941.0,Retail,2,1,2025-07-28,High,Yes,Rm_B
C0589,Customer_589,Male,23,Pokhara,Koshi,Analyst,Bachelor,Married,Acc100590,Current,2023-04-05,Pokhara Branch,141122.0,588,Closed,2330566.0,Home,7.0,36455.0,1255027.0,64580.0,41199.0,25.0,43.0,,,70.0,8635.0,11.0,767143.0,6381.0,254943.0,Corporate,3,7,2026-02-25,Low,No,Rm_D
C0973,Customer_973,Male,41,Butwal,Lumbini,Doctor,Bachelor,Unmarried,Acc100974,Savings,2019-08-13,Pokhara Branch,234949.0,660,Closed,2702428.0,Education,7.02,17484.0,678230.0,22898.0,48475.0,54.0,66.0,,,97.0,44080.0,2.0,633117.0,38635.0,90602.0,Vip,1,7,2025-12-22,Medium,Yes,Rm_D
C0250,Customer_250,Female,46,Pokhara,Bagmati,Student,Master,Married,Acc100251,Savings,2024-04-02,Chitwan Branch,249237.0,472,,0.0,Home,13.62,47514.0,425856.0,28152.0,66030.0,57.0,81.0,,,163.0,45891.0,6.0,13830.0,13554.0,327575.0,Vip,2,2,2026-02-27,Low,Yes,Rm_A
C0579,Customer_579,Female,21,Lalitpur,Lumbini,Engineer,Phd,Married,Acc100580,Current,2024-01-06,Bhaktapur Branch,64358.0,827,Closed,1096202.0,Personal,8.33,40329.0,721504.0,101942.0,8718.0,63.0,7.0,,,134.0,24663.0,24.0,67418.0,33210.0,1913890.0,Retail,1,3,2025-09-19,Medium,Yes,Rm_A
C0410,Customer_410,Male,57,Chitwan,Lumbini,Business,+2,Married,Acc100411,Savings,2025-01-24,Pokhara Branch,244794.0,717,Closed,2060718.0,Vehicle,10.02,12090.0,208188.0,142729.0,38217.0,47.0,32.0,,,58.0,25939.0,11.0,309565.0,2614.0,1115909.0,Corporate,1,2,2025-06-17,Low,Yes,Rm_D
C0072,Customer_72,Female,23,Lalitpur,Koshi,Business,+2,Married,Acc100073,Fixed Deposit,2026-03-24,Pokhara Branch,194231.0,771,Closed,2714398.0,Vehicle,13.38,39115.0,349638.0,30493.0,75404.0,96.0,85.0,,,190.0,19010.0,24.0,89815.0,32969.0,1693361.0,Retail,3,10,2025-06-18,Medium,Yes,Rm_C
C0095,Customer_95,Female,61,Pokhara,Lumbini,Doctor,+2,Married,Acc100096,Current,2022-05-19,Lalitpur Branch,61686.0,584,Active,1367597.0,Personal,13.83,48937.0,309024.0,96680.0,112960.0,9.0,65.0,,,54.0,24365.0,15.0,599864.0,37695.0,282418.0,Retail,5,6,2026-05-18,Medium,No,Rm_A
C0034,Customer_34,Female,42,Bhaktapur,Gandaki,Analyst,Master,Unmarried,Acc100035,Current,2022-07-10,Lalitpur Branch,155038.0,572,Closed,124406.0,Home,12.97,9380.0,1653795.0,110881.0,73076.0,99.0,65.0,,,127.0,2610.0,26.0,461830.0,2312.0,1407226.0,Vip,4,9,2026-06-05,Low,Yes,Rm_C
C0645,Customer_645,Male,56,Butwal,Gandaki,Teacher,Unspecified,Unmarried,Acc100646,Fixed Deposit,2021-05-07,Bhaktapur Branch,238675.0,537,,0.0,Personal,15.67,39354.0,1874670.0,106130.0,34740.0,74.0,29.0,,,112.0,43067.0,16.0,167380.0,5130.0,526629.0,Retail,1,7,2026-01-03,Medium,No,Rm_D
C0260,Customer_260,Female,59,Kathmandu,Lumbini,Student,Bachelor,Married,Acc100261,Savings,2022-03-23,Kathmandu Branch,76189.0,653,Active,3462289.5,Education,10.64,6505.0,1337986.0,9854.0,15709.0,21.0,1.0,,,120.0,10939.0,4.0,852135.0,14559.0,1620979.0,Retail,2,3,2026-04-19,Medium,No,Rm_D
C0205,Customer_205,Male,64,Lalitpur,Gandaki,Analyst,Master,Married,Acc100206,Fixed Deposit,2022-03-23,Biratnagar Branch,64511.0,750,Active,2118661.0,Home,14.85,9848.0,546290.0,147252.0,88717.0,81.0,60.0,,,34.0,28779.0,13.0,488853.0,41441.0,1129621.0,Corporate,2,4,2025-09-02,Low,No,Rm_C
C0799,Customer_799,Male,64,Biratnagar,Bagmati,Doctor,Bachelor,Married,Acc100800,Fixed Deposit,2022-03-23,Bhaktapur Branch,203023.0,452,,0.0,Personal,15.63,43167.0,1614082.0,89956.0,90883.0,73.0,46.0,,,4.0,40645.0,12.0,753453.0,31660.0,1317514.0,Retail,1,2,2026-02-15,High,No,Rm_C
C0621,Customer_621,Male,45,Pokhara,Gandaki,Analyst,Phd,Married,Acc100622,Savings,2023-05-31,Butwal Branch,200492.0,747,,0.0,Education,6.78,10161.0,1701588.0,136785.0,38051.0,71.0,46.0,,,144.0,45983.0,11.0,870919.0,6126.0,1380784.0,Corporate,4,0,2026-05-12,Medium,No,Rm_A
C0366,Customer_366,Male,47,Bhaktapur,Koshi,Student,Phd,Married,Acc100367,Savings,2024-05-13,Pokhara Branch,77052.0,844,Active,1773483.0,Education,14.28,2342.0,1460550.0,128530.0,48009.0,28.0,69.0,,,161.0,11350.0,22.0,100305.0,35158.0,355531.0,Retail,1,10,2025-06-29,Medium,No,Rm_B
C0078,Customer_78,Female,44,Kathmandu,Gandaki,Teacher,Bachelor,Married,Acc100079,Fixed Deposit,2024-05-13,Bhaktapur Branch,61486.0,578,Active,1518586.0,Vehicle,9.85,29961.0,1209939.0,125100.0,52356.0,77.0,15.0,,,46.0,2678.0,23.0,508209.0,2639.0,1651008.0,Corporate,3,7,2025-08-12,Medium,Yes,Rm_D
C0085,Customer_85,Female,32,Pokhara,Bagmati,Analyst,Phd,Unmarried,Acc100086,Savings,2024-05-13,Kathmandu Branch,242963.0,766,Active,1552643.0,Education,7.43,14082.0,938326.0,80588.0,71992.0,6.0,50.0,,,178.0,9346.0,7.0,81679.0,28794.0,811646.0,Retail,2,4,2026-04-28,Low,Yes,Rm_D
C0995,Customer_995,Female,38,Chitwan,Koshi,Business,Bachelor,Unmarried,Acc100996,Savings,2022-02-18,Pokhara Branch,214454.0,675,Closed,1190375.0,Business,15.74,31108.0,232538.0,124901.0,56750.0,11.0,53.0,,,28.0,7840.0,16.0,174171.0,11423.0,504853.0,Corporate,2,4,2025-09-10,High,No,Rm_B
C0083,Customer_83,Female,65,Chitwan,Lumbini,Business,Phd,Married,Acc100084,Fixed Deposit,2022-02-18,Lalitpur Branch,45964.0,617,Active,1128050.0,Education,6.36,19152.0,1621493.0,7423.0,52872.0,75.0,8.0,,,17.0,46993.0,14.0,958250.0,32554.0,1127117.0,Retail,1,2,2025-09-29,High,No,Rm_D
C0526,Customer_526,Male,54,Bhaktapur,Lumbini,Business,+2,Unmarried,Acc100527,Savings,2025-07-14,Chitwan Branch,210415.0,772,,0.0,Education,7.74,3465.0,1520312.0,112333.0,46456.0,4.0,87.0,,,145.0,26759.0,5.0,734948.0,25385.0,1314436.0,Corporate,2,0,2025-12-07,Low,No,Rm_D
C0568,Customer_568,Male,47,Butwal,Gandaki,Teacher,Phd,Unmarried,Acc100569,Fixed Deposit,2021-10-29,Kathmandu Branch,44684.0,562,Closed,1407492.0,Vehicle,9.54,25267.0,813577.0,58027.0,105427.0,26.0,55.0,,,174.0,25385.0,25.0,414698.0,42053.0,414858.0,Retail,3,0,2025-09-04,Medium,No,Rm_C
C0561,Customer_561,Male,62,Biratnagar,Gandaki,Business,+2,Married,Acc100562,Savings,2020-08-05,Biratnagar Branch,162437.0,640,Closed,1499395.0,Education,14.96,2035.0,813167.0,122024.0,624.0,48.0,48.0,,,47.0,1936.0,27.0,355053.0,2092.0,580583.0,Vip,1,8,2026-01-22,Medium,Yes,Rm_A
C0543,Customer_543,Male,22,Bhaktapur,Koshi,Analyst,Master,Unmarried,Acc100544,Savings,2022-01-24,Pokhara Branch,150814.0,737,Active,2701898.0,Personal,7.21,30149.0,750032.0,37915.0,33640.0,88.0,76.0,,,142.0,5726.0,5.0,40797.0,5360.0,49028.0,Retail,4,7,2026-05-27,Low,Yes,Rm_A
C0888,Customer_888,Male,29,Kathmandu,Gandaki,Doctor,Master,Married,Acc100889,Current,2023-10-01,Pokhara Branch,25546.0,808,,0.0,Home,13.69,21594.0,1049209.0,25267.0,104030.0,60.0,53.0,,,173.0,21325.0,5.0,659671.0,23877.0,420269.0,Corporate,3,1,2025-10-16,High,No,Rm_B
C0332,Customer_332,Male,53,Butwal,Gandaki,Business,Bachelor,Unmarried,Acc100333,Savings,2025-10-24,Lalitpur Branch,181673.0,624,,0.0,Home,6.02,47040.0,1565863.0,88806.0,87649.0,47.0,36.0,,,38.0,26293.0,3.0,165702.0,43938.0,1199257.0,Retail,5,3,2025-10-16,Medium,No,Rm_A
C0006,Customer_6,Male,54,Kathmandu,Gandaki,Business,Phd,Unmarried,Acc100007,Current,2025-10-24,Butwal Branch,210493.0,761,Active,2778003.0,Education,14.75,19993.0,847419.0,120073.0,76627.0,7.0,99.0,,,163.0,17478.0,10.0,591789.0,4920.0,264943.0,Vip,1,7,2026-04-27,Medium,Yes,Rm_D
C0480,Customer_480,Female,39,Lalitpur,Bagmati,Teacher,Bachelor,Married,Acc100481,Current,2024-03-31,Pokhara Branch,98426.0,678,Closed,1678996.5,Home,7.09,48235.0,1217819.0,125716.0,63098.0,63.0,58.0,,,51.0,18750.0,4.0,219872.0,15938.0,442355.0,Vip,2,10,2025-06-23,High,Yes,Rm_A
C0105,Customer_105,Female,64,Kathmandu,Lumbini,Engineer,Phd,Unmarried,Acc100106,Fixed Deposit,2025-03-09,Pokhara Branch,141044.0,842,,0.0,Vehicle,15.64,8558.0,732468.0,10708.0,21482.0,39.0,98.0,,,74.0,6959.0,4.0,791203.0,43661.0,1881349.0,Vip,3,5,2025-12-14,High,Yes,Rm_C
C0098,Customer_98,Male,22,Chitwan,Koshi,Banker,+2,Married,Acc100099,Current,2025-03-09,Lalitpur Branch,35530.0,716,Active,1908998.0,Education,13.61,22202.0,198900.0,78329.0,97189.0,26.0,82.0,,,66.0,7850.0,25.0,25751.0,25948.0,1088799.0,Vip,5,3,2025-09-20,Low,Yes,Rm_A
C0833,Customer_833,Male,42,Butwal,Bagmati,Student,Phd,Married,Acc100834,Fixed Deposit,2021-02-04,Bhaktapur Branch,227068.0,473,,0.0,Home,9.07,10957.0,1105369.0,76282.0,9454.0,11.0,0.0,,,44.0,28452.0,9.0,344034.0,38993.0,729041.0,Vip,4,5,2025-09-10,High,Yes,Rm_C
C0788,Customer_788,Male,47,Kathmandu,Bagmati,Unemployed/Other,Phd,Unmarried,Acc100789,Fixed Deposit,2020-09-10,Butwal Branch,149426.0,746,Active,840724.0,Home,8.0,31207.0,1605296.0,89107.0,56569.0,29.0,88.0,,,177.0,35362.0,9.0,948782.0,30951.0,314747.0,Retail,4,7,2026-02-27,Low,No,Rm_B
C0425,Customer_425,Male,30,Bhaktapur,Gandaki,Business,Bachelor,Married,Acc100426,Savings,2020-07-31,Pokhara Branch,41644.0,569,,0.0,Personal,13.02,34191.0,1258869.0,93119.0,81011.0,21.0,24.0,,,191.0,14601.0,1.0,468542.0,35153.0,1106123.0,Corporate,2,0,2026-03-05,Medium,Yes,Rm_A
C0935,Customer_935,Female,64,Kathmandu,Lumbini,Banker,Master,Married,Acc100936,Current,2022-08-04,Kathmandu Branch,218222.0,511,Closed,2412820.0,Home,11.05,7536.0,114967.0,24813.0,92921.0,73.0,15.0,,,57.0,22729.0,9.0,709576.0,30060.0,1197812.0,Retail,2,10,2025-12-28,Low,No,Rm_C
C0282,Customer_282,Female,42,Biratnagar,Gandaki,Banker,Master,Married,Acc100283,Current,2021-10-19,Biratnagar Branch,137218.0,708,Closed,2323258.0,Business,6.63,28039.0,794121.0,50634.0,78130.0,27.0,75.0,,,112.0,23912.0,24.0,756938.0,14505.0,214504.0,Retail,1,8,2026-03-22,Low,Yes,Rm_D
C0267,Customer_267,Female,46,Butwal,Bagmati,Engineer,+2,Married,Acc100268,Fixed Deposit,2021-10-19,Pokhara Branch,40243.0,466,Closed,2648644.0,Vehicle,13.01,6337.0,378036.0,20048.0,106097.0,32.0,32.0,,,83.0,4959.0,17.0,459357.0,26443.0,499730.0,Corporate,5,6,2025-09-25,Low,No,Rm_A
C0535,Customer_535,Male,20,Bhaktapur,Gandaki,Engineer,Unspecified,Married,Acc100536,Savings,2023-07-31,Bhaktapur Branch,173606.0,740,,0.0,Personal,9.05,46072.0,1646680.0,115654.0,39801.0,48.0,67.0,,,175.0,23999.0,22.0,548783.0,3637.0,753846.0,Retail,5,1,2025-11-04,High,Yes,Rm_C
C0454,Customer_454,Male,31,Biratnagar,Bagmati,Teacher,+2,Married,Acc100455,Savings,2021-02-26,Bhaktapur Branch,88360.0,782,Closed,1105326.0,Business,15.67,27537.0,1486987.0,88806.0,105606.0,71.0,88.0,,,60.0,27161.0,21.0,714976.0,5647.0,1248272.0,Corporate,3,6,2026-01-03,Low,Yes,Rm_A
C0360,Customer_360,Female,31,Butwal,Gandaki,Student,Master,Unmarried,Acc100361,Savings,2021-02-26,Pokhara Branch,100418.0,596,,0.0,Education,14.48,15120.0,1610327.0,61492.0,28732.0,11.0,96.0,,,150.0,49934.0,21.0,149204.0,13784.0,1566363.0,Corporate,3,1,2026-01-25,High,No,Rm_B
C0491,Customer_491,Female,47,Chitwan,Koshi,Banker,Master,Married,Acc100492,Current,2021-02-26,Kathmandu Branch,144124.0,545,,0.0,Business,12.7,46647.0,739233.0,146295.0,97252.0,21.0,49.0,,,114.0,4144.0,5.0,119924.0,29273.0,1911136.0,Vip,5,2,2026-04-03,High,No,Rm_C
C0992,Customer_992,Female,23,Kathmandu,Koshi,Analyst,Master,Unmarried,Acc100993,Current,2021-02-26,Kathmandu Branch,143701.0,691,,0.0,Home,15.14,23140.0,1292767.0,30801.0,92835.0,20.0,59.0,,,17.0,15905.0,25.0,563770.0,20853.0,694320.0,Retail,4,0,2026-05-09,Medium,Yes,Rm_A
C0817,Customer_817,Male,55,Chitwan,Koshi,Doctor,Unspecified,Married,Acc100818,Current,2025-05-04,Pokhara Branch,52324.0,850,,0.0,Home,7.07,2355.0,691836.0,30387.0,97891.0,98.0,52.0,,,33.0,39150.0,18.0,935222.0,46949.0,1595685.0,Corporate,4,0,2025-09-26,Medium,No,Rm_A
C0119,Customer_119,Female,47,Kathmandu,Lumbini,Teacher,Master,Unmarried,Acc100120,Savings,2025-05-04,Kathmandu Branch,62689.0,703,,0.0,Business,11.5,17134.0,102507.0,138304.0,109521.0,97.0,59.0,,,6.0,4360.0,1.0,875346.0,42892.0,720050.0,Corporate,4,8,2026-06-12,Medium,Yes,Rm_B
C0635,Customer_635,Male,42,Lalitpur,Lumbini,Banker,+2,Married,Acc100636,Fixed Deposit,2022-01-29,Kathmandu Branch,240512.0,786,Active,1434804.0,Education,6.69,22911.0,341528.0,91633.0,25001.0,98.0,41.0,,,106.0,7078.0,15.0,873288.0,36815.0,352160.0,Corporate,5,0,2026-02-06,High,Yes,Rm_A
C0251,Customer_251,Female,44,Bhaktapur,Lumbini,Analyst,Bachelor,Unmarried,Acc100252,Current,2022-01-29,Pokhara Branch,230992.0,456,Closed,507067.0,Business,15.53,24210.0,1000204.0,125159.0,65915.0,18.0,60.0,,,85.0,14624.0,20.0,154080.0,28603.0,1563032.0,Retail,1,1,2026-05-05,Medium,Yes,Rm_B
C0406,Customer_406,Male,27,Lalitpur,Koshi,Analyst,Phd,Married,Acc100407,Current,2020-03-12,Pokhara Branch,134486.0,535,,0.0,Home,7.81,36571.0,1596229.0,126688.0,25289.0,14.0,33.0,,,146.0,39560.0,18.0,648921.0,20454.0,1517369.0,Vip,4,6,2026-02-23,Medium,Yes,Rm_A
C0718,Customer_718,Female,52,Butwal,Lumbini,Teacher,Bachelor,Unmarried,Acc100719,Fixed Deposit,2020-03-12,Lalitpur Branch,56948.0,583,Closed,579394.0,Business,15.41,7194.0,546596.0,101848.0,64134.0,45.0,28.0,,,84.0,25568.0,6.0,881972.0,16223.0,490335.0,Retail,2,0,2025-08-24,Low,No,Rm_B
C0705,Customer_705,Female,27,Kathmandu,Lumbini,Teacher,Phd,Unmarried,Acc100706,Savings,2021-06-08,Kathmandu Branch,161901.0,468,Active,632548.0,Home,10.12,36447.0,1492895.0,105142.0,109284.0,56.0,81.0,,,49.0,31905.0,12.0,249242.0,27212.0,740790.0,Corporate,5,9,2025-06-14,Medium,No,Rm_C
C0010,Customer_10,Male,29,Butwal,Koshi,Student,Phd,Married,Acc100011,Savings,2021-06-08,Chitwan Branch,62892.0,474,,0.0,Business,6.4,29881.0,537409.0,69600.0,47515.0,18.0,19.0,,,158.0,10876.0,0.0,791858.0,30739.0,372719.0,Retail,1,9,2025-06-28,Low,No,Rm_D
C0860,Customer_860,Female,37,Bhaktapur,Koshi,Business,Phd,Unmarried,Acc100861,Current,2021-06-05,Biratnagar Branch,39324.0,525,,0.0,Personal,10.52,12288.0,838829.0,60310.0,26755.0,29.0,66.0,,,162.0,26840.0,17.0,326670.0,48143.0,588773.0,Corporate,1,6,2025-11-07,High,Yes,Rm_B
C0197,Customer_197,Male,28,Butwal,Gandaki,Business,Master,Married,Acc100198,Savings,2021-06-05,Lalitpur Branch,136473.0,507,Closed,2655469.0,Home,13.04,26136.0,212021.0,32855.0,9599.0,27.0,6.0,,,154.0,41077.0,28.0,4720.0,16370.0,1812878.0,Vip,3,4,2025-08-25,High,Yes,Rm_D
C0653,Customer_653,Male,59,Chitwan,Koshi,Unemployed/Other,+2,Married,Acc100654,Savings,2021-09-26,Pokhara Branch,113011.0,458,Closed,1854028.0,Home,10.77,49702.0,840255.0,40236.0,25415.0,29.0,51.0,,,190.0,34013.0,3.0,959679.0,9980.0,1256349.0,Retail,1,5,2025-12-25,Low,Yes,Rm_C
C0082,Customer_82,Male,20,Biratnagar,Bagmati,Engineer,Bachelor,Unmarried,Acc100083,Fixed Deposit,2021-09-26,Butwal Branch,81565.0,529,Closed,629176.0,Business,13.27,14819.0,665048.0,94703.0,118020.0,53.0,91.0,,,197.0,19893.0,17.0,457061.0,44103.0,1678539.0,Retail,4,5,2026-05-14,Medium,No,Rm_B
C0448,Customer_448,Female,35,Butwal,Gandaki,Engineer,+2,Unmarried,Acc100449,Fixed Deposit,2023-06-20,Biratnagar Branch,184249.0,768,,0.0,Vehicle,6.8,3679.0,1053130.0,20124.0,87880.0,49.0,6.0,,,200.0,4242.0,29.0,644807.0,13894.0,486810.0,Corporate,4,2,2026-03-28,High,Yes,Rm_D
C0534,Customer_534,Female,63,Bhaktapur,Koshi,Doctor,+2,Unmarried,Acc100535,Savings,2024-09-12,Biratnagar Branch,119096.0,728,Active,2963610.0,Vehicle,10.02,42275.0,796569.0,89609.0,117360.0,99.0,49.0,,,137.0,5707.0,20.0,112977.0,49515.0,1775014.0,Vip,3,3,2026-05-22,Low,Yes,Rm_D
C0669,Customer_669,Female,42,Lalitpur,Bagmati,Student,Bachelor,Unmarried,Acc100670,Savings,2019-10-19,Pokhara Branch,39789.0,780,Active,2358327.0,Vehicle,12.29,24451.0,190622.0,24849.0,4218.0,45.0,93.0,,,107.0,25137.0,30.0,213660.0,31788.0,165169.0,Vip,1,1,2026-01-29,Medium,Yes,Rm_A
C0240,Customer_240,Female,46,Chitwan,Bagmati,Banker,Bachelor,Unmarried,Acc100241,Fixed Deposit,2019-10-19,Pokhara Branch,91678.0,809,Active,2441044.0,Vehicle,6.03,12711.0,415945.0,87060.0,16830.0,47.0,61.0,,,191.0,17324.0,2.0,539231.0,24204.0,551757.0,Corporate,4,3,2026-03-07,High,No,Rm_B
C0412,Customer_412,Male,21,Chitwan,Gandaki,Banker,Phd,Unmarried,Acc100413,Savings,2025-06-05,Chitwan Branch,63739.0,514,Active,879975.0,Vehicle,12.66,24105.0,1579605.0,59842.0,98601.0,88.0,42.0,,,36.0,28557.0,1.0,693082.0,11872.0,1917887.0,Retail,4,5,2025-08-08,Low,Yes,Rm_D
C0212,Customer_212,Male,61,Lalitpur,Gandaki,Student,Phd,Unmarried,Acc100213,Savings,2025-06-05,Pokhara Branch,34778.0,708,Active,1142064.0,Business,8.27,25836.0,104053.0,106240.0,56831.0,59.0,10.0,,,36.0,19229.0,11.0,845664.0,191.0,305458.0,Corporate,1,2,2025-11-14,High,Yes,Rm_A
C0774,Customer_774,Male,27,Bhaktapur,Gandaki,Banker,Phd,Married,Acc100775,Savings,2020-09-28,Bhaktapur Branch,96964.0,464,Closed,61874.0,Vehicle,7.76,13919.0,1577236.0,139458.0,86264.0,18.0,20.0,,,96.0,43968.0,6.0,414017.0,18676.0,1721340.0,Vip,5,4,2025-08-28,High,No,Rm_A
C0546,Customer_546,Male,22,Biratnagar,Bagmati,Banker,Bachelor,Married,Acc100547,Savings,2020-07-19,Pokhara Branch,61120.0,759,,0.0,Business,8.72,32215.0,1813382.0,135023.0,115933.0,24.0,55.0,,,52.0,13922.0,29.0,856131.0,45913.0,444176.0,Corporate,2,6,2025-08-04,Medium,No,Rm_A
C0520,Customer_520,Male,31,Butwal,Gandaki,Teacher,Phd,Unmarried,Acc100521,Savings,2020-07-19,Pokhara Branch,152663.0,681,,0.0,Personal,10.8,45057.0,1061785.0,48849.0,15720.0,0.0,6.0,,,193.0,42380.0,0.0,863282.0,11657.0,473751.0,Retail,5,6,2025-08-27,High,No,Rm_D
C0228,Customer_228,Female,36,Butwal,Koshi,Banker,Phd,Married,Acc100229,Savings,2020-07-19,Pokhara Branch,211911.0,811,Closed,2147470.0,Vehicle,6.92,4827.0,1650658.0,51546.0,9204.0,75.0,100.0,,,70.0,5163.0,6.0,343963.0,23922.0,1331134.0,Retail,5,10,2025-08-23,Medium,Yes,Rm_A
C0923,Customer_923,Female,39,Biratnagar,Koshi,Student,+2,Unmarried,Acc100924,Current,2020-07-19,Chitwan Branch,185641.0,490,Closed,1487343.0,Vehicle,7.77,41840.0,375363.0,91393.0,1826.0,34.0,100.0,,,177.0,35452.0,23.0,988773.0,14711.0,1155721.0,Vip,2,10,2026-03-13,Low,No,Rm_A
C0405,Customer_405,Female,23,Bhaktapur,Bagmati,Business,Phd,Unmarried,Acc100406,Fixed Deposit,2021-03-05,Bhaktapur Branch,207162.0,722,,0.0,Vehicle,15.0,21944.0,869657.0,48450.0,41425.0,26.0,4.0,,,163.0,3058.0,4.0,921223.0,5209.0,1739308.0,Corporate,5,0,2025-09-17,High,Yes,Rm_C
C0890,Customer_890,Female,27,Biratnagar,Lumbini,Analyst,Phd,Unmarried,Acc100891,Savings,2025-02-19,Pokhara Branch,80792.0,669,Active,1037316.0,Business,6.12,42905.0,700716.0,86214.0,101882.0,58.0,11.0,,,91.0,49385.0,0.0,382567.0,37400.0,423426.0,Vip,3,10,2026-01-30,Low,No,Rm_C
C0178,Customer_178,Female,33,Kathmandu,Lumbini,Student,Master,Unmarried,Acc100179,Savings,2025-08-08,Kathmandu Branch,228509.0,637,,0.0,Personal,6.5,37474.0,1397582.0,32968.0,63335.0,97.0,55.0,,,136.0,42247.0,6.0,857748.0,33049.0,907849.0,Corporate,1,5,2025-07-25,Low,No,Rm_B
C0466,Customer_466,Female,35,Kathmandu,Bagmati,Student,Master,Married,Acc100467,Fixed Deposit,2025-08-08,Pokhara Branch,211197.0,724,,0.0,Home,13.14,30258.0,258138.0,62820.0,12866.0,30.0,64.0,,,58.0,44490.0,12.0,273447.0,5047.0,1329860.0,Vip,1,6,2025-08-15,Low,Yes,Rm_A
C0431,Customer_431,Male,64,Bhaktapur,Bagmati,Analyst,Phd,Married,Acc100432,Fixed Deposit,2025-08-08,Lalitpur Branch,209094.0,686,Closed,2890112.0,Education,15.75,49943.0,955680.0,121279.0,93800.0,45.0,18.0,,,110.0,28246.0,12.0,298590.0,29417.0,1314598.0,Vip,2,1,2026-06-02,Low,Yes,Rm_D
C0533,Customer_533,Female,25,Pokhara,Gandaki,Student,+2,Married,Acc100534,Current,2023-07-21,Butwal Branch,95752.0,844,Closed,525498.0,Personal,9.42,13071.0,1061740.0,4399.0,99496.0,88.0,91.0,,,21.0,44890.0,6.0,886579.0,519.0,1057544.0,Retail,2,2,2025-07-28,High,No,Rm_C
C0696,Customer_696,Male,31,Biratnagar,Bagmati,Analyst,Phd,Unmarried,Acc100697,Current,2022-12-12,Lalitpur Branch,126954.0,589,Closed,2941791.0,Vehicle,8.29,13339.0,611146.0,67754.0,93243.0,72.0,97.0,,,74.0,29272.0,28.0,952583.0,32619.0,1234002.0,Vip,5,2,2026-03-04,High,Yes,Rm_B
C0479,Customer_479,Male,60,Butwal,Bagmati,Teacher,Phd,Unmarried,Acc100480,Savings,2019-12-15,Lalitpur Branch,27888.0,675,,0.0,Personal,8.12,40245.0,675467.0,97395.0,5418.0,1.0,8.0,,,173.0,17889.0,10.0,668072.0,14784.0,537019.0,Vip,5,5,2025-12-06,High,Yes,Rm_D
C0689,Customer_689,Female,22,Kathmandu,Koshi,Student,Phd,Married,Acc100690,Current,2022-05-14,Pokhara Branch,87408.0,584,Closed,888675.0,Business,10.95,48582.0,1055942.0,109698.0,73108.0,85.0,35.0,,,55.0,25823.0,27.0,76958.0,12455.0,1093042.0,Corporate,2,2,2026-04-21,High,No,Rm_B
C0008,Customer_8,Male,42,Lalitpur,Gandaki,Banker,Phd,Unmarried,Acc100009,Current,2022-05-14,Pokhara Branch,40616.0,476,Active,930640.0,Home,15.19,45297.0,1255967.0,41134.0,52831.0,27.0,7.0,,,1.0,4910.0,18.0,367099.0,40229.0,491090.0,Corporate,1,7,2026-05-12,Medium,Yes,Rm_C
C0156,Customer_156,Male,37,Lalitpur,Bagmati,Teacher,Phd,Married,Acc100157,Savings,2022-05-14,Kathmandu Branch,225101.0,731,Closed,1042202.0,Home,9.47,33249.0,12032.0,3842.0,31544.0,43.0,63.0,,,137.0,30168.0,23.0,978019.0,9552.0,1284951.0,Corporate,1,7,2025-08-21,High,Yes,Rm_A
C0358,Customer_358,Male,54,Chitwan,Lumbini,Analyst,+2,Unmarried,Acc100359,Current,2022-05-14,Kathmandu Branch,215083.0,728,Active,2317716.0,Education,9.4,37156.0,675731.0,123928.0,26961.0,76.0,40.0,,,73.0,42332.0,28.0,217315.0,10395.0,264072.0,Vip,1,5,2025-08-28,High,Yes,Rm_C
C0585,Customer_585,Male,21,Chitwan,Lumbini,Student,Bachelor,Married,Acc100586,Savings,2020-09-24,Bhaktapur Branch,32242.0,472,Closed,488301.0,Personal,7.86,39590.0,494332.0,9622.0,72692.0,48.0,38.0,,,46.0,6397.0,23.0,249570.0,36056.0,1324848.0,Corporate,1,10,2025-12-17,High,No,Rm_B
C0224,Customer_224,Male,29,Kathmandu,Gandaki,Teacher,Bachelor,Unmarried,Acc100225,Fixed Deposit,2020-03-16,Kathmandu Branch,202069.0,661,Closed,624561.0,Home,14.33,36158.0,1288220.0,85001.0,49962.0,30.0,19.0,,,71.0,47581.0,24.0,580949.0,44669.0,1189502.0,Retail,5,6,2025-10-22,High,No,Rm_B
C0330,Customer_330,Female,49,Biratnagar,Lumbini,Doctor,+2,Married,Acc100331,Current,2020-07-11,Butwal Branch,249009.0,460,Closed,2068083.0,Education,11.04,40676.0,1014179.0,86739.0,97964.0,49.0,75.0,,,96.0,14732.0,13.0,2194.0,1328.0,1414568.0,Retail,3,3,2026-03-19,High,Yes,Rm_A
C0634,Customer_634,Female,20,Chitwan,Bagmati,Analyst,+2,Unmarried,Acc100635,Fixed Deposit,2019-09-06,Biratnagar Branch,227583.0,740,Active,1866066.0,Education,6.9,48184.0,234814.0,40353.0,97530.0,52.0,21.0,,,40.0,34442.0,4.0,621019.0,7768.0,271007.0,Vip,3,0,2025-10-27,High,Yes,Rm_D
C0823,Customer_823,Female,42,Bhaktapur,Gandaki,Student,+2,Married,Acc100824,Savings,2022-12-01,Pokhara Branch,184864.0,690,Active,683734.0,Vehicle,13.63,24021.0,511430.0,100110.0,68897.0,89.0,25.0,,,91.0,22963.0,12.0,168988.0,26791.0,830375.0,Retail,1,1,2026-03-06,Medium,Yes,Rm_D
C0869,Customer_869,Male,62,Lalitpur,Bagmati,Banker,Bachelor,Unmarried,Acc100870,Fixed Deposit,2022-12-01,Lalitpur Branch,189317.0,570,Active,2387661.0,Personal,6.98,34228.0,1823717.0,15058.0,41915.0,86.0,45.0,,,175.0,47896.0,29.0,18336.0,14776.0,1591852.0,Corporate,4,1,2025-10-14,Low,Yes,Rm_C
C0612,Customer_612,Female,54,Bhaktapur,Lumbini,Engineer,Phd,Married,Acc100613,Current,2021-10-07,Kathmandu Branch,183045.0,840,Closed,2458100.0,Vehicle,7.61,24726.0,1847727.0,96465.0,106911.0,78.0,15.0,,,170.0,1081.0,26.0,666288.0,23339.0,1077500.0,Corporate,4,2,2026-05-31,Low,Yes,Rm_B
C0747,Customer_747,Female,43,Biratnagar,Gandaki,Analyst,Master,Married,Acc100748,Fixed Deposit,2022-08-28,Kathmandu Branch,146816.0,743,Closed,1639728.0,Business,6.85,15115.0,1862810.0,70080.0,88641.0,85.0,53.0,,,8.0,44243.0,3.0,804747.0,45308.0,1423232.0,Corporate,5,9,2025-07-30,Medium,Yes,Rm_D
C0679,Customer_679,Male,41,Bhaktapur,Bagmati,Engineer,Bachelor,Married,Acc100680,Fixed Deposit,2024-01-31,Lalitpur Branch,87936.0,569,,0.0,Home,10.49,5150.0,1341724.0,132169.0,14120.0,40.0,59.0,,,148.0,15801.0,14.0,52176.0,39858.0,1501277.0,Corporate,4,8,2026-01-07,High,Yes,Rm_C
C0810,Customer_810,Male,29,Kathmandu,Lumbini,Doctor,Master,Unmarried,Acc100811,Current,2025-10-01,Kathmandu Branch,51469.0,690,Closed,2567347.0,Education,11.48,25238.0,247560.0,133473.0,37714.0,63.0,18.0,,,133.0,5332.0,30.0,825746.0,49921.0,529049.0,Vip,4,2,2026-03-21,Low,Yes,Rm_B
C0495,Customer_495,Male,58,Biratnagar,Lumbini,Teacher,Phd,Unmarried,Acc100496,Current,2021-12-04,Lalitpur Branch,191724.0,553,Closed,2800337.0,Personal,6.69,44936.0,306824.0,103588.0,21475.0,87.0,19.0,,,65.0,32603.0,13.0,757792.0,43705.0,1062215.0,Retail,1,7,2025-11-14,Low,No,Rm_A
C0573,Customer_573,Female,32,Biratnagar,Gandaki,Engineer,Phd,Unmarried,Acc100574,Current,2023-05-01,Kathmandu Branch,204752.0,722,Closed,190088.0,Education,13.49,41309.0,1630450.0,73873.0,66235.0,87.0,34.0,,,60.0,45468.0,14.0,692010.0,41121.0,1310955.0,Corporate,3,2,2025-09-23,Low,Yes,Rm_A
C0629,Customer_629,Female,36,Kathmandu,Koshi,Doctor,+2,Unmarried,Acc100630,Fixed Deposit,2020-04-21,Butwal Branch,113294.0,795,,0.0,Business,15.74,30861.0,108407.0,145851.0,21167.0,2.0,45.0,,,85.0,12946.0,22.0,171520.0,208.0,599010.0,Retail,3,4,2026-03-23,Medium,No,Rm_A
C0763,Customer_763,Male,27,Bhaktapur,Gandaki,Student,+2,Married,Acc100764,Savings,2020-04-03,Butwal Branch,114316.0,473,Closed,2812123.0,Home,7.45,44944.0,1417094.0,3377.0,109829.0,51.0,98.0,,,199.0,26637.0,27.0,139844.0,19025.0,1237810.0,Vip,4,0,2025-09-30,High,No,Rm_A
C0959,Customer_959,Female,43,Chitwan,Bagmati,Engineer,Phd,Unmarried,Acc100960,Savings,2025-02-19,Chitwan Branch,207190.0,700,,0.0,Personal,9.42,2665.0,1596171.0,34391.0,69426.0,30.0,91.0,,,58.0,39816.0,8.0,26981.0,1678.0,1624863.0,Corporate,5,4,2025-09-09,High,Yes,Rm_A
C0164,Customer_164,Female,63,Chitwan,Bagmati,Student,Bachelor,Married,Acc100165,Current,2022-02-28,Pokhara Branch,178707.0,803,Closed,391117.0,Home,6.78,23235.0,182890.0,101920.0,86022.0,1.0,62.0,,,179.0,39964.0,26.0,631008.0,48909.0,1299461.0,Retail,5,8,2026-04-22,Low,Yes,Rm_C
C0229,Customer_229,Female,42,Bhaktapur,Gandaki,Business,+2,Married,Acc100230,Current,2019-09-30,Biratnagar Branch,93055.0,688,,0.0,Business,13.29,47068.0,1182665.0,136732.0,11112.0,12.0,60.0,,,28.0,11455.0,2.0,151582.0,19466.0,1189834.0,Vip,5,10,2026-02-23,Low,No,Rm_D
C0524,Customer_524,Female,55,Kathmandu,Gandaki,Student,Master,Unmarried,Acc100525,Current,2019-09-30,Kathmandu Branch,136970.0,590,Closed,2761704.0,Personal,7.39,34400.0,219197.0,1414.0,68562.0,11.0,82.0,,,60.0,45523.0,7.0,118941.0,3035.0,3468.0,Retail,5,1,2025-09-12,Low,No,Rm_C
C0787,Customer_787,Female,61,Bhaktapur,Bagmati,Teacher,+2,Married,Acc100788,Current,2021-10-03,Chitwan Branch,161680.0,727,,0.0,Business,14.94,49675.0,1108706.0,107084.0,85513.0,17.0,59.0,,,58.0,38815.0,23.0,485502.0,14133.0,1663934.0,Corporate,1,3,2026-05-09,Medium,Yes,Rm_D
C0213,Customer_213,Female,40,Butwal,Lumbini,Teacher,Bachelor,Unmarried,Acc100214,Fixed Deposit,2020-12-20,Chitwan Branch,35485.0,468,Closed,2476677.0,Education,9.59,41070.0,791933.0,73925.0,65052.0,75.0,23.0,,,96.0,22704.0,1.0,216651.0,17347.0,29616.0,Vip,1,1,2026-06-05,Medium,Yes,Rm_B
C0826,Customer_826,Female,39,Bhaktapur,Gandaki,Student,Phd,Unmarried,Acc100827,Fixed Deposit,2023-09-24,Biratnagar Branch,159688.0,473,,0.0,Vehicle,7.63,36636.0,1297909.0,47188.0,83560.0,10.0,28.0,,,106.0,46872.0,2.0,711274.0,28247.0,960187.0,Corporate,2,8,2025-06-27,Low,Yes,Rm_C
C0080,Customer_80,Female,47,Bhaktapur,Koshi,Business,Master,Married,Acc100081,Fixed Deposit,2022-10-31,Kathmandu Branch,116261.0,740,,0.0,Personal,15.78,30161.0,878726.0,5878.0,22535.0,99.0,59.0,,,95.0,5364.0,8.0,338728.0,45836.0,1351925.0,Retail,5,0,2025-10-04,Medium,Yes,Rm_C
C0149,Customer_149,Female,41,Biratnagar,Gandaki,Doctor,Phd,Married,Acc100150,Fixed Deposit,2025-04-19,Bhaktapur Branch,238771.0,766,,0.0,Personal,11.67,49563.0,1213520.0,56448.0,90531.0,58.0,84.0,,,191.0,23944.0,5.0,4493.0,33538.0,692132.0,Retail,2,2,2025-12-24,Low,Yes,Rm_B
C0303,Customer_303,Female,41,Pokhara,Lumbini,Teacher,+2,Married,Acc100304,Savings,2019-11-11,Bhaktapur Branch,214685.0,686,,0.0,Education,15.64,37053.0,434638.0,27154.0,88183.0,69.0,14.0,,,40.0,37273.0,20.0,621776.0,8942.0,1095241.0,Retail,4,9,2025-10-03,Medium,Yes,Rm_A
C0449,Customer_449,Male,62,Chitwan,Bagmati,Student,+2,Unmarried,Acc100450,Current,2025-03-23,Biratnagar Branch,195115.0,766,Closed,2122337.0,Personal,8.34,41014.0,180027.0,89472.0,97321.0,6.0,3.0,,,91.0,19842.0,23.0,507651.0,6809.0,1842491.0,Retail,3,0,2025-09-19,Low,No,Rm_A
C0502,Customer_502,Female,38,Chitwan,Koshi,Doctor,+2,Married,Acc100503,Savings,2025-03-23,Chitwan Branch,95779.0,801,Active,2281582.0,Home,10.67,20999.0,362321.0,29339.0,25963.0,12.0,17.0,,,36.0,40784.0,26.0,963861.0,36550.0,430335.0,Vip,2,8,2026-03-16,High,Yes,Rm_C
C0549,Customer_549,Male,39,Lalitpur,Lumbini,Unemployed/Other,Bachelor,Unmarried,Acc100550,Fixed Deposit,2024-03-08,Pokhara Branch,39104.0,713,,0.0,Education,6.69,13767.0,827071.0,7207.0,45484.0,84.0,55.0,,,144.0,8699.0,28.0,803454.0,9487.0,1063976.0,Corporate,5,5,2025-10-26,Low,Yes,Rm_D
C0842,Customer_842,Female,41,Biratnagar,Gandaki,Engineer,Master,Married,Acc100843,Current,2021-03-21,Lalitpur Branch,165779.0,666,Closed,1654414.0,Home,6.53,19039.0,1203456.0,48353.0,90000.0,61.0,25.0,,,153.0,28973.0,1.0,706731.0,24882.0,1841175.0,Vip,2,1,2025-10-27,Low,No,Rm_A
C0044,Customer_44,Female,21,Bhaktapur,Lumbini,Engineer,+2,Married,Acc100045,Current,2022-10-06,Lalitpur Branch,248000.0,782,Closed,805400.0,Vehicle,10.59,49798.0,1705294.0,38389.0,27425.0,79.0,7.0,,,119.0,23806.0,16.0,617202.0,13498.0,1885934.0,Vip,2,3,2025-09-26,Low,Yes,Rm_C
C0494,Customer_494,Female,55,Bhaktapur,Gandaki,Business,Phd,Married,Acc100495,Savings,2023-04-03,Biratnagar Branch,193637.0,504,Closed,1232784.0,Home,12.07,8405.0,69625.0,82152.0,99911.0,74.0,77.0,,,156.0,17741.0,11.0,468448.0,41196.0,834614.0,Corporate,5,10,2026-04-29,Low,No,Rm_B
C0134,Customer_134,Male,51,Bhaktapur,Bagmati,Doctor,Phd,Unmarried,Acc100135,Savings,2023-12-21,Lalitpur Branch,194212.0,777,Closed,848983.0,Education,8.38,46472.0,467367.0,34055.0,62196.0,69.0,95.0,,,186.0,33922.0,25.0,911113.0,31160.0,971112.0,Vip,3,0,2026-02-09,Low,Yes,Rm_B
C0595,Customer_595,Male,23,Butwal,Koshi,Banker,Bachelor,Unmarried,Acc100596,Fixed Deposit,2023-06-09,Kathmandu Branch,218980.0,738,Closed,1505558.0,Education,15.08,42736.0,885936.0,39329.0,64982.0,22.0,97.0,,,136.0,2579.0,17.0,756039.0,1947.0,649865.0,Vip,3,6,2026-05-04,Medium,No,Rm_D
C0312,Customer_312,Female,35,Biratnagar,Koshi,Business,Master,Married,Acc100313,Savings,2022-02-25,Biratnagar Branch,225613.0,536,Closed,156176.0,Business,6.37,14227.0,1456607.0,56785.0,77004.0,26.0,62.0,,,192.0,4907.0,14.0,597514.0,6075.0,165928.0,Retail,4,9,2026-03-10,High,No,Rm_B
C0508,Customer_508,Female,53,Butwal,Lumbini,Analyst,+2,Married,Acc100509,Current,2023-12-30,Kathmandu Branch,200955.0,611,Active,1406331.0,Education,14.78,47352.0,1019534.0,43623.0,71455.0,6.0,30.0,,,21.0,1603.0,22.0,325073.0,40934.0,1479775.0,Vip,2,0,2025-07-12,Medium,No,Rm_D
C0656,Customer_656,Female,33,Biratnagar,Koshi,Doctor,Master,Unmarried,Acc100657,Savings,2023-01-28,Biratnagar Branch,114381.0,833,Active,571012.0,Vehicle,6.69,11586.0,149606.0,56229.0,101413.0,71.0,58.0,,,141.0,13552.0,28.0,952438.0,28254.0,804516.0,Retail,5,4,2025-11-19,Low,No,Rm_A
C0517,Customer_517,Male,31,Bhaktapur,Gandaki,Analyst,+2,Married,Acc100518,Current,2026-03-23,Lalitpur Branch,85896.0,607,Closed,364905.0,Vehicle,11.86,20145.0,1349009.0,52633.0,22750.0,58.0,1.0,,,151.0,42801.0,10.0,294790.0,5339.0,1012070.0,Retail,1,1,2026-03-08,Low,Yes,Rm_C
C0850,Customer_850,Female,21,Biratnagar,Gandaki,Teacher,Unspecified,Married,Acc100851,Savings,2022-04-22,Lalitpur Branch,228057.0,789,,0.0,Home,14.85,26539.0,399540.0,117274.0,23396.0,63.0,84.0,,,132.0,34967.0,1.0,92067.0,32196.0,72790.0,Vip,1,8,2025-11-23,Medium,No,Rm_C
C0812,Customer_812,Female,48,Lalitpur,Bagmati,Doctor,+2,Married,Acc100813,Current,2021-07-04,Butwal Branch,203184.0,609,Closed,414033.0,Home,8.58,38513.0,1248335.0,61641.0,49942.0,99.0,73.0,,,181.0,30707.0,25.0,841487.0,19242.0,1564924.0,Corporate,2,3,2025-06-23,Low,Yes,Rm_B
C0001,Customer_1,Male,47,Pokhara,Gandaki,Business,+2,Unmarried,Acc100002,Current,2024-10-01,Biratnagar Branch,193846.0,585,,0.0,Business,8.16,35867.0,804869.0,42693.0,108982.0,58.0,62.0,,,112.0,24533.0,2.0,250100.0,11949.0,611742.0,Retail,5,2,2025-08-17,Low,Yes,Rm_B
C0783,Customer_783,Male,41,Chitwan,Bagmati,Doctor,+2,Married,Acc100784,Current,2026-01-09,Lalitpur Branch,47545.0,722,,0.0,Business,12.37,11488.0,78147.0,131375.0,17566.0,44.0,18.0,,,154.0,1823.0,9.0,259483.0,23290.0,1372202.0,Vip,3,4,2025-10-12,High,Yes,Rm_B
C0383,Customer_383,Female,60,Biratnagar,Lumbini,Unemployed/Other,Phd,Married,Acc100384,Fixed Deposit,2022-07-08,Biratnagar Branch,205974.0,646,Closed,75199.0,Business,8.13,30248.0,1041839.0,112341.0,109457.0,95.0,28.0,,,168.0,20426.0,28.0,46423.0,33262.0,1711882.0,Corporate,2,6,2025-12-13,High,No,Rm_A
C0317,Customer_317,Female,40,Kathmandu,Lumbini,Doctor,Bachelor,Married,Acc100318,Fixed Deposit,2022-05-04,Lalitpur Branch,103611.0,583,Active,618108.0,Education,12.34,47100.0,1112306.0,136492.0,112277.0,2.0,11.0,,,155.0,7445.0,20.0,245544.0,8231.0,874966.0,Corporate,2,8,2025-12-04,Low,Yes,Rm_D
C0762,Customer_762,Male,65,Butwal,Gandaki,Analyst,Master,Married,Acc100763,Savings,2022-05-31,Butwal Branch,155652.0,674,Closed,1180668.0,Education,10.91,21762.0,637714.0,29833.0,53204.0,15.0,68.0,,,181.0,38077.0,1.0,407915.0,43321.0,920344.0,Vip,4,7,2026-05-24,Medium,Yes,Rm_D
C0592,Customer_592,Female,65,Lalitpur,Lumbini,Banker,Master,Married,Acc100593,Savings,2021-11-24,Lalitpur Branch,90007.0,763,,0.0,Business,13.66,16160.0,1710190.0,117978.0,62282.0,95.0,26.0,,,47.0,47527.0,29.0,985923.0,23510.0,439237.0,Corporate,5,8,2026-06-07,Low,Yes,Rm_B
C0409,Customer_409,Male,44,Biratnagar,Koshi,Engineer,Master,Married,Acc100410,Current,2024-06-23,Biratnagar Branch,100498.0,597,Closed,1097296.0,Business,14.61,26050.0,339856.0,102237.0,2121.0,67.0,37.0,,,152.0,5350.0,25.0,109091.0,5683.0,1947151.0,Retail,1,10,2026-02-18,High,Yes,Rm_C
C0942,Customer_942,Female,21,Kathmandu,Lumbini,Analyst,Master,Unmarried,Acc100943,Savings,2025-03-31,Lalitpur Branch,48635.0,653,,0.0,Vehicle,13.83,12181.0,1550154.0,42683.0,91229.0,2.0,32.0,,,6.0,33979.0,0.0,696854.0,39330.0,1814782.0,Vip,1,3,2025-10-08,Medium,Yes,Rm_B
C0751,Customer_751,Female,52,Chitwan,Bagmati,Student,Bachelor,Unmarried,Acc100752,Current,2021-02-14,Chitwan Branch,132379.0,641,Closed,2349822.0,Personal,10.27,41961.0,128413.0,126982.0,51399.0,3.0,73.0,,,194.0,9660.0,24.0,996147.0,26356.0,1569923.0,Retail,4,10,2025-07-16,High,No,Rm_B
C0173,Customer_173,Female,54,Chitwan,Koshi,Analyst,+2,Married,Acc100174,Savings,2020-12-01,Chitwan Branch,31252.0,816,Active,1918944.0,Business,9.19,16455.0,1611763.0,55712.0,63902.0,94.0,6.0,,,34.0,27257.0,1.0,989477.0,21071.0,184123.0,Vip,4,2,2025-07-02,High,Yes,Rm_C
C0126,Customer_126,Male,36,Bhaktapur,Koshi,Banker,Phd,Unmarried,Acc100127,Current,2024-01-16,Lalitpur Branch,95165.0,577,Active,298848.0,Business,8.66,9468.0,329713.0,56105.0,110761.0,9.0,79.0,,,20.0,2623.0,23.0,167822.0,28502.0,426533.0,Retail,5,0,2026-06-07,Low,Yes,Rm_A
C0697,Customer_697,Male,49,Biratnagar,Lumbini,Analyst,+2,Married,Acc100698,Fixed Deposit,2026-04-14,Butwal Branch,30780.0,731,Closed,1716535.0,Education,13.31,38330.0,1910905.0,72919.0,41416.0,0.0,77.0,,,11.0,5196.0,8.0,780456.0,33005.0,1278871.0,Vip,1,5,2026-02-04,Low,No,Rm_D
C0500,Customer_500,Female,36,Lalitpur,Koshi,Analyst,Phd,Unmarried,Acc100501,Savings,2020-02-25,Bhaktapur Branch,208811.0,741,,0.0,Education,7.5,30392.0,584783.0,37766.0,25537.0,49.0,80.0,,,113.0,16270.0,18.0,16110.0,35929.0,1871666.0,Corporate,2,3,2025-09-13,Medium,Yes,Rm_A
C0597,Customer_597,Male,38,Butwal,Bagmati,Doctor,Master,Unmarried,Acc100598,Savings,2020-07-21,Kathmandu Branch,182047.0,479,Active,210022.0,Business,12.94,26192.0,1491734.0,55176.0,11538.0,94.0,83.0,,,90.0,23222.0,13.0,496235.0,15159.0,215275.0,Corporate,1,9,2026-04-17,Low,Yes,Rm_A
C0972,Customer_972,Female,56,Pokhara,Lumbini,Banker,+2,Married,Acc100973,Savings,2025-08-26,Lalitpur Branch,123817.0,631,,0.0,Personal,15.3,35105.0,1774368.0,123136.0,42260.0,49.0,91.0,,,188.0,14804.0,24.0,790517.0,35368.0,317623.0,Retail,2,9,2026-04-22,High,No,Rm_B
C0091,Customer_91,Male,64,Pokhara,Lumbini,Doctor,Master,Unmarried,Acc100092,Fixed Deposit,2025-04-14,Bhaktapur Branch,237613.0,750,,0.0,Business,13.64,46042.0,1363648.0,62699.0,75104.0,41.0,10.0,,,138.0,12046.0,5.0,992382.0,36240.0,1188564.0,Corporate,1,10,2026-02-04,Medium,Yes,Rm_C
C0182,Customer_182,Male,22,Kathmandu,Gandaki,Engineer,Bachelor,Unmarried,Acc100183,Fixed Deposit,2020-05-23,Pokhara Branch,141052.0,515,Closed,386018.0,Business,6.57,7175.0,1161271.0,78554.0,39676.0,52.0,60.0,,,99.0,38247.0,20.0,782994.0,35612.0,224757.0,Corporate,3,6,2025-06-15,Medium,Yes,Rm_B
C0364,Customer_364,Male,21,Bhaktapur,Lumbini,Engineer,Bachelor,Unmarried,Acc100365,Current,2020-06-12,Chitwan Branch,135212.0,612,Closed,1949230.5,Personal,11.14,42610.0,38556.0,64063.0,106551.0,17.0,91.0,,,21.0,45197.0,24.0,841155.0,38385.0,1890341.0,Vip,1,8,2025-10-04,High,No,Rm_C
C0275,Customer_275,Female,61,Chitwan,Gandaki,Teacher,Bachelor,Married,Acc100276,Fixed Deposit,2019-12-26,Biratnagar Branch,230854.0,467,,0.0,Education,12.46,27138.0,504823.0,1676.0,83945.0,75.0,5.0,,,7.0,46179.0,7.0,277272.0,26430.0,1710958.0,Retail,5,10,2026-02-08,High,Yes,Rm_A
C0753,Customer_753,Female,62,Kathmandu,Gandaki,Business,Master,Married,Acc100754,Savings,2022-06-27,Biratnagar Branch,245636.0,764,Closed,2460318.0,Vehicle,11.2,41163.0,1714094.0,115423.0,108520.0,74.0,14.0,,,145.0,49580.0,15.0,107765.0,15666.0,999660.0,Retail,4,2,2025-11-01,Low,Yes,Rm_D
C0963,Customer_963,Male,32,Bhaktapur,Gandaki,Engineer,Master,Married,Acc100964,Fixed Deposit,2022-07-02,Chitwan Branch,65476.0,515,Closed,1799832.0,Home,10.09,31173.0,1599999.0,110693.0,95604.0,11.0,19.0,,,104.0,47593.0,21.0,467452.0,38221.0,1823802.0,Retail,2,2,2025-12-27,Low,No,Rm_B
C0070,Customer_70,Female,37,Bhaktapur,Lumbini,Banker,+2,Married,Acc100071,Current,2021-10-14,Kathmandu Branch,119393.0,576,Active,1487103.0,Education,15.79,48213.0,1036544.0,63190.0,42610.0,3.0,7.0,,,83.0,12582.0,17.0,21642.0,46064.0,717528.0,Corporate,3,7,2025-09-11,Low,No,Rm_A
C0292,Customer_292,Female,22,Chitwan,Koshi,Student,Bachelor,Married,Acc100293,Fixed Deposit,2021-04-20,Bhaktapur Branch,150290.0,648,,0.0,Education,12.27,42041.0,1971344.0,46874.0,25610.0,16.0,53.0,,,49.0,13375.0,6.0,335038.0,46432.0,1163142.0,Retail,4,7,2025-10-20,Medium,No,Rm_C
C0132,Customer_132,Male,55,Chitwan,Gandaki,Banker,Master,Unmarried,Acc100133,Savings,2021-09-20,Kathmandu Branch,135290.0,695,Active,1944346.0,Home,7.68,17159.0,1394312.0,13334.0,56445.0,27.0,80.0,,,7.0,5991.0,9.0,372744.0,32139.0,1613495.0,Vip,4,8,2026-01-13,Medium,No,Rm_A
C0301,Customer_301,Male,34,Bhaktapur,Gandaki,Business,Master,Married,Acc100302,Current,2019-09-16,Biratnagar Branch,231073.0,789,,0.0,Vehicle,7.58,18961.0,1741789.0,136664.0,34830.0,69.0,27.0,,,139.0,5341.0,17.0,87876.0,33910.0,1312048.0,Corporate,4,0,2026-02-14,Low,Yes,Rm_B
C0713,Customer_713,Male,63,Chitwan,Gandaki,Business,Master,Married,Acc100714,Current,2025-08-27,Chitwan Branch,36530.0,555,Closed,1203278.0,Business,9.11,5788.0,394552.0,17371.0,12449.0,49.0,17.0,,,152.0,27914.0,1.0,859584.0,22008.0,1265141.0,Corporate,5,9,2026-05-20,Low,No,Rm_D
C0327,Customer_327,Female,43,Butwal,Bagmati,Teacher,Phd,Married,Acc100328,Current,2020-10-28,Pokhara Branch,61786.0,778,Closed,1886336.0,Home,14.65,12231.0,129174.0,86478.0,85639.0,97.0,52.0,,,157.0,14928.0,22.0,90615.0,47854.0,352775.0,Retail,3,8,2026-04-11,Medium,No,Rm_C
C0145,Customer_145,Female,40,Bhaktapur,Koshi,Business,Bachelor,Married,Acc100146,Fixed Deposit,2024-03-21,Chitwan Branch,241414.0,641,Active,995442.0,Personal,13.78,23909.0,597507.0,110784.0,9543.0,6.0,2.0,,,127.0,38038.0,29.0,185846.0,23779.0,589982.0,Corporate,5,10,2026-01-19,Medium,Yes,Rm_C
C0522,Customer_522,Male,47,Lalitpur,Bagmati,Student,Bachelor,Unmarried,Acc100523,Current,2022-07-31,Pokhara Branch,145388.0,565,,0.0,Home,10.9,3735.0,909025.0,110402.0,106247.0,14.0,37.0,,,7.0,14986.0,16.0,606542.0,41079.0,166802.0,Retail,1,5,2025-12-05,Low,No,Rm_D
C0964,Customer_964,Male,65,Butwal,Koshi,Student,Bachelor,Married,Acc100965,Savings,2024-07-18,Lalitpur Branch,127492.0,706,,0.0,Home,11.05,11398.0,1938228.0,144247.0,106399.0,77.0,92.0,,,44.0,6894.0,9.0,214348.0,20319.0,1453428.0,Retail,1,3,2025-11-14,Low,Yes,Rm_D
C0887,Customer_887,Female,32,Chitwan,Bagmati,Banker,Bachelor,Unmarried,Acc100888,Fixed Deposit,2021-07-13,Biratnagar Branch,223018.0,699,Closed,682848.0,Business,11.38,6364.0,608994.0,12887.0,16001.0,55.0,58.0,,,14.0,35470.0,19.0,870772.0,13469.0,1219036.0,Vip,5,8,2026-04-03,High,Yes,Rm_B
C0136,Customer_136,Male,61,Butwal,Bagmati,Analyst,Bachelor,Married,Acc100137,Current,2021-08-01,Chitwan Branch,142282.0,657,,0.0,Business,10.24,49848.0,1831979.0,69144.0,73050.0,59.0,21.0,,,8.0,20215.0,2.0,596592.0,1172.0,618959.0,Retail,5,8,2025-08-04,High,Yes,Rm_B
C0997,Customer_997,Female,42,Kathmandu,Gandaki,Analyst,Phd,Married,Acc100998,Savings,2021-04-12,Kathmandu Branch,158899.0,723,Closed,1933417.0,Business,13.85,19549.0,1566641.0,103306.0,112297.0,67.0,44.0,,,1.0,10091.0,4.0,281304.0,4022.0,1715424.0,Vip,2,7,2026-04-21,Low,Yes,Rm_A
C0723,Customer_723,Female,21,Butwal,Koshi,Doctor,+2,Married,Acc100724,Savings,2023-03-12,Kathmandu Branch,93690.0,532,Closed,1901043.0,Business,12.0,39633.0,1073752.0,63681.0,57051.0,88.0,82.0,,,187.0,30674.0,2.0,871680.0,2063.0,1016486.0,Corporate,5,2,2026-01-03,High,Yes,Rm_D
C0165,Customer_165,Male,25,Pokhara,Gandaki,Doctor,Phd,Unmarried,Acc100166,Savings,2025-09-14,Lalitpur Branch,116527.0,789,Closed,1937114.0,Personal,6.05,48507.0,1759880.0,97651.0,89688.0,13.0,14.0,,,136.0,49179.0,20.0,929972.0,7018.0,732275.0,Retail,4,9,2025-11-27,High,Yes,Rm_B
C0029,Customer_29,Male,47,Butwal,Bagmati,Analyst,Phd,Married,Acc100030,Savings,2026-01-26,Butwal Branch,162058.0,710,Closed,1235653.0,Vehicle,15.07,21138.0,703095.0,80791.0,91182.0,76.0,33.0,,,76.0,11236.0,26.0,885734.0,3860.0,166868.0,Corporate,4,3,2026-04-07,High,No,Rm_C
C0680,Customer_680,Female,36,Lalitpur,Gandaki,Unemployed/Other,Phd,Unmarried,Acc100681,Fixed Deposit,2020-12-22,Biratnagar Branch,127115.0,800,,0.0,Education,9.75,46988.0,1751872.0,35364.0,111629.0,25.0,93.0,,,89.0,30115.0,20.0,661926.0,48763.0,1915068.0,Corporate,4,7,2025-09-30,Medium,No,Rm_B
C0194,Customer_194,Female,41,Kathmandu,Koshi,Banker,+2,Unmarried,Acc100195,Savings,2020-02-07,Lalitpur Branch,136284.0,741,Closed,733474.0,Home,15.57,35554.0,1340878.0,110966.0,10287.0,93.0,92.0,,,153.0,41040.0,30.0,200379.0,16581.0,1501347.0,Retail,5,10,2026-06-05,High,No,Rm_C
C0814,Customer_814,Female,41,Lalitpur,Bagmati,Teacher,+2,Married,Acc100815,Current,2023-05-10,Chitwan Branch,208279.0,713,Closed,1592627.0,Business,7.69,23354.0,1456254.0,52338.0,56390.0,18.0,73.0,,,67.0,19493.0,26.0,22739.0,45955.0,1706001.0,Retail,1,8,2026-05-26,Medium,No,Rm_C
C0434,Customer_434,Female,25,Biratnagar,Bagmati,Banker,+2,Unmarried,Acc100435,Fixed Deposit,2023-05-10,Bhaktapur Branch,147084.0,474,Closed,1773679.0,Business,12.29,49018.0,1577018.0,146850.0,44911.0,63.0,52.0,,,80.0,37837.0,22.0,183722.0,34687.0,1326934.0,Corporate,5,6,2026-03-29,High,No,Rm_B
C0988,Customer_988,Male,24,Butwal,Gandaki,Business,Phd,Married,Acc100989,Savings,2020-10-17,Chitwan Branch,148915.0,524,Closed,2953439.0,Personal,14.37,7629.0,196133.0,52826.0,31943.0,93.0,39.0,,,78.0,39311.0,11.0,140386.0,44557.0,1066088.0,Retail,4,10,2025-11-02,Low,Yes,Rm_C
C0170,Customer_170,Female,61,Biratnagar,Lumbini,Business,Phd,Unmarried,Acc100171,Fixed Deposit,2024-12-02,Pokhara Branch,121071.0,536,Active,2720909.0,Home,12.73,23343.0,1628356.0,123871.0,68358.0,14.0,57.0,,,28.0,28901.0,16.0,323139.0,29723.0,1568143.0,Vip,1,8,2025-06-14,Medium,Yes,Rm_A
C0542,Customer_542,Male,45,Biratnagar,Koshi,Student,Bachelor,Married,Acc100543,Current,2025-03-26,Lalitpur Branch,238541.0,795,,0.0,Business,13.28,19189.0,1542431.0,56384.0,25247.0,79.0,79.0,,,178.0,46600.0,30.0,489115.0,40457.0,14939.0,Corporate,3,1,2026-04-07,Medium,Yes,Rm_B
C0141,Customer_141,Male,35,Chitwan,Bagmati,Student,Bachelor,Married,Acc100142,Fixed Deposit,2024-12-04,Lalitpur Branch,185421.0,823,,0.0,Personal,14.47,47125.0,1395484.0,17749.0,57926.0,5.0,71.0,,,199.0,3339.0,20.0,305017.0,39156.0,465926.0,Corporate,1,2,2025-12-17,Medium,Yes,Rm_C
C0174,Customer_174,Female,45,Lalitpur,Gandaki,Teacher,+2,Married,Acc100175,Fixed Deposit,2024-09-26,Chitwan Branch,217931.0,822,,0.0,Personal,11.77,45591.0,490201.0,70742.0,95250.0,19.0,6.0,,,155.0,4951.0,3.0,737487.0,5307.0,1957823.0,Vip,3,3,2025-09-20,High,Yes,Rm_A
C0007,Customer_7,Female,46,Pokhara,Bagmati,Student,Phd,Unmarried,Acc100008,Savings,2020-02-18,Chitwan Branch,190848.0,759,Active,441396.0,Personal,10.35,2513.0,1355172.0,64193.0,8425.0,44.0,89.0,,,179.0,7159.0,19.0,502578.0,30855.0,1050192.0,Vip,1,10,2025-07-01,Low,Yes,Rm_B
C0821,Customer_821,Male,38,Pokhara,Koshi,Doctor,Bachelor,Unmarried,Acc100822,Current,2023-04-30,Lalitpur Branch,59345.0,603,Closed,942062.0,Vehicle,8.87,34316.0,1429392.0,86146.0,108114.0,53.0,47.0,,,38.0,17860.0,5.0,288762.0,19364.0,1559016.0,Retail,3,3,2025-11-07,Low,No,Rm_C
C0536,Customer_536,Female,25,Lalitpur,Bagmati,Doctor,+2,Unmarried,Acc100537,Savings,2024-10-14,Bhaktapur Branch,52944.0,572,,0.0,Personal,6.03,37342.0,1740552.0,5039.0,40968.0,37.0,95.0,,,49.0,42623.0,5.0,402368.0,2141.0,1392975.0,Corporate,2,5,2025-11-07,High,No,Rm_B
C0962,Customer_962,Male,49,Bhaktapur,Gandaki,Business,+2,Unmarried,Acc100963,Fixed Deposit,2022-04-26,Biratnagar Branch,27804.0,649,Closed,423549.0,Personal,12.24,12016.0,1782918.0,46760.0,76306.0,4.0,2.0,,,156.0,20360.0,15.0,239792.0,30468.0,1862825.0,Retail,1,8,2025-08-27,Medium,No,Rm_D
C0856,Customer_856,Female,60,Chitwan,Koshi,Teacher,Master,Married,Acc100857,Savings,2021-06-30,Pokhara Branch,211582.0,664,Active,507300.0,Vehicle,8.27,25420.0,107131.0,46535.0,45269.0,71.0,44.0,,,145.0,3641.0,8.0,401706.0,23215.0,15587.0,Retail,5,3,2026-04-02,Low,No,Rm_B
C0074,Customer_74,Male,46,Chitwan,Bagmati,Banker,Master,Married,Acc100075,Savings,2025-03-04,Bhaktapur Branch,88771.0,568,Closed,2811471.0,Personal,7.58,22372.0,1484605.0,56533.0,108167.0,83.0,55.0,,,162.0,30150.0,14.0,610453.0,28448.0,1719607.0,Corporate,4,5,2025-11-14,Low,Yes,Rm_D
C0528,Customer_528,Male,40,Butwal,Lumbini,Doctor,Phd,Married,Acc100529,Savings,2022-07-08,Chitwan Branch,32229.0,806,Closed,1189703.0,Education,12.5,4949.0,1925243.0,92968.0,20712.0,75.0,39.0,,,123.0,23890.0,19.0,624887.0,14550.0,1535431.0,Retail,1,8,2026-05-17,Low,Yes,Rm_A
C0239,Customer_239,Male,20,Butwal,Bagmati,Student,Bachelor,Married,Acc100240,Current,2020-11-01,Chitwan Branch,123386.0,591,Active,2443550.0,Home,9.84,26830.0,804490.0,42008.0,38317.0,4.0,27.0,,,126.0,48337.0,18.0,981666.0,49990.0,47539.0,Corporate,3,8,2025-12-28,Medium,Yes,Rm_B
C0146,Customer_146,Male,44,Pokhara,Lumbini,Business,Bachelor,Unmarried,Acc100147,Savings,2023-10-10,Butwal Branch,87592.0,821,,0.0,Vehicle,13.85,17637.0,272427.0,13182.0,51945.0,34.0,92.0,,,64.0,38619.0,20.0,207629.0,43066.0,39071.0,Vip,5,5,2025-09-10,Medium,Yes,Rm_D
C0853,Customer_853,Female,32,Lalitpur,Bagmati,Engineer,+2,Married,Acc100854,Fixed Deposit,2021-07-19,Butwal Branch,227603.0,724,Active,2144728.0,Business,6.66,40153.0,1440966.0,144306.0,114792.0,50.0,29.0,,,173.0,25062.0,29.0,550621.0,28914.0,446132.0,Corporate,2,6,2026-04-13,High,No,Rm_D
C0235,Customer_235,Female,40,Bhaktapur,Gandaki,Banker,+2,Unmarried,Acc100236,Fixed Deposit,2021-07-01,Lalitpur Branch,128151.0,646,,0.0,Personal,10.51,10308.0,588915.0,111396.0,98607.0,40.0,68.0,,,53.0,19149.0,2.0,823143.0,27306.0,693285.0,Corporate,2,7,2025-09-25,Medium,No,Rm_A
C0221,Customer_221,Female,30,Chitwan,Gandaki,Engineer,+2,Married,Acc100222,Current,2026-03-26,Lalitpur Branch,90732.0,580,Active,1206391.0,Education,7.02,31451.0,851060.0,5157.0,26142.0,10.0,57.0,,,140.0,1179.0,7.0,263499.0,2404.0,341372.0,Vip,1,9,2026-01-26,High,No,Rm_C
C0215,Customer_215,Female,46,Biratnagar,Koshi,Analyst,Master,Married,Acc100216,Savings,2022-04-11,Butwal Branch,155922.0,496,Active,2719777.0,Business,9.06,22205.0,1899873.0,137638.0,117568.0,66.0,14.0,,,56.0,28956.0,5.0,138626.0,31570.0,717163.0,Corporate,3,8,2025-10-07,Low,No,Rm_B
C0712,Customer_712,Female,57,Biratnagar,Gandaki,Analyst,Master,Married,Acc100713,Current,2024-10-01,Chitwan Branch,102326.0,723,Active,888201.0,Business,7.43,30110.0,1565014.0,91808.0,17458.0,53.0,68.0,,,152.0,35659.0,23.0,232429.0,24125.0,1982924.0,Retail,2,4,2025-08-11,Low,No,Rm_D
C0133,Customer_133,Female,40,Kathmandu,Lumbini,Teacher,Master,Married,Acc100134,Current,2026-04-10,Kathmandu Branch,158195.0,636,Active,1316249.0,Home,13.36,40441.0,1051728.0,47860.0,112730.0,9.0,12.0,,,185.0,8947.0,2.0,700649.0,18070.0,24619.0,Retail,3,5,2026-04-17,Low,No,Rm_A
C0907,Customer_907,Male,39,Chitwan,Gandaki,Student,Bachelor,Married,Acc100908,Savings,2022-05-25,Pokhara Branch,85496.0,647,Active,1509021.0,Education,8.77,17254.0,363045.0,54182.0,8548.0,31.0,56.0,,,164.0,7336.0,8.0,568766.0,16339.0,1131553.0,Corporate,2,10,2026-06-06,High,No,Rm_B
C0708,Customer_708,Female,26,Lalitpur,Koshi,Doctor,+2,Married,Acc100709,Fixed Deposit,2026-05-06,Pokhara Branch,155710.0,658,Active,592777.0,Education,6.41,28091.0,1142484.0,99101.0,2133.0,54.0,4.0,,,84.0,7822.0,1.0,983798.0,41853.0,1238191.0,Vip,2,10,2026-06-08,High,No,Rm_B
C0423,Customer_423,Male,52,Pokhara,Lumbini,Engineer,+2,Married,Acc100424,Savings,2021-01-14,Biratnagar Branch,130444.0,522,,0.0,Business,8.61,30539.0,752429.0,17197.0,64683.0,0.0,38.0,,,68.0,39906.0,23.0,984246.0,462.0,814480.0,Corporate,4,3,2026-05-24,Medium,No,Rm_D
C0186,Customer_186,Male,62,Butwal,Lumbini,Analyst,Master,Unmarried,Acc100187,Savings,2024-03-30,Chitwan Branch,76892.0,759,Active,2223227.0,Vehicle,9.71,37800.0,827956.0,15976.0,7103.0,47.0,27.0,,,10.0,7610.0,15.0,792181.0,15509.0,1432805.0,Vip,2,5,2025-08-02,Medium,No,Rm_B
C0042,Customer_42,Male,56,Bhaktapur,Lumbini,Business,Master,Married,Acc100043,Savings,2022-07-11,Pokhara Branch,62844.0,828,,0.0,Vehicle,8.08,21122.0,1846416.0,10761.0,7285.0,76.0,92.0,,,20.0,17024.0,7.0,755070.0,26371.0,1270751.0,Corporate,3,6,2026-04-13,Low,Yes,Rm_A
C0768,Customer_768,Male,38,Chitwan,Lumbini,Engineer,Phd,Unmarried,Acc100769,Savings,2021-08-04,Biratnagar Branch,40984.0,653,,0.0,Business,13.8,16285.0,1047604.0,144238.0,32442.0,60.0,43.0,,,106.0,10054.0,27.0,170861.0,12500.0,554579.0,Retail,3,8,2025-11-21,Low,Yes,Rm_D
C0109,Customer_109,Female,24,Chitwan,Gandaki,Banker,Bachelor,Unmarried,Acc100110,Fixed Deposit,2020-09-05,Chitwan Branch,227123.0,764,Active,2505383.0,Education,8.51,27367.0,1532693.0,25249.0,115017.0,58.0,13.0,,,191.0,41456.0,15.0,10737.0,29521.0,794707.0,Corporate,5,8,2025-09-12,Low,No,Rm_C
C0636,Customer_636,Male,58,Kathmandu,Bagmati,Unemployed/Other,Master,Married,Acc100637,Fixed Deposit,2026-05-08,Pokhara Branch,196037.0,598,Closed,2795390.0,Home,9.96,24626.0,1354288.0,53718.0,33641.0,2.0,20.0,,,188.0,49199.0,7.0,797176.0,36584.0,67749.0,Corporate,2,0,2025-11-22,Low,No,Rm_D
C0057,Customer_57,Female,49,Butwal,Gandaki,Teacher,Bachelor,Married,Acc100058,Savings,2026-02-15,Biratnagar Branch,243981.0,488,Active,1789400.0,Home,14.44,13730.0,1322453.0,27104.0,70828.0,48.0,91.0,,,59.0,24518.0,21.0,9024.0,43663.0,821478.0,Vip,2,2,2026-01-01,Low,No,Rm_D
C0483,Customer_483,Male,37,Lalitpur,Bagmati,Engineer,Bachelor,Married,Acc100484,Fixed Deposit,2023-05-15,Biratnagar Branch,148671.0,779,Active,382466.0,Vehicle,9.92,17487.0,1623143.0,77878.0,42574.0,60.0,29.0,,,15.0,16740.0,20.0,998205.0,3084.0,1949239.0,Vip,3,8,2025-07-21,High,Yes,Rm_B
C0754,Customer_754,Male,23,Kathmandu,Koshi,Unemployed/Other,Phd,Married,Acc100755,Savings,2024-04-07,Butwal Branch,58189.0,560,,0.0,Business,8.78,16011.0,1328321.0,17851.0,105734.0,84.0,26.0,,,76.0,24557.0,15.0,675385.0,44052.0,767982.0,Vip,4,5,2026-01-21,Low,Yes,Rm_D
C0794,Customer_794,Male,37,Butwal,Bagmati,Doctor,Phd,Unmarried,Acc100795,Savings,2021-06-25,Lalitpur Branch,189168.0,512,,0.0,Education,13.26,31828.0,450232.0,62812.0,96679.0,75.0,94.0,,,64.0,29137.0,2.0,695004.0,17443.0,188825.0,Retail,3,10,2025-06-29,Medium,No,Rm_A
C0469,Customer_469,Male,21,Chitwan,Lumbini,Analyst,+2,Married,Acc100470,Current,2021-06-25,Pokhara Branch,84471.0,520,,0.0,Business,7.51,2441.0,1345075.0,16754.0,79104.0,97.0,13.0,,,82.0,27476.0,6.0,186211.0,2717.0,858247.0,Retail,4,3,2026-06-03,Low,Yes,Rm_A
C0927,Customer_927,Female,43,Pokhara,Bagmati,Banker,Bachelor,Married,Acc100928,Current,2019-10-16,Pokhara Branch,239781.0,804,Active,664016.0,Home,14.0,34425.0,1260489.0,74432.0,4585.0,84.0,89.0,,,146.0,39065.0,13.0,415791.0,43973.0,391859.0,Retail,1,8,2026-03-01,Low,Yes,Rm_D
C0436,Customer_436,Female,60,Butwal,Koshi,Doctor,Master,Unmarried,Acc100437,Savings,2021-03-19,Chitwan Branch,248277.0,573,Active,304877.0,Vehicle,10.69,29468.0,1893542.0,59862.0,86935.0,43.0,35.0,,,39.0,43316.0,22.0,94768.0,20076.0,1442155.0,Retail,3,1,2026-03-22,Medium,No,Rm_C
C0025,Customer_25,Female,22,Pokhara,Bagmati,Teacher,Bachelor,Married,Acc100026,Savings,2026-01-07,Biratnagar Branch,102979.0,655,Active,85550.0,Home,11.79,33359.0,667015.0,27003.0,10174.0,9.0,73.0,,,2.0,46915.0,12.0,57984.0,14438.0,131082.0,Retail,1,9,2025-09-06,Low,Yes,Rm_C
C0519,Customer_519,Male,51,Bhaktapur,Koshi,Banker,Bachelor,Married,Acc100520,Current,2019-08-19,Lalitpur Branch,248855.0,816,Closed,2700969.0,Personal,14.38,16621.0,135672.0,19280.0,42899.0,29.0,1.0,,,131.0,31674.0,22.0,157742.0,8677.0,606510.0,Vip,4,7,2026-03-04,Low,No,Rm_C
C0668,Customer_668,Male,23,Butwal,Bagmati,Business,Phd,Married,Acc100669,Savings,2026-03-10,Pokhara Branch,96821.0,527,Closed,387538.0,Personal,6.15,48527.0,1108071.0,93801.0,27708.0,44.0,14.0,,,77.0,12875.0,10.0,194484.0,49879.0,1463042.0,Corporate,4,3,2025-12-29,Medium,No,Rm_B
C0998,Customer_998,Female,25,Kathmandu,Gandaki,Engineer,Phd,Unmarried,Acc100999,Fixed Deposit,2023-06-02,Chitwan Branch,235870.0,729,,0.0,Vehicle,9.91,10273.0,1863949.0,47037.0,12988.0,66.0,38.0,,,150.0,35902.0,14.0,507214.0,4782.0,206047.0,Retail,4,0,2025-07-23,Medium,Yes,Rm_A
C0339,Customer_339,Male,36,Chitwan,Bagmati,Analyst,Phd,Married,Acc100340,Current,2021-09-01,Pokhara Branch,156936.0,737,,0.0,Vehicle,10.95,28770.0,905637.0,27778.0,46253.0,0.0,100.0,,,185.0,10478.0,18.0,43197.0,38057.0,94608.0,Retail,5,3,2026-06-10,Low,No,Rm_A
C0052,Customer_52,Male,57,Pokhara,Gandaki,Business,Bachelor,Unmarried,Acc100053,Current,2020-09-01,Pokhara Branch,140623.0,758,,0.0,Business,13.89,42860.0,723879.0,133456.0,25381.0,40.0,98.0,,,66.0,20716.0,9.0,49598.0,37280.0,1067130.0,Corporate,3,2,2025-08-01,Low,Yes,Rm_B
C0384,Customer_384,Male,62,Lalitpur,Bagmati,Banker,+2,Unmarried,Acc100385,Savings,2021-07-13,Butwal Branch,213721.0,669,Closed,1414813.0,Vehicle,10.57,31157.0,1225130.0,123495.0,93798.0,54.0,81.0,,,20.0,34385.0,10.0,547265.0,18848.0,1637462.0,Corporate,1,4,2026-05-08,Medium,No,Rm_C
C0862,Customer_862,Female,48,Chitwan,Lumbini,Analyst,+2,Married,Acc100863,Fixed Deposit,2025-04-22,Bhaktapur Branch,138461.0,591,Active,1343781.0,Education,6.43,42628.0,1893146.0,107344.0,88933.0,6.0,54.0,,,188.0,45369.0,14.0,514974.0,46979.0,615392.0,Corporate,5,0,2025-08-13,High,No,Rm_C
C0990,Customer_990,Male,33,Chitwan,Bagmati,Student,Master,Unmarried,Acc100991,Fixed Deposit,2025-09-15,Chitwan Branch,208406.0,764,,0.0,Business,7.57,41324.0,1734241.0,119542.0,33336.0,13.0,16.0,,,162.0,40033.0,25.0,247890.0,48717.0,802728.0,Vip,2,5,2025-08-07,High,Yes,Rm_C
C0683,Customer_683,Male,43,Pokhara,Bagmati,Analyst,Master,Married,Acc100684,Fixed Deposit,2022-09-11,Kathmandu Branch,176515.0,612,Closed,520716.0,Vehicle,10.47,24081.0,966934.0,67558.0,5570.0,33.0,100.0,,,195.0,30682.0,11.0,304644.0,26994.0,1817571.0,Corporate,1,6,2026-01-28,Low,Yes,Rm_C
C0996,Customer_996,Female,21,Kathmandu,Gandaki,Student,Unspecified,Married,Acc100997,Fixed Deposit,2024-04-05,Chitwan Branch,77899.0,525,Active,2495774.0,Business,10.06,45956.0,432845.0,36784.0,109147.0,20.0,55.0,,,70.0,20704.0,6.0,856584.0,33306.0,1248852.0,Vip,4,10,2025-11-02,Medium,No,Rm_A
C0265,Customer_265,Male,38,Chitwan,Bagmati,Teacher,Phd,Unmarried,Acc100266,Current,2025-07-01,Chitwan Branch,120507.0,524,Closed,404627.0,Business,13.22,40920.0,543506.0,107567.0,49556.0,70.0,86.0,,,46.0,8893.0,3.0,498599.0,26975.0,59291.0,Corporate,3,4,2025-07-14,High,Yes,Rm_D
C0709,Customer_709,Female,61,Lalitpur,Bagmati,Doctor,Master,Married,Acc100710,Current,2025-03-15,Pokhara Branch,78061.0,505,Active,1964403.0,Personal,8.56,34010.0,1464741.0,23840.0,110601.0,61.0,51.0,,,52.0,32319.0,7.0,759251.0,20785.0,236785.0,Vip,1,9,2025-12-06,Low,No,Rm_B
C0766,Customer_766,Female,39,Butwal,Bagmati,Doctor,Bachelor,Unmarried,Acc100767,Fixed Deposit,2025-09-17,Chitwan Branch,166899.0,788,,0.0,Education,12.71,5523.0,605860.0,91502.0,26974.0,45.0,91.0,,,165.0,38042.0,4.0,392423.0,25959.0,1402522.0,Retail,3,4,2025-08-28,High,No,Rm_B
C0737,Customer_737,Female,22,Pokhara,Lumbini,Doctor,Phd,Married,Acc100738,Fixed Deposit,2021-06-10,Chitwan Branch,145645.0,456,,0.0,Vehicle,15.01,14026.0,1829489.0,73273.0,118336.0,32.0,21.0,,,113.0,19580.0,6.0,774966.0,10114.0,1388076.0,Retail,4,5,2026-03-29,Low,Yes,Rm_B
C0445,Customer_445,Female,46,Butwal,Gandaki,Doctor,Master,Unmarried,Acc100446,Savings,2023-12-14,Pokhara Branch,49577.0,778,Active,2512170.0,Personal,10.32,12580.0,510514.0,92045.0,58623.0,57.0,24.0,,,58.0,34593.0,27.0,419866.0,40792.0,535900.0,Vip,3,7,2026-03-23,High,Yes,Rm_C
C0396,Customer_396,Male,56,Biratnagar,Bagmati,Banker,+2,Married,Acc100397,Fixed Deposit,2026-05-09,Lalitpur Branch,34392.0,796,Active,719248.0,Home,10.41,11222.0,1089455.0,58915.0,62885.0,51.0,32.0,,,173.0,19562.0,15.0,945699.0,24123.0,1076229.0,Corporate,3,0,2025-11-21,High,No,Rm_A
C0559,Customer_559,Male,48,Biratnagar,Bagmati,Banker,Bachelor,Unmarried,Acc100560,Fixed Deposit,2022-03-29,Bhaktapur Branch,73821.0,697,Closed,1662365.0,Home,15.74,26024.0,1047005.0,20359.0,94269.0,9.0,18.0,,,190.0,6693.0,21.0,366145.0,37212.0,1676595.0,Corporate,5,7,2026-02-14,High,Yes,Rm_A
C0177,Customer_177,Female,41,Biratnagar,Bagmati,Analyst,Bachelor,Unmarried,Acc100178,Current,2023-04-23,Butwal Branch,174982.0,816,Active,534344.0,Home,12.54,47078.0,718807.0,122565.0,47129.0,75.0,52.0,,,95.0,22079.0,7.0,488274.0,36910.0,1112217.0,Corporate,1,9,2026-02-05,Medium,Yes,Rm_A
C0019,Customer_19,Male,48,Bhaktapur,Bagmati,Banker,+2,Married,Acc100020,Current,2020-01-06,Pokhara Branch,82209.0,757,,0.0,Education,7.42,49909.0,688306.0,42351.0,43167.0,11.0,87.0,,,115.0,31144.0,19.0,409646.0,1870.0,41187.0,Corporate,1,6,2026-03-05,High,No,Rm_B
C0980,Customer_980,Male,25,Bhaktapur,Bagmati,Teacher,+2,Unmarried,Acc100981,Current,2023-05-10,Butwal Branch,226818.0,483,,0.0,Personal,12.26,42770.0,674096.0,62189.0,97646.0,88.0,83.0,,,171.0,42842.0,18.0,457105.0,32545.0,1018921.0,Corporate,4,0,2025-09-18,Low,Yes,Rm_A
C0539,Customer_539,Male,62,Chitwan,Gandaki,Analyst,Phd,Unmarried,Acc100540,Savings,2026-01-16,Kathmandu Branch,202105.0,618,Closed,456384.0,Home,10.32,49273.0,1814614.0,88877.0,59164.0,20.0,51.0,,,123.0,36323.0,14.0,237591.0,30228.0,1270031.0,Corporate,4,6,2026-01-11,Low,No,Rm_B
C0614,Customer_614,Female,40,Biratnagar,Koshi,Teacher,Master,Unmarried,Acc100615,Fixed Deposit,2023-02-18,Butwal Branch,168956.0,563,Active,2230753.0,Education,15.66,11178.0,192748.0,89196.0,71849.0,3.0,1.0,,,36.0,39023.0,0.0,267457.0,20504.0,322694.0,Vip,3,1,2026-03-10,Low,Yes,Rm_B
C0591,Customer_591,Female,44,Biratnagar,Koshi,Business,Phd,Unmarried,Acc100592,Savings,2025-08-09,Biratnagar Branch,91284.0,574,,0.0,Business,7.21,4093.0,1225756.0,138941.0,68783.0,44.0,22.0,,,21.0,9796.0,24.0,797585.0,34215.0,538360.0,Corporate,1,0,2026-04-07,High,No,Rm_A
C0368,Customer_368,Male,41,Bhaktapur,Koshi,Doctor,Bachelor,Married,Acc100369,Savings,2020-12-24,Butwal Branch,142047.0,544,Active,802926.0,Education,11.77,2889.0,1980023.0,21996.0,60794.0,46.0,47.0,,,74.0,45726.0,10.0,530568.0,1551.0,1190369.0,Vip,1,9,2025-08-13,Low,Yes,Rm_D
C0084,Customer_84,Female,49,Bhaktapur,Koshi,Engineer,Bachelor,Unmarried,Acc100085,Fixed Deposit,2025-12-30,Chitwan Branch,240425.0,636,,0.0,Vehicle,7.46,15576.0,401983.0,131040.0,119006.0,40.0,9.0,,,99.0,3956.0,17.0,736787.0,18891.0,1445908.0,Vip,3,7,2025-12-04,Low,No,Rm_A
C0062,Customer_62,Male,49,Bhaktapur,Lumbini,Student,Phd,Married,Acc100063,Current,2024-11-04,Lalitpur Branch,92620.0,786,,0.0,Personal,13.81,5571.0,798757.0,128663.0,66796.0,61.0,57.0,,,192.0,15195.0,2.0,738424.0,32620.0,1328846.0,Corporate,5,7,2026-01-25,High,No,Rm_B
C0515,Customer_515,Female,46,Bhaktapur,Gandaki,Engineer,+2,Unmarried,Acc100516,Savings,2024-11-04,Butwal Branch,176473.0,847,Active,2498157.0,Personal,8.0,43432.0,1143998.0,67971.0,108389.0,6.0,18.0,,,7.0,27656.0,13.0,202344.0,24626.0,18088.0,Retail,2,2,2025-07-09,High,No,Rm_D
C0273,Customer_273,Female,25,Kathmandu,Koshi,Teacher,+2,Married,Acc100274,Savings,2023-06-12,Kathmandu Branch,75636.0,490,Closed,2799492.0,Business,11.44,20460.0,1010487.0,14725.0,15510.0,25.0,39.0,,,130.0,16817.0,0.0,976917.0,35886.0,1631621.0,Retail,4,4,2026-01-05,Medium,Yes,Rm_A
C0286,Customer_286,Male,60,Bhaktapur,Koshi,Teacher,Master,Married,Acc100287,Fixed Deposit,2022-07-19,Chitwan Branch,224282.0,495,Closed,1646919.0,Vehicle,12.4,36536.0,833265.0,21157.0,73163.0,96.0,0.0,,,106.0,11986.0,25.0,324321.0,16982.0,1862843.0,Corporate,3,8,2025-10-13,High,Yes,Rm_B
C0361,Customer_361,Male,30,Chitwan,Lumbini,Doctor,+2,Married,Acc100362,Savings,2020-03-22,Bhaktapur Branch,119233.0,636,Active,215136.0,Home,7.98,37340.0,855710.0,44183.0,59817.0,52.0,85.0,,,143.0,39953.0,28.0,368905.0,31493.0,1572482.0,Retail,1,6,2026-05-25,High,No,Rm_D
C0355,Customer_355,Male,59,Lalitpur,Bagmati,Analyst,+2,Married,Acc100356,Savings,2024-06-17,Lalitpur Branch,54611.0,562,Closed,566533.0,Personal,7.57,44640.0,407501.0,80460.0,80671.0,85.0,17.0,,,132.0,5914.0,29.0,403484.0,1021.0,669637.0,Retail,5,5,2026-05-08,Medium,Yes,Rm_B
C0952,Customer_952,Male,62,Butwal,Koshi,Business,+2,Unmarried,Acc100953,Fixed Deposit,2025-06-18,Chitwan Branch,229107.0,591,,0.0,Education,7.44,38993.0,108022.0,99877.0,19094.0,99.0,57.0,,,127.0,33762.0,24.0,896879.0,23613.0,1279603.0,Vip,2,6,2025-08-27,High,Yes,Rm_D
C0279,Customer_279,Female,41,Pokhara,Gandaki,Engineer,+2,Unmarried,Acc100280,Fixed Deposit,2021-02-19,Biratnagar Branch,35874.0,607,Active,2378698.0,Personal,13.14,36899.0,627805.0,94450.0,35936.0,57.0,88.0,,,53.0,14861.0,25.0,291148.0,33050.0,695125.0,Retail,3,4,2025-08-22,Medium,Yes,Rm_C
C0369,Customer_369,Male,55,Butwal,Gandaki,Business,Master,Married,Acc100370,Fixed Deposit,2023-05-03,Biratnagar Branch,144272.0,756,Active,2395932.0,Education,6.38,28006.0,1218319.0,120802.0,7667.0,37.0,41.0,,,130.0,5640.0,19.0,190897.0,23418.0,1367905.0,Corporate,3,3,2025-11-23,High,No,Rm_C
C0665,Customer_665,Female,61,Chitwan,Lumbini,Business,Bachelor,Married,Acc100666,Savings,2023-04-29,Butwal Branch,121789.0,759,Active,1707808.0,Business,7.75,17971.0,1181336.0,104790.0,16680.0,89.0,39.0,,,65.0,43967.0,19.0,672812.0,42142.0,1305722.0,Retail,1,6,2026-01-11,Medium,Yes,Rm_A
C0619,Customer_619,Female,57,Butwal,Koshi,Banker,Bachelor,Married,Acc100620,Savings,2024-04-17,Bhaktapur Branch,146441.0,548,Closed,401232.0,Personal,9.99,11567.0,1856740.0,104734.0,4039.0,37.0,10.0,,,146.0,27470.0,6.0,563369.0,5730.0,916093.0,Retail,4,1,2026-02-23,High,No,Rm_D
C0590,Customer_590,Male,31,Kathmandu,Gandaki,Unemployed/Other,Bachelor,Unmarried,Acc100591,Current,2025-02-13,Butwal Branch,207423.0,744,Active,2511432.0,Vehicle,7.22,13355.0,584377.0,92536.0,10478.0,6.0,36.0,,,13.0,26075.0,13.0,198374.0,29862.0,708962.0,Corporate,5,3,2026-02-21,Medium,No,Rm_A
C0658,Customer_658,Female,65,Biratnagar,Koshi,Engineer,Phd,Unmarried,Acc100659,Current,2021-08-12,Kathmandu Branch,91314.0,493,,0.0,Personal,9.26,35239.0,1998662.0,65702.0,20592.0,94.0,99.0,,,30.0,32985.0,27.0,719745.0,42834.0,1501429.0,Retail,3,2,2025-10-09,High,Yes,Rm_D
C0457,Customer_457,Female,47,Butwal,Lumbini,Teacher,Phd,Unmarried,Acc100458,Savings,2024-03-26,Kathmandu Branch,172605.0,719,,0.0,Business,13.36,8911.0,1905385.0,56925.0,22288.0,45.0,85.0,,,193.0,30852.0,25.0,438009.0,37629.0,1631638.0,Retail,2,9,2026-03-06,Low,No,Rm_B
C0394,Customer_394,Female,26,Pokhara,Bagmati,Student,Bachelor,Married,Acc100395,Current,2023-03-16,Kathmandu Branch,26411.0,715,Active,1731537.0,Education,14.87,23713.0,1428197.0,67822.0,104095.0,82.0,25.0,,,72.0,7032.0,21.0,8125.0,3256.0,1760846.0,Corporate,2,10,2026-04-26,Medium,No,Rm_C
C0685,Customer_685,Female,32,Biratnagar,Bagmati,Engineer,+2,Unmarried,Acc100686,Current,2021-12-15,Kathmandu Branch,99694.0,515,Closed,1412036.0,Personal,11.47,40182.0,1558581.0,25093.0,52243.0,1.0,75.0,,,151.0,38359.0,17.0,492794.0,16122.0,20590.0,Vip,1,0,2025-10-30,High,Yes,Rm_D
C0724,Customer_724,Female,27,Bhaktapur,Koshi,Student,Bachelor,Married,Acc100725,Savings,2020-05-02,Lalitpur Branch,243816.0,626,Closed,2794035.0,Business,8.0,28409.0,1937994.0,113737.0,75631.0,29.0,12.0,,,41.0,20227.0,18.0,284666.0,16080.0,949456.0,Corporate,1,7,2025-10-30,High,No,Rm_D
C0376,Customer_376,Female,49,Bhaktapur,Koshi,Banker,Phd,Unmarried,Acc100377,Current,2025-05-26,Kathmandu Branch,95810.0,509,Active,146172.0,Business,15.99,16605.0,750854.0,92264.0,116545.0,72.0,13.0,,,101.0,36357.0,16.0,854287.0,45353.0,1644569.0,Corporate,1,7,2026-02-10,High,Yes,Rm_C
C0413,Customer_413,Male,58,Pokhara,Koshi,Doctor,+2,Married,Acc100414,Current,2022-04-18,Butwal Branch,125603.0,577,Active,267349.0,Business,15.16,4185.0,129510.0,52526.0,28872.0,9.0,8.0,,,71.0,27461.0,3.0,629719.0,21020.0,207909.0,Retail,5,10,2025-06-22,Medium,Yes,Rm_D
C0075,Customer_75,Male,58,Biratnagar,Bagmati,Doctor,+2,Married,Acc100076,Savings,2025-09-23,Biratnagar Branch,64443.0,629,,0.0,Home,10.03,38122.0,1567559.0,103074.0,22980.0,0.0,62.0,,,15.0,46302.0,22.0,903598.0,8973.0,1136839.0,Vip,2,9,2026-01-06,High,No,Rm_C
C0948,Customer_948,Female,46,Kathmandu,Bagmati,Doctor,Phd,Unmarried,Acc100949,Fixed Deposit,2019-08-11,Kathmandu Branch,70642.0,524,,0.0,Personal,13.8,5522.0,945462.0,84717.0,59404.0,66.0,7.0,,,128.0,19243.0,23.0,496326.0,24822.0,1587435.0,Vip,5,7,2025-10-24,High,Yes,Rm_D
C0501,Customer_501,Male,30,Bhaktapur,Koshi,Analyst,Bachelor,Married,Acc100502,Savings,2025-06-01,Kathmandu Branch,36667.0,458,,0.0,Business,13.26,30948.0,1759157.0,81189.0,19160.0,73.0,61.0,,,59.0,6117.0,5.0,445221.0,44805.0,784267.0,Corporate,3,9,2025-08-13,Low,Yes,Rm_B
C0605,Customer_605,Male,20,Butwal,Bagmati,Engineer,Phd,Married,Acc100606,Fixed Deposit,2021-07-17,Kathmandu Branch,220561.0,803,,0.0,Personal,11.29,4716.0,1274662.0,25280.0,24752.0,60.0,50.0,,,90.0,14558.0,9.0,907995.0,48016.0,409860.0,Retail,5,6,2026-04-22,Medium,Yes,Rm_C
C0115,Customer_115,Male,62,Pokhara,Bagmati,Banker,Master,Married,Acc100116,Current,2020-06-29,Lalitpur Branch,96737.0,782,,0.0,Business,15.09,32129.0,40579.0,113573.0,109574.0,61.0,82.0,,,23.0,19041.0,18.0,596712.0,46738.0,1692747.0,Retail,3,3,2026-03-17,Low,Yes,Rm_A
C0418,Customer_418,Female,39,Bhaktapur,Lumbini,Doctor,Bachelor,Married,Acc100419,Savings,2022-12-18,Pokhara Branch,80592.0,768,Active,75376.0,Home,11.62,18048.0,730305.0,117443.0,57780.0,11.0,12.0,,,133.0,20148.0,21.0,670749.0,38289.0,1069109.0,Vip,4,10,2025-10-21,Low,No,Rm_C
C0090,Customer_90,Female,23,Lalitpur,Koshi,Teacher,Bachelor,Married,Acc100091,Savings,2026-03-27,Bhaktapur Branch,87783.0,688,,0.0,Home,14.02,26732.0,1213775.0,90883.0,35233.0,7.0,94.0,,,104.0,36085.0,13.0,274493.0,36137.0,1610113.0,Vip,4,8,2025-12-27,Low,Yes,Rm_B
C0991,Customer_991,Female,48,Bhaktapur,Bagmati,Analyst,Phd,Unmarried,Acc100992,Current,2020-06-11,Biratnagar Branch,223354.0,668,Closed,1757664.0,Home,8.15,3324.0,425389.0,65114.0,17798.0,34.0,18.0,,,110.0,9079.0,7.0,251739.0,41981.0,519812.0,Corporate,2,8,2026-01-10,Medium,No,Rm_D
C0933,Customer_933,Female,56,Bhaktapur,Koshi,Banker,+2,Unmarried,Acc100934,Savings,2022-07-23,Pokhara Branch,181990.0,508,,0.0,Vehicle,10.98,34362.0,421011.0,138121.0,22617.0,22.0,17.0,,,4.0,9281.0,25.0,324466.0,12662.0,1465872.0,Retail,1,9,2026-05-11,Medium,No,Rm_A
C0875,Customer_875,Female,22,Bhaktapur,Koshi,Teacher,Master,Married,Acc100876,Savings,2023-10-05,Butwal Branch,138987.0,674,,0.0,Business,13.68,4327.0,1395263.0,143590.0,95281.0,76.0,44.0,,,41.0,18590.0,27.0,244048.0,1480.0,503057.0,Retail,5,5,2026-05-22,High,No,Rm_C
C0012,Customer_12,Female,23,Biratnagar,Bagmati,Teacher,Phd,Married,Acc100013,Savings,2022-02-27,Chitwan Branch,243208.0,840,Closed,564017.0,Vehicle,7.41,39330.0,1878315.0,128669.0,81110.0,26.0,6.0,,,118.0,48376.0,16.0,508489.0,42047.0,741383.0,Retail,4,10,2025-10-29,High,No,Rm_B
C0397,Customer_397,Male,42,Chitwan,Bagmati,Business,Phd,Unmarried,Acc100398,Savings,2024-07-15,Pokhara Branch,53971.0,780,,0.0,Education,6.37,21840.0,20578.0,75541.0,28330.0,52.0,77.0,,,173.0,32462.0,24.0,551035.0,3652.0,739621.0,Retail,3,5,2025-08-20,Medium,Yes,Rm_D
C0576,Customer_576,Female,63,Bhaktapur,Lumbini,Engineer,+2,Unmarried,Acc100577,Savings,2020-11-09,Biratnagar Branch,40779.0,605,,0.0,Business,7.88,26466.0,911056.0,111906.0,114738.0,79.0,61.0,,,186.0,26147.0,0.0,177707.0,1984.0,1169922.0,Retail,3,8,2025-12-27,High,Yes,Rm_D
C0043,Customer_43,Male,57,Pokhara,Gandaki,Teacher,Bachelor,Married,Acc100044,Savings,2022-07-09,Pokhara Branch,187368.0,551,,0.0,Business,6.88,43140.0,1098451.0,122723.0,49522.0,1.0,29.0,,,171.0,7937.0,16.0,672769.0,37254.0,1683553.0,Corporate,3,2,2026-05-14,High,Yes,Rm_A
C0168,Customer_168,Female,24,Lalitpur,Koshi,Doctor,Master,Unmarried,Acc100169,Fixed Deposit,2024-08-11,Kathmandu Branch,115162.0,525,Active,648235.0,Education,15.79,20126.0,1610328.0,95747.0,26635.0,5.0,10.0,,,88.0,20224.0,28.0,856996.0,27468.0,1692997.0,Corporate,2,9,2025-12-19,High,No,Rm_C
C0417,Customer_417,Male,25,Bhaktapur,Koshi,Teacher,Bachelor,Unmarried,Acc100418,Current,2026-01-20,Kathmandu Branch,245084.0,491,Closed,2899251.0,Business,9.24,22936.0,1787744.0,11671.0,113522.0,80.0,27.0,,,160.0,6934.0,23.0,280.0,1401.0,767998.0,Corporate,2,7,2025-11-21,Low,No,Rm_B
C0968,Customer_968,Female,57,Kathmandu,Gandaki,Doctor,Bachelor,Unmarried,Acc100969,Savings,2026-02-21,Biratnagar Branch,211861.0,549,Active,1548082.0,Home,15.19,15084.0,1509760.0,46422.0,96627.0,70.0,51.0,,,76.0,20722.0,14.0,467756.0,29276.0,851585.0,Retail,3,8,2025-11-15,Medium,Yes,Rm_D
C0427,Customer_427,Female,47,Chitwan,Gandaki,Business,+2,Married,Acc100428,Savings,2025-12-27,Kathmandu Branch,52956.0,485,,0.0,Personal,13.07,9653.0,1695031.0,21879.0,75434.0,85.0,77.0,,,21.0,21575.0,14.0,870406.0,49173.0,1549618.0,Vip,4,3,2026-01-28,High,Yes,Rm_C
C0545,Customer_545,Female,41,Butwal,Bagmati,Analyst,+2,Married,Acc100546,Current,2026-02-28,Butwal Branch,79747.0,819,Active,531206.0,Business,12.82,3412.0,72250.0,52375.0,29150.0,89.0,35.0,,,56.0,5151.0,5.0,90709.0,43075.0,369880.0,Vip,2,2,2025-11-23,Low,Yes,Rm_C
C0949,Customer_949,Female,41,Chitwan,Gandaki,Business,+2,Married,Acc100950,Savings,2023-10-11,Chitwan Branch,39198.0,638,Active,2937623.0,Education,7.46,12370.0,302977.0,33894.0,114825.0,8.0,61.0,,,153.0,35582.0,2.0,29380.0,28912.0,1879100.0,Vip,4,5,2025-12-12,Medium,Yes,Rm_B
C0905,Customer_905,Male,39,Kathmandu,Bagmati,Analyst,Bachelor,Unmarried,Acc100906,Fixed Deposit,2021-11-07,Kathmandu Branch,193078.0,682,Active,2637138.0,Home,15.37,15701.0,109792.0,116829.0,18585.0,44.0,56.0,,,8.0,10239.0,29.0,90591.0,32121.0,267677.0,Retail,2,8,2025-08-26,Low,Yes,Rm_C
C0662,Customer_662,Male,35,Pokhara,Lumbini,Banker,Bachelor,Married,Acc100663,Savings,2022-12-12,Pokhara Branch,96772.0,841,,0.0,Business,14.17,35114.0,162389.0,85738.0,806.0,32.0,8.0,,,182.0,49457.0,20.0,178143.0,17839.0,803342.0,Retail,4,3,2025-11-30,Low,Yes,Rm_A
C0258,Customer_258,Male,41,Kathmandu,Gandaki,Doctor,Bachelor,Unmarried,Acc100259,Current,2020-11-21,Lalitpur Branch,68308.0,729,Closed,97401.0,Personal,7.8,32053.0,1322172.0,43428.0,97152.0,26.0,31.0,,,135.0,37019.0,27.0,824121.0,35314.0,550656.0,Corporate,1,9,2025-11-29,Medium,Yes,Rm_B
C0336,Customer_336,Male,57,Pokhara,Lumbini,Business,+2,Unmarried,Acc100337,Current,2024-01-08,Bhaktapur Branch,205751.0,599,,0.0,Education,14.73,8329.0,946927.0,1137.0,62679.0,75.0,61.0,,,150.0,44209.0,4.0,856343.0,8918.0,847626.0,Vip,5,3,2026-03-30,High,No,Rm_C
C0016,Customer_16,Female,54,Kathmandu,Lumbini,Doctor,Bachelor,Unmarried,Acc100017,Savings,2026-02-25,Biratnagar Branch,219773.0,557,Active,471843.0,Education,9.87,45944.0,59054.0,89215.0,60391.0,30.0,68.0,,,106.0,45339.0,18.0,362508.0,10592.0,1405625.0,Retail,4,5,2026-01-29,Medium,No,Rm_B
C0325,Customer_325,Male,21,Biratnagar,Lumbini,Student,+2,Married,Acc100326,Fixed Deposit,2021-08-17,Biratnagar Branch,227308.0,513,Active,1494794.0,Education,10.73,22517.0,822004.0,100177.0,109170.0,44.0,56.0,,,42.0,30397.0,16.0,265394.0,25667.0,1919060.0,Corporate,5,8,2025-07-12,Medium,Yes,Rm_B
C0818,Customer_818,Female,37,Lalitpur,Lumbini,Teacher,Master,Married,Acc100819,Fixed Deposit,2025-12-09,Biratnagar Branch,35590.0,675,,0.0,Personal,10.34,4045.0,1854424.0,42252.0,108004.0,19.0,44.0,,,89.0,23279.0,30.0,395928.0,11831.0,956816.0,Vip,3,7,2026-04-26,High,Yes,Rm_C
C0223,Customer_223,Female,57,Lalitpur,Lumbini,Analyst,+2,Married,Acc100224,Savings,2025-11-07,Lalitpur Branch,168106.0,708,Active,1813006.0,Home,9.55,38134.0,1478375.0,80279.0,40787.0,96.0,35.0,,,8.0,20954.0,13.0,350686.0,17554.0,767563.0,Retail,2,2,2026-01-23,Medium,No,Rm_C
C0180,Customer_180,Male,61,Kathmandu,Koshi,Analyst,Master,Unmarried,Acc100181,Current,2021-02-14,Butwal Branch,207517.0,771,Closed,2624324.0,Business,6.48,8780.0,1889412.0,18383.0,73514.0,69.0,41.0,,,158.0,41911.0,26.0,596187.0,9740.0,1519815.0,Vip,4,3,2026-04-10,Medium,Yes,Rm_D
C0100,Customer_100,Female,33,Lalitpur,Koshi,Business,Phd,Unmarried,Acc100101,Fixed Deposit,2020-10-28,Butwal Branch,56008.0,776,Active,2800156.0,Business,12.38,21491.0,1622508.0,12998.0,1508.0,79.0,79.0,,,99.0,10841.0,9.0,120441.0,45333.0,702736.0,Corporate,4,3,2026-02-07,High,No,Rm_C
C0023,Customer_23,Male,37,Bhaktapur,Gandaki,Student,+2,Married,Acc100024,Fixed Deposit,2020-02-02,Kathmandu Branch,136890.0,688,Active,1151854.0,Vehicle,9.73,23945.0,1604912.0,145115.0,70408.0,16.0,7.0,,,90.0,37167.0,18.0,148000.0,46662.0,1981620.0,Retail,5,3,2025-06-17,Low,No,Rm_C
C0357,Customer_357,Female,49,Bhaktapur,Koshi,Analyst,Master,Married,Acc100358,Savings,2025-10-12,Butwal Branch,209407.0,527,Closed,1619865.0,Education,15.08,30709.0,385675.0,85939.0,42103.0,99.0,42.0,,,12.0,23493.0,29.0,922404.0,29233.0,1987690.0,Retail,5,7,2026-05-07,Low,Yes,Rm_B
C0721,Customer_721,Male,54,Kathmandu,Gandaki,Business,+2,Married,Acc100722,Current,2020-07-13,Butwal Branch,35102.0,582,Closed,2197033.0,Personal,12.82,40783.0,1450154.0,114689.0,39960.0,62.0,62.0,,,165.0,25354.0,8.0,837329.0,1384.0,1834151.0,Retail,3,5,2026-02-15,Low,Yes,Rm_D
C0928,Customer_928,Male,27,Kathmandu,Lumbini,Doctor,Master,Unmarried,Acc100929,Current,2025-09-04,Lalitpur Branch,138386.0,687,Active,926064.0,Education,8.86,49699.0,1133811.0,99260.0,66747.0,82.0,65.0,,,119.0,48919.0,20.0,896129.0,10811.0,991108.0,Corporate,3,3,2026-03-22,High,No,Rm_D
C0758,Customer_758,Female,60,Butwal,Bagmati,Engineer,Bachelor,Unmarried,Acc100759,Fixed Deposit,2021-07-09,Biratnagar Branch,37502.0,516,Active,2008111.0,Business,10.7,15084.0,940013.0,89118.0,64871.0,88.0,24.0,,,15.0,5169.0,8.0,82049.0,45235.0,1309327.0,Vip,3,0,2025-07-21,Medium,No,Rm_C
C0341,Customer_341,Male,42,Pokhara,Koshi,Teacher,Phd,Unmarried,Acc100342,Current,2020-10-10,Butwal Branch,67071.0,817,Active,192719.0,Home,10.91,14913.0,1771712.0,126126.0,111521.0,40.0,58.0,,,135.0,48541.0,8.0,712417.0,9595.0,337703.0,Corporate,4,3,2026-04-17,Low,Yes,Rm_C
C0432,Customer_432,Male,43,Butwal,Koshi,Business,Master,Married,Acc100433,Fixed Deposit,2025-02-20,Pokhara Branch,113013.0,540,,0.0,Vehicle,11.57,27672.0,266290.0,81145.0,27620.0,81.0,76.0,,,149.0,4429.0,8.0,242177.0,49802.0,1118569.0,Retail,4,0,2026-05-12,Low,Yes,Rm_D
C0596,Customer_596,Male,44,Kathmandu,Lumbini,Business,+2,Unmarried,Acc100597,Current,2023-06-04,Lalitpur Branch,170256.0,653,,0.0,Personal,7.16,3390.0,97109.0,104264.0,52308.0,17.0,27.0,,,38.0,40521.0,16.0,83783.0,43157.0,1788135.0,Vip,5,6,2026-03-19,Low,Yes,Rm_C
C0899,Customer_899,Female,35,Kathmandu,Koshi,Teacher,Phd,Unmarried,Acc100900,Savings,2024-05-29,Kathmandu Branch,239487.0,524,Active,1838997.0,Vehicle,7.77,31654.0,483936.0,119553.0,60443.0,35.0,23.0,,,146.0,11274.0,21.0,511718.0,18556.0,1969626.0,Vip,2,2,2026-06-03,Medium,No,Rm_B
C0204,Customer_204,Female,41,Bhaktapur,Koshi,Analyst,+2,Married,Acc100205,Savings,2021-09-26,Pokhara Branch,180289.0,800,Active,2790388.0,Personal,10.96,14536.0,1076180.0,82062.0,20882.0,56.0,29.0,,,188.0,43500.0,13.0,255959.0,5487.0,1575171.0,Corporate,5,8,2026-02-16,Low,No,Rm_A
C0761,Customer_761,Female,53,Chitwan,Bagmati,Teacher,+2,Unmarried,Acc100762,Fixed Deposit,2022-05-27,Biratnagar Branch,144549.0,620,,0.0,Education,6.43,31088.0,1847584.0,34747.0,25595.0,5.0,92.0,,,91.0,34366.0,10.0,461026.0,2772.0,1433739.0,Vip,1,9,2025-09-09,Low,No,Rm_A
C0094,Customer_94,Male,38,Lalitpur,Koshi,Teacher,Phd,Unmarried,Acc100095,Savings,2026-05-13,Pokhara Branch,56649.0,845,Active,2139007.0,Personal,8.81,16488.0,1580670.0,135547.0,32784.0,45.0,72.0,,,27.0,47284.0,6.0,170725.0,1030.0,1867619.0,Retail,3,2,2025-09-26,Medium,No,Rm_C
C0603,Customer_603,Female,28,Butwal,Gandaki,Business,+2,Married,Acc100604,Current,2019-12-17,Kathmandu Branch,233504.0,768,Closed,1330451.0,Personal,14.1,37198.0,554324.0,126686.0,119959.0,63.0,78.0,,,68.0,17199.0,14.0,108521.0,32129.0,1301106.0,Corporate,1,6,2025-08-06,Low,Yes,Rm_D
C0069,Customer_69,Male,45,Biratnagar,Bagmati,Doctor,Phd,Unmarried,Acc100070,Fixed Deposit,2021-03-14,Butwal Branch,45879.0,691,Closed,1849409.0,Business,7.04,19367.0,745830.0,77390.0,26701.0,2.0,45.0,,,158.0,41859.0,25.0,543936.0,35279.0,1950152.0,Corporate,1,5,2025-10-08,Medium,No,Rm_A
C0954,Customer_954,Female,32,Kathmandu,Gandaki,Teacher,+2,Married,Acc100955,Fixed Deposit,2022-04-06,Chitwan Branch,243083.0,758,,0.0,Personal,12.52,18245.0,991281.0,107684.0,30867.0,14.0,86.0,,,58.0,43329.0,21.0,130914.0,13168.0,631278.0,Vip,5,3,2026-05-10,Medium,Yes,Rm_C
C0285,Customer_285,Female,43,Kathmandu,Lumbini,Student,Phd,Unmarried,Acc100286,Current,2024-11-07,Bhaktapur Branch,50054.0,719,Closed,1430240.0,Personal,7.7,47530.0,867607.0,13356.0,117523.0,28.0,18.0,,,15.0,17122.0,7.0,523759.0,47075.0,1838949.0,Corporate,2,4,2025-06-25,Low,Yes,Rm_D
C0866,Customer_866,Female,56,Pokhara,Bagmati,Banker,+2,Married,Acc100867,Current,2026-03-21,Kathmandu Branch,169027.0,653,Closed,2073394.0,Education,10.18,32473.0,225111.0,64436.0,85112.0,7.0,54.0,,,161.0,29457.0,30.0,534098.0,20024.0,1196199.0,Retail,2,0,2026-04-06,Medium,Yes,Rm_B
C0435,Customer_435,Female,34,Lalitpur,Gandaki,Student,Master,Married,Acc100436,Fixed Deposit,2021-10-14,Bhaktapur Branch,193435.0,665,,0.0,Education,14.82,40793.0,500281.0,58037.0,83590.0,7.0,17.0,,,162.0,34543.0,4.0,710879.0,13760.0,62971.0,Retail,5,10,2026-04-10,Medium,No,Rm_A
C0154,Customer_154,Female,47,Chitwan,Lumbini,Doctor,Bachelor,Unmarried,Acc100155,Current,2020-11-21,Bhaktapur Branch,170686.0,578,,0.0,Education,11.59,43871.0,1486801.0,127390.0,105146.0,8.0,26.0,,,160.0,20325.0,5.0,132678.0,40981.0,1892634.0,Retail,1,8,2026-03-29,Low,Yes,Rm_C
C0076,Customer_76,Female,56,Chitwan,Lumbini,Business,Phd,Married,Acc100077,Fixed Deposit,2024-02-19,Biratnagar Branch,158713.0,696,Active,747516.0,Education,14.41,11274.0,1155525.0,148784.0,45067.0,3.0,19.0,,,89.0,5004.0,8.0,616654.0,47247.0,1699723.0,Vip,4,6,2026-06-07,High,Yes,Rm_B
C0789,Customer_789,Male,44,Biratnagar,Lumbini,Analyst,+2,Unmarried,Acc100790,Fixed Deposit,2020-07-07,Chitwan Branch,205918.0,706,Active,1902100.0,Personal,9.05,8803.0,1865241.0,66820.0,46523.0,64.0,52.0,,,177.0,7771.0,1.0,292425.0,45019.0,784030.0,Vip,4,6,2026-01-23,Medium,Yes,Rm_C
C0581,Customer_581,Female,36,Biratnagar,Bagmati,Student,Bachelor,Unmarried,Acc100582,Savings,2025-03-11,Butwal Branch,144775.0,728,Closed,1943412.0,Business,13.46,40765.0,461865.0,125994.0,4944.0,66.0,85.0,,,170.0,11109.0,9.0,787055.0,16606.0,1820193.0,Corporate,1,2,2025-11-03,Low,Yes,Rm_A
C0447,Customer_447,Female,23,Chitwan,Gandaki,Engineer,Master,Unmarried,Acc100448,Current,2022-09-05,Pokhara Branch,128289.0,672,,0.0,Personal,7.91,30088.0,1052872.0,102907.0,64839.0,67.0,89.0,,,41.0,13588.0,0.0,698106.0,10020.0,859524.0,Vip,5,5,2026-01-24,Medium,Yes,Rm_A
C0189,Customer_189,Male,54,Chitwan,Koshi,Analyst,Bachelor,Unmarried,Acc100190,Current,2023-11-18,Biratnagar Branch,187381.0,751,Active,2332604.0,Education,11.0,10239.0,1523432.0,137383.0,104963.0,77.0,81.0,,,128.0,2620.0,12.0,389289.0,11235.0,1036373.0,Retail,5,5,2025-12-19,Low,No,Rm_B
C0272,Customer_272,Male,31,Bhaktapur,Bagmati,Banker,Phd,Unmarried,Acc100273,Savings,2021-04-23,Lalitpur Branch,225645.0,713,Active,2199516.0,Business,8.41,32857.0,460874.0,69972.0,76185.0,32.0,70.0,,,40.0,33892.0,16.0,453569.0,27074.0,1948131.0,Retail,1,5,2025-06-24,High,Yes,Rm_B
C0237,Customer_237,Female,64,Chitwan,Gandaki,Student,+2,Married,Acc100238,Fixed Deposit,2022-07-25,Lalitpur Branch,140928.0,814,,0.0,Personal,14.6,47990.0,1836024.0,139125.0,17037.0,24.0,47.0,,,83.0,20030.0,2.0,985899.0,7047.0,1563743.0,Corporate,2,1,2025-06-26,Low,No,Rm_D
C0488,Customer_488,Female,27,Lalitpur,Bagmati,Teacher,Bachelor,Unmarried,Acc100489,Savings,2023-05-07,Biratnagar Branch,186236.0,639,,0.0,Home,9.43,11696.0,645890.0,122224.0,113711.0,35.0,42.0,,,48.0,1439.0,14.0,200268.0,20094.0,1425238.0,Vip,4,4,2026-05-03,Medium,Yes,Rm_B
C0560,Customer_560,Female,36,Pokhara,Koshi,Banker,Unspecified,Unmarried,Acc100561,Savings,2025-01-30,Butwal Branch,204622.0,511,Closed,991091.0,Personal,7.14,10660.0,1752138.0,58370.0,74681.0,83.0,61.0,,,3.0,21958.0,30.0,696850.0,1111.0,1282719.0,Retail,5,7,2026-03-06,Low,No,Rm_A
C0118,Customer_118,Female,34,Butwal,Koshi,Student,Master,Unmarried,Acc100119,Savings,2025-08-10,Butwal Branch,55470.0,773,Active,2505645.0,Home,11.13,30550.0,1998925.0,49762.0,45783.0,7.0,75.0,,,187.0,2712.0,25.0,629842.0,48848.0,1444973.0,Corporate,5,7,2025-11-11,Low,No,Rm_C
C0881,Customer_881,Male,25,Lalitpur,Bagmati,Engineer,Master,Unmarried,Acc100882,Current,2021-09-17,Butwal Branch,171652.0,755,Active,2937791.0,Education,7.77,9838.0,535277.0,51094.0,119053.0,54.0,5.0,,,114.0,10968.0,19.0,91307.0,35280.0,136387.0,Retail,4,0,2026-04-20,High,Yes,Rm_C
C0513,Customer_513,Female,64,Lalitpur,Lumbini,Analyst,Bachelor,Unmarried,Acc100514,Fixed Deposit,2022-01-17,Kathmandu Branch,173811.0,666,Closed,611417.0,Education,11.47,20645.0,1023033.0,7883.0,1895.0,14.0,19.0,,,17.0,2174.0,1.0,982256.0,23730.0,1545624.0,Vip,3,6,2026-01-08,High,Yes,Rm_A
C0598,Customer_598,Female,60,Lalitpur,Koshi,Student,+2,Unmarried,Acc100599,Savings,2026-04-20,Kathmandu Branch,123541.0,560,Closed,1481529.0,Home,9.05,13496.0,199463.0,48653.0,39723.0,21.0,75.0,,,103.0,8470.0,8.0,129509.0,31710.0,1687619.0,Retail,3,5,2026-01-06,Low,Yes,Rm_D
C0644,Customer_644,Male,32,Chitwan,Gandaki,Teacher,Bachelor,Unmarried,Acc100645,Fixed Deposit,2025-06-11,Chitwan Branch,187294.0,653,,0.0,Personal,13.72,18699.0,345053.0,26275.0,72012.0,73.0,10.0,,,57.0,19347.0,19.0,192682.0,30133.0,67232.0,Vip,4,8,2026-05-24,Medium,Yes,Rm_C
C0127,Customer_127,Male,31,Lalitpur,Lumbini,Doctor,Master,Married,Acc100128,Savings,2022-08-21,Lalitpur Branch,51840.0,677,,0.0,Education,8.4,42761.0,135065.0,35936.0,112678.0,74.0,85.0,,,13.0,44437.0,5.0,363244.0,32709.0,1280291.0,Corporate,1,8,2026-05-17,Low,No,Rm_A
C0117,Customer_117,Female,43,Kathmandu,Koshi,Student,+2,Married,Acc100118,Current,2021-12-27,Lalitpur Branch,127438.0,494,Closed,2568810.0,Education,10.56,3016.0,1938772.0,25324.0,92035.0,61.0,89.0,,,122.0,49118.0,0.0,497889.0,29193.0,1052008.0,Vip,3,7,2025-09-21,Medium,Yes,Rm_D
C0474,Customer_474,Male,32,Bhaktapur,Bagmati,Engineer,Phd,Unmarried,Acc100475,Fixed Deposit,2021-02-11,Chitwan Branch,140936.0,617,Closed,788603.0,Home,12.98,35774.0,535892.0,6828.0,93718.0,20.0,66.0,,,112.0,32950.0,21.0,608698.0,115.0,92263.0,Vip,5,3,2025-10-04,Low,No,Rm_C
C0058,Customer_58,Male,30,Chitwan,Gandaki,Banker,+2,Unmarried,Acc100059,Current,2025-07-04,Lalitpur Branch,52933.0,794,Active,1954468.0,Home,9.71,39647.0,314093.0,107733.0,27928.0,39.0,63.0,,,104.0,41810.0,7.0,396693.0,10837.0,1952922.0,Retail,2,4,2025-09-21,Medium,No,Rm_B
C0729,Customer_729,Female,64,Bhaktapur,Gandaki,Student,Master,Married,Acc100730,Savings,2023-12-23,Butwal Branch,195026.0,815,,0.0,Business,10.91,32045.0,956541.0,68613.0,26785.0,36.0,13.0,,,43.0,41970.0,10.0,514879.0,5616.0,459690.0,Corporate,3,0,2025-09-22,Low,No,Rm_B
C0981,Customer_981,Male,25,Pokhara,Gandaki,Doctor,Bachelor,Married,Acc100982,Savings,2020-02-04,Lalitpur Branch,79221.0,636,Active,423612.0,Business,6.96,42529.0,1697122.0,13760.0,71461.0,93.0,19.0,,,72.0,14266.0,11.0,38435.0,49364.0,1828594.0,Corporate,4,1,2025-08-22,Medium,No,Rm_D
C0370,Customer_370,Male,37,Lalitpur,Bagmati,Business,+2,Unmarried,Acc100371,Fixed Deposit,2024-11-02,Biratnagar Branch,146617.0,737,Active,1382343.0,Education,12.29,3230.0,47210.0,96938.0,119595.0,84.0,17.0,,,78.0,14424.0,16.0,376291.0,32790.0,160707.0,Vip,1,9,2026-01-11,High,No,Rm_C
C0269,Customer_269,Female,39,Lalitpur,Lumbini,Engineer,Master,Unmarried,Acc100270,Fixed Deposit,2021-01-17,Biratnagar Branch,190425.0,507,,0.0,Personal,8.15,37988.0,490476.0,95163.0,15694.0,29.0,39.0,,,147.0,19129.0,16.0,323188.0,35077.0,476594.0,Corporate,5,0,2026-04-06,High,Yes,Rm_C
C0047,Customer_47,Male,25,Pokhara,Bagmati,Banker,+2,Unmarried,Acc100048,Current,2020-05-25,Pokhara Branch,152214.0,563,Active,227465.0,Business,8.1,29128.0,309034.0,79291.0,81765.0,90.0,87.0,,,77.0,28220.0,11.0,927447.0,21191.0,1759057.0,Retail,3,10,2026-05-27,High,Yes,Rm_A
C0350,Customer_350,Female,43,Butwal,Gandaki,Analyst,+2,Married,Acc100351,Fixed Deposit,2025-12-11,Bhaktapur Branch,182190.0,766,Active,2798021.0,Business,15.99,17877.0,1256731.0,16422.0,40458.0,8.0,85.0,,,161.0,11734.0,0.0,490621.0,4273.0,1321973.0,Vip,3,2,2025-06-23,High,Yes,Rm_C
C0196,Customer_196,Female,24,Chitwan,Gandaki,Analyst,Phd,Unmarried,Acc100197,Fixed Deposit,2024-03-26,Biratnagar Branch,214844.0,500,Closed,2000392.0,Business,15.97,29746.0,1739933.0,120325.0,68766.0,82.0,11.0,,,157.0,27566.0,27.0,63202.0,17988.0,182524.0,Corporate,4,3,2025-10-18,High,No,Rm_C
C0103,Customer_103,Male,41,Pokhara,Gandaki,Business,Phd,Married,Acc100104,Current,2025-07-28,Pokhara Branch,235306.0,568,Active,2089739.0,Vehicle,14.28,4999.0,1359312.0,38557.0,22418.0,16.0,6.0,,,104.0,20383.0,28.0,743048.0,6096.0,168907.0,Vip,1,8,2025-12-29,High,Yes,Rm_D
C0900,Customer_900,Male,53,Chitwan,Lumbini,Banker,Phd,Unmarried,Acc100901,Fixed Deposit,2025-08-06,Kathmandu Branch,53884.0,555,,0.0,Home,7.51,39828.0,969322.0,108478.0,16023.0,15.0,50.0,,,115.0,49498.0,0.0,661368.0,15021.0,606389.0,Corporate,1,3,2025-06-29,Low,Yes,Rm_D
C0746,Customer_746,Female,45,Kathmandu,Koshi,Student,Bachelor,Unmarried,Acc100747,Savings,2021-06-07,Chitwan Branch,165176.0,549,,0.0,Education,12.59,38063.0,1097029.0,29843.0,12267.0,59.0,1.0,,,186.0,27567.0,17.0,682679.0,16855.0,607888.0,Vip,1,9,2026-02-21,High,No,Rm_B
C0894,Customer_894,Male,42,Biratnagar,Koshi,Doctor,Bachelor,Married,Acc100895,Current,2023-10-29,Kathmandu Branch,241658.0,811,Active,1223562.0,Business,15.03,18219.0,931521.0,149163.0,117445.0,62.0,0.0,,,32.0,20763.0,6.0,842650.0,29733.0,1299051.0,Corporate,3,7,2025-09-23,Medium,Yes,Rm_C
C0264,Customer_264,Female,30,Pokhara,Bagmati,Engineer,+2,Married,Acc100265,Current,2025-02-27,Lalitpur Branch,121520.0,826,Active,2878898.0,Home,14.11,40325.0,104236.0,126344.0,26484.0,97.0,74.0,,,189.0,22623.0,13.0,456752.0,36139.0,1010664.0,Vip,2,6,2026-03-16,High,Yes,Rm_A
C0444,Customer_444,Male,32,Bhaktapur,Lumbini,Analyst,+2,Unmarried,Acc100445,Current,2020-08-28,Lalitpur Branch,205050.0,707,Active,1686617.0,Home,9.66,38763.0,937380.0,77421.0,52642.0,8.0,49.0,,,195.0,26849.0,13.0,704127.0,21726.0,1892573.0,Corporate,1,4,2025-10-19,High,No,Rm_D
C0793,Customer_793,Male,22,Lalitpur,Gandaki,Banker,Bachelor,Unmarried,Acc100794,Savings,2020-07-16,Kathmandu Branch,145715.0,471,Active,1277331.0,Business,15.47,37583.0,1946239.0,1509.0,30207.0,6.0,0.0,,,69.0,2961.0,17.0,539924.0,5655.0,181788.0,Corporate,4,5,2025-12-01,Medium,No,Rm_B
C0305,Customer_305,Female,28,Bhaktapur,Lumbini,Doctor,Bachelor,Unmarried,Acc100306,Savings,2022-12-26,Chitwan Branch,69712.0,551,Active,1064013.0,Education,11.34,21745.0,806565.0,109300.0,77826.0,61.0,4.0,,,87.0,11710.0,28.0,420373.0,10137.0,987451.0,Vip,2,7,2025-11-13,Low,Yes,Rm_A
C0342,Customer_342,Male,21,Butwal,Gandaki,Student,Bachelor,Married,Acc100343,Fixed Deposit,2026-03-25,Butwal Branch,236945.0,454,Active,571615.0,Vehicle,10.58,41376.0,1237771.0,124716.0,28961.0,1.0,73.0,,,79.0,5323.0,5.0,959973.0,32028.0,1093834.0,Corporate,1,1,2026-04-15,Low,No,Rm_C
C0937,Customer_937,Female,36,Biratnagar,Koshi,Unemployed/Other,Phd,Married,Acc100938,Current,2020-07-06,Biratnagar Branch,80677.0,452,Active,2820900.0,Home,15.08,28452.0,69372.0,118786.0,76858.0,97.0,14.0,,,101.0,3839.0,9.0,708807.0,44743.0,1054334.0,Retail,1,6,2026-02-07,Medium,Yes,Rm_B
C0314,Customer_314,Female,62,Biratnagar,Gandaki,Teacher,Phd,Married,Acc100315,Current,2025-06-23,Biratnagar Branch,30185.0,675,Active,930640.0,Home,8.06,37684.0,372452.0,125123.0,28128.0,9.0,73.0,,,18.0,22332.0,9.0,400285.0,26676.0,1525087.0,Vip,4,6,2025-06-25,Low,Yes,Rm_B
C0150,Customer_150,Male,27,Biratnagar,Bagmati,Teacher,+2,Unmarried,Acc100151,Current,2025-07-29,Kathmandu Branch,140563.0,485,Active,1544514.0,Home,6.2,4739.0,1454953.0,61908.0,21364.0,50.0,61.0,,,73.0,35856.0,17.0,466576.0,16314.0,818093.0,Retail,4,10,2026-03-14,High,Yes,Rm_B
C0125,Customer_125,Female,42,Bhaktapur,Koshi,Business,Phd,Married,Acc100126,Current,2021-12-13,Biratnagar Branch,146562.0,477,Active,596625.0,Business,14.51,9311.0,1129891.0,48724.0,15857.0,23.0,96.0,,,50.0,44200.0,27.0,368192.0,6585.0,1550667.0,Vip,2,10,2026-05-17,Medium,No,Rm_C
C0847,Customer_847,Female,45,Biratnagar,Bagmati,Engineer,Phd,Married,Acc100848,Current,2021-11-22,Chitwan Branch,183451.0,801,Closed,1848022.0,Business,12.75,12305.0,277498.0,126915.0,38867.0,32.0,92.0,,,194.0,47886.0,16.0,467045.0,26890.0,625325.0,Corporate,1,6,2025-12-25,Medium,Yes,Rm_A
C0886,Customer_886,Male,35,Chitwan,Gandaki,Doctor,+2,Married,Acc100887,Fixed Deposit,2026-03-08,Lalitpur Branch,106078.0,613,,0.0,Vehicle,12.1,2782.0,227994.0,138770.0,6149.0,36.0,81.0,,,143.0,21790.0,20.0,126288.0,46422.0,997555.0,Retail,2,3,2026-06-02,Low,No,Rm_C
C0051,Customer_51,Male,54,Pokhara,Bagmati,Teacher,Phd,Unmarried,Acc100052,Current,2020-03-05,Kathmandu Branch,197175.0,569,Closed,955686.0,Personal,12.5,6124.0,1176934.0,94767.0,13699.0,95.0,83.0,,,177.0,44432.0,6.0,237733.0,32441.0,1550575.0,Corporate,2,3,2026-01-31,High,No,Rm_B
C0354,Customer_354,Female,52,Lalitpur,Lumbini,Business,Bachelor,Unmarried,Acc100355,Fixed Deposit,2021-10-30,Bhaktapur Branch,35445.0,804,Closed,831506.0,Home,7.09,18471.0,681440.0,73956.0,81353.0,48.0,72.0,,,2.0,14835.0,9.0,576275.0,29861.0,1988540.0,Corporate,2,9,2025-09-02,Medium,Yes,Rm_B
C0999,Customer_999,Female,64,Pokhara,Koshi,Unemployed/Other,Bachelor,Married,Acc101000,Savings,2024-02-04,Bhaktapur Branch,234184.0,543,,0.0,Business,7.77,45398.0,1165058.0,58048.0,75183.0,83.0,13.0,,,155.0,48216.0,4.0,421902.0,27836.0,429177.0,Vip,3,6,2026-04-08,High,Yes,Rm_C
C0143,Customer_143,Female,26,Chitwan,Koshi,Doctor,+2,Unmarried,Acc100144,Savings,2023-11-11,Lalitpur Branch,163385.0,705,Active,127090.0,Home,7.86,16063.0,1638042.0,3710.0,118588.0,98.0,64.0,,,10.0,30586.0,16.0,540285.0,15458.0,363768.0,Retail,4,5,2025-10-17,Low,Yes,Rm_B
C0471,Customer_471,Male,62,Kathmandu,Koshi,Teacher,Phd,Unmarried,Acc100472,Fixed Deposit,2025-04-09,Butwal Branch,110915.0,705,Closed,933071.0,Business,8.81,30273.0,714865.0,84540.0,30349.0,81.0,52.0,,,44.0,15658.0,1.0,817392.0,15738.0,158107.0,Corporate,4,7,2025-06-30,Medium,Yes,Rm_D
C0400,Customer_400,Male,29,Biratnagar,Gandaki,Business,Master,Married,Acc100401,Current,2023-04-13,Bhaktapur Branch,194502.0,539,,0.0,Personal,14.05,18471.0,1722739.0,13210.0,66623.0,100.0,47.0,,,130.0,41621.0,18.0,101141.0,20213.0,1970468.0,Retail,1,0,2025-12-30,High,No,Rm_C
C0930,Customer_930,Male,35,Biratnagar,Gandaki,Business,Master,Unmarried,Acc100931,Current,2024-09-14,Butwal Branch,245869.0,709,,0.0,Home,11.44,37175.0,38595.0,16424.0,49725.0,7.0,74.0,,,38.0,23501.0,16.0,418378.0,26866.0,993489.0,Retail,2,1,2026-05-14,Medium,Yes,Rm_D
C0321,Customer_321,Male,28,Pokhara,Bagmati,Banker,Master,Married,Acc100322,Current,2021-04-03,Kathmandu Branch,107837.0,533,Closed,2209310.0,Home,9.27,44663.0,157194.0,53677.0,74860.0,33.0,61.0,,,29.0,15983.0,23.0,33928.0,11902.0,1237064.0,Vip,3,0,2026-01-18,Low,Yes,Rm_C
C0020,Customer_20,Male,46,Bhaktapur,Gandaki,Student,Phd,Unmarried,Acc100021,Current,2025-08-11,Lalitpur Branch,220916.0,718,,0.0,Home,9.03,37186.0,539489.0,138237.0,113554.0,82.0,53.0,,,199.0,10604.0,4.0,604071.0,6887.0,1188291.0,Vip,1,7,2026-04-04,Medium,No,Rm_C
C0908,Customer_908,Female,48,Kathmandu,Koshi,Business,+2,Married,Acc100909,Fixed Deposit,2021-12-07,Chitwan Branch,207570.0,642,Closed,570082.0,Education,14.26,18384.0,203237.0,17358.0,95177.0,73.0,62.0,,,66.0,14472.0,1.0,443646.0,22830.0,1885543.0,Corporate,4,10,2025-09-28,Low,No,Rm_D
C0851,Customer_851,Female,44,Chitwan,Koshi,Banker,Phd,Married,Acc100852,Fixed Deposit,2023-06-08,Lalitpur Branch,39961.0,482,Closed,1170170.0,Home,11.04,17047.0,1064416.0,59842.0,2253.0,95.0,22.0,,,191.0,45153.0,2.0,414712.0,38458.0,788339.0,Corporate,2,3,2025-09-10,Medium,Yes,Rm_C
C0895,Customer_895,Male,40,Pokhara,Koshi,Analyst,Phd,Unmarried,Acc100896,Current,2023-06-08,Lalitpur Branch,114251.0,593,,0.0,Vehicle,12.81,28710.0,139543.0,50592.0,113760.0,75.0,45.0,,,156.0,31596.0,2.0,164961.0,13509.0,512943.0,Retail,3,5,2025-07-11,Low,Yes,Rm_D
C0408,Customer_408,Male,39,Lalitpur,Bagmati,Student,Bachelor,Unmarried,Acc100409,Savings,2024-06-27,Bhaktapur Branch,171094.0,501,Active,1485832.0,Vehicle,8.91,47013.0,299808.0,5229.0,30932.0,93.0,92.0,,,25.0,32166.0,17.0,835300.0,4163.0,667453.0,Vip,4,3,2026-03-21,High,Yes,Rm_C
C0538,Customer_538,Female,60,Chitwan,Gandaki,Analyst,Bachelor,Unmarried,Acc100539,Savings,2020-11-18,Kathmandu Branch,232958.0,493,Active,1208437.0,Home,14.5,5253.0,1239355.0,57575.0,50480.0,92.0,53.0,,,31.0,20566.0,12.0,987628.0,14597.0,279186.0,Retail,2,7,2025-10-16,Low,Yes,Rm_C
C0694,Customer_694,Male,39,Chitwan,Koshi,Teacher,Bachelor,Married,Acc100695,Fixed Deposit,2019-08-12,Pokhara Branch,91420.0,483,,0.0,Home,14.01,27277.0,1946006.0,33645.0,63723.0,21.0,15.0,,,169.0,24678.0,19.0,754723.0,17345.0,1328982.0,Corporate,2,1,2025-11-02,Medium,No,Rm_B
C0039,Customer_39,Female,44,Biratnagar,Bagmati,Business,Master,Unmarried,Acc100040,Fixed Deposit,2019-11-14,Biratnagar Branch,154139.0,822,Closed,135790.0,Home,13.78,35980.0,1704287.0,85674.0,24937.0,45.0,8.0,,,110.0,687.0,20.0,288366.0,1467.0,1073714.0,Retail,1,1,2026-04-29,Low,No,Rm_B
C0176,Customer_176,Male,52,Pokhara,Lumbini,Engineer,Bachelor,Unmarried,Acc100177,Fixed Deposit,2024-11-20,Lalitpur Branch,33233.0,457,Active,239414.0,Personal,12.48,25901.0,904100.0,104817.0,35389.0,17.0,2.0,,,29.0,39433.0,20.0,919007.0,12740.0,1346448.0,Corporate,4,4,2025-10-14,High,Yes,Rm_B
C0246,Customer_246,Female,60,Bhaktapur,Gandaki,Student,+2,Unmarried,Acc100247,Fixed Deposit,2020-05-19,Biratnagar Branch,133838.0,814,Closed,975889.0,Education,7.89,20757.0,922947.0,86090.0,51414.0,0.0,12.0,,,109.0,49614.0,29.0,394368.0,49714.0,1752490.0,Vip,1,1,2025-11-03,High,No,Rm_B
C0893,Customer_893,Male,58,Kathmandu,Koshi,Analyst,Unspecified,Unmarried,Acc100894,Fixed Deposit,2026-03-04,Pokhara Branch,79776.0,728,Closed,551304.0,Vehicle,11.95,6400.0,1253025.0,58837.0,36063.0,6.0,49.0,,,86.0,14312.0,23.0,433260.0,34263.0,897725.0,Vip,3,2,2025-08-13,High,No,Rm_B
C0722,Customer_722,Male,42,Lalitpur,Bagmati,Business,Bachelor,Unmarried,Acc100723,Savings,2019-10-26,Chitwan Branch,129452.0,685,,0.0,Business,14.81,34867.0,1876693.0,32262.0,6851.0,63.0,18.0,,,151.0,16933.0,30.0,305442.0,40455.0,837671.0,Retail,2,4,2026-04-30,High,Yes,Rm_B
C0944,Customer_944,Female,22,Butwal,Bagmati,Analyst,Phd,Married,Acc100945,Current,2020-02-27,Pokhara Branch,242228.0,708,,0.0,Education,6.78,19835.0,150434.0,31656.0,26272.0,12.0,68.0,,,117.0,10751.0,24.0,183056.0,45176.0,95230.0,Vip,1,9,2025-11-15,Medium,No,Rm_D
C0155,Customer_155,Male,47,Bhaktapur,Gandaki,Analyst,Master,Unmarried,Acc100156,Fixed Deposit,2022-10-27,Biratnagar Branch,63778.0,508,,0.0,Business,15.31,19358.0,424080.0,106977.0,30599.0,48.0,30.0,,,142.0,35018.0,6.0,669667.0,33862.0,1319265.0,Vip,2,4,2025-10-26,Low,Yes,Rm_B
C0639,Customer_639,Male,27,Chitwan,Lumbini,Engineer,Bachelor,Unmarried,Acc100640,Savings,2024-01-21,Butwal Branch,191011.0,516,,0.0,Home,15.77,9507.0,1779649.0,93137.0,44153.0,93.0,51.0,,,127.0,26657.0,20.0,915135.0,38024.0,1998574.0,Vip,4,3,2025-11-01,Medium,No,Rm_D
C0288,Customer_288,Female,54,Chitwan,Gandaki,Student,Phd,Unmarried,Acc100289,Savings,2025-12-17,Lalitpur Branch,54928.0,528,,0.0,Vehicle,13.77,4046.0,768848.0,17450.0,67475.0,14.0,99.0,,,40.0,39301.0,12.0,293173.0,148.0,1049703.0,Corporate,5,6,2026-06-03,Medium,No,Rm_C
C0626,Customer_626,Male,54,Kathmandu,Gandaki,Doctor,Phd,Unmarried,Acc100627,Current,2026-02-23,Bhaktapur Branch,102345.0,724,Closed,2238640.0,Personal,14.27,49850.0,943154.0,55068.0,3284.0,33.0,69.0,,,173.0,18194.0,21.0,967391.0,8102.0,1410096.0,Vip,4,1,2026-02-06,Low,No,Rm_A
C0742,Customer_742,Female,34,Kathmandu,Lumbini,Banker,+2,Unmarried,Acc100743,Savings,2021-06-16,Chitwan Branch,162600.0,450,Closed,2137627.0,Business,14.82,48378.0,674468.0,15292.0,68998.0,68.0,49.0,,,37.0,27597.0,14.0,884350.0,42235.0,1305462.0,Vip,1,4,2026-04-19,High,Yes,Rm_D
C0570,Customer_570,Female,29,Lalitpur,Lumbini,Business,Master,Married,Acc100571,Current,2021-11-20,Lalitpur Branch,87993.0,583,Closed,766822.0,Education,8.74,18787.0,1202647.0,49170.0,108299.0,20.0,50.0,,,4.0,32826.0,19.0,794174.0,5617.0,1845927.0,Corporate,3,8,2026-01-30,High,No,Rm_A
C0802,Customer_802,Male,27,Lalitpur,Koshi,Student,+2,Married,Acc100803,Fixed Deposit,2020-09-28,Biratnagar Branch,45331.0,667,Closed,1997788.0,Business,10.49,36288.0,1048065.0,88287.0,3993.0,54.0,39.0,,,100.0,27995.0,2.0,159327.0,15919.0,1353861.0,Retail,2,10,2025-10-09,High,Yes,Rm_D
C0018,Customer_18,Female,51,Kathmandu,Lumbini,Banker,Master,Unmarried,Acc100019,Current,2019-12-25,Chitwan Branch,214761.0,593,,0.0,Business,6.52,40973.0,1870641.0,60811.0,101836.0,88.0,36.0,,,169.0,32673.0,18.0,394024.0,35475.0,527447.0,Vip,3,3,2025-09-19,Low,Yes,Rm_D
C0128,Customer_128,Male,36,Bhaktapur,Bagmati,Analyst,Master,Married,Acc100129,Savings,2020-05-29,Chitwan Branch,108632.0,561,Active,662853.0,Education,14.71,20084.0,1356765.0,101197.0,16250.0,72.0,71.0,,,162.0,23635.0,27.0,904024.0,34389.0,1003423.0,Corporate,4,0,2026-02-13,High,Yes,Rm_D
C0323,Customer_323,Female,48,Kathmandu,Koshi,Student,Bachelor,Unmarried,Acc100324,Fixed Deposit,2023-02-16,Pokhara Branch,166680.0,629,,0.0,Business,7.55,41509.0,1420113.0,26588.0,28215.0,4.0,79.0,,,10.0,12481.0,3.0,868742.0,38297.0,865576.0,Corporate,3,6,2025-07-19,Medium,No,Rm_D
C0256,Customer_256,Female,54,Pokhara,Gandaki,Engineer,Bachelor,Married,Acc100257,Fixed Deposit,2025-04-27,Butwal Branch,109214.0,687,Active,413979.0,Personal,9.7,3065.0,1309485.0,35098.0,116641.0,0.0,20.0,,,48.0,6146.0,23.0,219663.0,26149.0,85526.0,Corporate,2,4,2025-10-26,Low,Yes,Rm_C
C0791,Customer_791,Male,21,Biratnagar,Gandaki,Banker,Master,Unmarried,Acc100792,Fixed Deposit,2023-08-21,Butwal Branch,77107.0,639,Closed,1213876.0,Home,14.38,8996.0,1056761.0,89753.0,72033.0,96.0,43.0,,,18.0,4796.0,9.0,906502.0,32269.0,440727.0,Retail,5,0,2026-01-10,High,Yes,Rm_A
C0191,Customer_191,Male,25,Butwal,Gandaki,Doctor,Phd,Unmarried,Acc100192,Current,2021-02-03,Pokhara Branch,40472.0,496,Active,2783107.0,Home,15.83,22976.0,760262.0,96308.0,12890.0,25.0,92.0,,,96.0,19441.0,23.0,89057.0,276.0,1815863.0,Corporate,2,2,2025-10-26,Medium,No,Rm_B
C0116,Customer_116,Male,51,Pokhara,Bagmati,Doctor,Phd,Married,Acc100117,Savings,2024-04-16,Pokhara Branch,65622.0,476,Active,2763156.0,Home,8.62,15764.0,862978.0,121473.0,44529.0,55.0,66.0,,,65.0,9557.0,4.0,88608.0,11686.0,1602837.0,Retail,2,3,2025-09-05,Low,No,Rm_A
C0666,Customer_666,Female,56,Biratnagar,Lumbini,Analyst,Master,Married,Acc100667,Fixed Deposit,2025-04-27,Biratnagar Branch,44271.0,532,,0.0,Vehicle,7.38,12340.0,269268.0,2491.0,4752.0,66.0,69.0,,,25.0,21817.0,13.0,941401.0,11130.0,463816.0,Vip,3,3,2025-06-18,Medium,No,Rm_C
C0607,Customer_607,Male,33,Pokhara,Lumbini,Banker,+2,Unmarried,Acc100608,Savings,2023-07-14,Bhaktapur Branch,189425.0,771,Closed,2212000.0,Personal,14.98,4464.0,954261.0,30891.0,46171.0,79.0,19.0,,,188.0,46656.0,16.0,50852.0,34636.0,997460.0,Vip,1,2,2026-05-25,Medium,Yes,Rm_A
C0181,Customer_181,Male,49,Lalitpur,Gandaki,Analyst,Bachelor,Married,Acc100182,Savings,2020-08-07,Chitwan Branch,187263.0,610,Active,112952.0,Education,15.05,27631.0,1559274.0,9810.0,72068.0,5.0,71.0,,,191.0,43380.0,11.0,649104.0,20605.0,164020.0,Retail,5,5,2025-09-14,High,No,Rm_C
C0302,Customer_302,Male,55,Kathmandu,Koshi,Doctor,Bachelor,Married,Acc100303,Fixed Deposit,2022-10-16,Lalitpur Branch,141067.0,844,Active,791972.0,Education,15.88,6502.0,1257352.0,105777.0,9358.0,30.0,83.0,,,130.0,22912.0,14.0,723837.0,6728.0,965510.0,Vip,3,0,2026-05-31,High,No,Rm_B
C0830,Customer_830,Male,36,Chitwan,Lumbini,Doctor,Phd,Unmarried,Acc100831,Current,2022-06-21,Kathmandu Branch,50488.0,453,,0.0,Home,12.85,27168.0,939946.0,47545.0,58986.0,53.0,92.0,,,139.0,4106.0,29.0,161677.0,43945.0,1577983.0,Vip,1,7,2025-12-04,Low,No,Rm_C
C0901,Customer_901,Male,23,Bhaktapur,Lumbini,Business,Master,Married,Acc100902,Savings,2022-06-21,Chitwan Branch,121325.0,469,Active,2901466.0,Vehicle,13.11,20103.0,1643022.0,3798.0,37646.0,81.0,72.0,,,19.0,12030.0,9.0,611131.0,7088.0,135878.0,Retail,2,4,2025-09-27,Medium,Yes,Rm_C
C0781,Customer_781,Male,64,Kathmandu,Bagmati,Analyst,Phd,Married,Acc100782,Fixed Deposit,2020-03-01,Lalitpur Branch,77956.0,463,,0.0,Personal,15.64,5623.0,1560770.0,22545.0,92415.0,74.0,58.0,,,55.0,34898.0,20.0,496942.0,1493.0,1821221.0,Retail,5,5,2025-07-25,Low,No,Rm_A
C0740,Customer_740,Female,65,Chitwan,Koshi,Doctor,Master,Unmarried,Acc100741,Fixed Deposit,2023-12-03,Lalitpur Branch,93641.0,539,Active,2577528.0,Home,15.15,11572.0,189243.0,57742.0,33850.0,2.0,90.0,,,172.0,19096.0,15.0,677807.0,31631.0,1418198.0,Vip,5,3,2026-04-19,High,No,Rm_B
C0716,Customer_716,Male,59,Biratnagar,Koshi,Engineer,Phd,Married,Acc100717,Fixed Deposit,2023-04-04,Biratnagar Branch,128775.0,705,Closed,2696839.0,Home,8.54,5500.0,1181202.0,40379.0,6628.0,10.0,93.0,,,190.0,43510.0,30.0,76857.0,10497.0,827764.0,Vip,1,6,2026-02-13,Low,No,Rm_B
C0518,Customer_518,Female,58,Butwal,Gandaki,Teacher,Master,Unmarried,Acc100519,Current,2020-02-13,Biratnagar Branch,111527.0,499,Closed,1224476.0,Home,8.5,8861.0,325308.0,44618.0,70550.0,81.0,45.0,,,153.0,44668.0,0.0,968368.0,18636.0,1579328.0,Corporate,3,7,2026-06-12,Medium,Yes,Rm_A
C0373,Customer_373,Female,42,Pokhara,Bagmati,Analyst,Master,Unmarried,Acc100374,Fixed Deposit,2024-11-12,Bhaktapur Branch,209583.0,843,Closed,740084.0,Vehicle,14.2,44709.0,81003.0,49039.0,8433.0,24.0,59.0,,,18.0,40489.0,30.0,935634.0,44246.0,29658.0,Corporate,4,3,2026-03-24,High,No,Rm_B
C0046,Customer_46,Male,57,Pokhara,Bagmati,Business,Phd,Married,Acc100047,Savings,2024-12-25,Kathmandu Branch,188244.0,626,Active,584138.0,Education,8.65,12800.0,851562.0,62664.0,75571.0,80.0,27.0,,,123.0,14864.0,8.0,977191.0,45522.0,168590.0,Corporate,4,8,2025-12-12,High,Yes,Rm_A
C0978,Customer_978,Female,60,Biratnagar,Bagmati,Engineer,Bachelor,Unmarried,Acc100979,Current,2022-10-14,Biratnagar Branch,98975.0,653,Active,2890047.0,Home,11.25,4675.0,742238.0,139176.0,9731.0,0.0,56.0,,,38.0,2133.0,8.0,867908.0,15339.0,52366.0,Vip,3,0,2025-07-30,Medium,No,Rm_C
C0158,Customer_158,Female,28,Biratnagar,Gandaki,Doctor,Bachelor,Married,Acc100159,Current,2020-12-17,Pokhara Branch,216813.0,463,Closed,1804726.0,Personal,9.93,44633.0,547437.0,19074.0,67350.0,90.0,75.0,,,44.0,43439.0,15.0,176233.0,37732.0,1421830.0,Vip,5,4,2025-06-24,Medium,No,Rm_B
C0803,Customer_803,Male,41,Biratnagar,Koshi,Banker,Master,Married,Acc100804,Current,2023-05-01,Lalitpur Branch,85708.0,499,Closed,1369573.5,Education,12.88,18473.0,1578554.0,138609.0,97978.0,55.0,27.0,,,39.0,33990.0,15.0,235949.0,47170.0,1064646.0,Corporate,1,10,2025-08-12,Medium,Yes,Rm_A
C0172,Customer_172,Male,43,Kathmandu,Bagmati,Engineer,+2,Married,Acc100173,Fixed Deposit,2023-03-02,Lalitpur Branch,151685.0,466,,0.0,Vehicle,8.91,25018.0,1671249.0,10673.0,28900.0,65.0,23.0,,,135.0,47114.0,1.0,891542.0,13379.0,1077384.0,Corporate,1,5,2026-05-29,Medium,Yes,Rm_C
C0017,Customer_17,Female,56,Butwal,Koshi,Banker,Bachelor,Unmarried,Acc100018,Fixed Deposit,2023-05-19,Pokhara Branch,216894.0,807,Active,1025055.0,Business,13.22,38502.0,492727.0,88337.0,32379.0,0.0,100.0,,,24.0,44852.0,1.0,110872.0,40550.0,101904.0,Retail,4,0,2026-04-10,Medium,Yes,Rm_D
C0512,Customer_512,Female,58,Pokhara,Koshi,Teacher,Master,Married,Acc100513,Fixed Deposit,2024-06-07,Kathmandu Branch,181647.0,843,,0.0,Personal,12.97,38394.0,1100079.0,143871.0,50023.0,90.0,18.0,,,160.0,28218.0,22.0,579329.0,23299.0,769563.0,Vip,4,0,2026-04-05,Low,Yes,Rm_B
C0049,Customer_49,Female,63,Pokhara,Lumbini,Teacher,+2,Married,Acc100050,Fixed Deposit,2024-10-30,Bhaktapur Branch,173119.0,583,Active,1556444.0,Vehicle,13.42,24435.0,221212.0,7060.0,99476.0,93.0,10.0,,,100.0,25259.0,11.0,303913.0,3332.0,526854.0,Corporate,5,7,2026-05-28,High,No,Rm_D
C0192,Customer_192,Female,54,Chitwan,Bagmati,Banker,+2,Married,Acc100193,Current,2025-07-22,Biratnagar Branch,229310.0,825,Active,977398.0,Business,15.13,26815.0,1637225.0,65907.0,18290.0,51.0,6.0,,,50.0,8291.0,20.0,161902.0,35998.0,1910354.0,Vip,5,3,2026-02-15,Medium,No,Rm_C
C0906,Customer_906,Female,20,Butwal,Lumbini,Analyst,+2,Unmarried,Acc100907,Savings,2024-10-20,Pokhara Branch,66044.0,655,Active,2717843.0,Vehicle,10.2,32421.0,1980919.0,101305.0,28706.0,99.0,18.0,,,105.0,29190.0,24.0,480895.0,31946.0,1475714.0,Retail,3,1,2025-11-04,Medium,Yes,Rm_B
C0516,Customer_516,Female,36,Kathmandu,Koshi,Doctor,Master,Unmarried,Acc100517,Current,2021-07-25,Biratnagar Branch,67913.0,723,,0.0,Home,12.98,45926.0,109067.0,139201.0,77657.0,68.0,74.0,,,108.0,34561.0,6.0,210409.0,7597.0,1099349.0,Corporate,4,10,2026-02-27,Low,No,Rm_B
C0735,Customer_735,Male,62,Kathmandu,Gandaki,Engineer,Phd,Unmarried,Acc100736,Current,2023-09-10,Lalitpur Branch,187269.0,845,Closed,1691228.0,Business,8.94,22198.0,494012.0,80759.0,117541.0,38.0,80.0,,,103.0,4391.0,9.0,904082.0,7245.0,1791097.0,Corporate,1,6,2026-04-27,Medium,Yes,Rm_B
C0741,Customer_741,Male,27,Biratnagar,Lumbini,Teacher,Bachelor,Married,Acc100742,Current,2025-02-11,Chitwan Branch,118825.0,542,Active,2199055.0,Vehicle,6.57,29507.0,1170024.0,79036.0,41173.0,43.0,40.0,,,126.0,13441.0,2.0,778758.0,1936.0,1727577.0,Corporate,2,9,2025-07-21,Medium,No,Rm_C
C0481,Customer_481,Female,63,Chitwan,Gandaki,Banker,+2,Married,Acc100482,Current,2022-12-23,Biratnagar Branch,219950.0,624,Closed,2176381.0,Vehicle,14.69,46205.0,539744.0,74484.0,71540.0,4.0,49.0,,,2.0,29624.0,0.0,572281.0,34595.0,1192024.0,Vip,5,4,2025-07-26,Low,No,Rm_D
C0284,Customer_284,Female,45,Lalitpur,Lumbini,Teacher,+2,Married,Acc100285,Fixed Deposit,2022-08-02,Biratnagar Branch,51408.0,799,Closed,633118.0,Home,6.72,19059.0,102069.0,77525.0,118799.0,92.0,32.0,,,137.0,42387.0,18.0,622499.0,47762.0,1427679.0,Corporate,5,9,2026-02-22,Medium,No,Rm_C
C0775,Customer_775,Male,33,Lalitpur,Koshi,Analyst,Phd,Unmarried,Acc100776,Current,2024-11-24,Biratnagar Branch,61818.0,685,Active,1911617.0,Home,15.22,6345.0,765507.0,149044.0,114178.0,13.0,89.0,,,189.0,10177.0,29.0,580614.0,24777.0,290208.0,Vip,3,1,2025-12-05,High,Yes,Rm_D
C0707,Customer_707,Female,60,Lalitpur,Bagmati,Banker,Phd,Unmarried,Acc100708,Current,2023-10-06,Bhaktapur Branch,55680.0,774,Closed,572970.0,Home,10.14,16521.0,1394616.0,37294.0,85506.0,95.0,70.0,,,143.0,26819.0,9.0,174634.0,15432.0,1266022.0,Vip,2,6,2025-06-30,Low,No,Rm_A
C0226,Customer_226,Male,57,Butwal,Lumbini,Engineer,Phd,Unmarried,Acc100227,Current,2025-10-20,Lalitpur Branch,228362.0,635,,0.0,Education,6.26,40789.0,1324804.0,64588.0,75952.0,33.0,4.0,,,167.0,11409.0,20.0,195785.0,47945.0,206055.0,Vip,5,8,2026-05-23,Medium,No,Rm_C
C0027,Customer_27,Male,22,Pokhara,Gandaki,Teacher,Bachelor,Unmarried,Acc100028,Current,2025-08-10,Butwal Branch,74426.0,754,Closed,1778976.0,Personal,15.26,15490.0,1532879.0,55806.0,31362.0,50.0,8.0,,,21.0,40571.0,28.0,235601.0,4413.0,1037230.0,Retail,4,10,2025-09-22,High,No,Rm_C
C0843,Customer_843,Female,24,Butwal,Koshi,Doctor,Master,Married,Acc100844,Savings,2025-09-15,Bhaktapur Branch,84672.0,815,,0.0,Personal,14.96,3814.0,990660.0,61955.0,81389.0,42.0,73.0,,,41.0,45315.0,9.0,240661.0,24113.0,1659043.0,Corporate,1,0,2026-04-09,High,Yes,Rm_A
C0438,Customer_438,Female,27,Biratnagar,Bagmati,Doctor,Phd,Married,Acc100439,Current,2023-08-15,Chitwan Branch,89379.0,669,Closed,1205335.0,Personal,8.53,38074.0,1281307.0,79924.0,6213.0,22.0,20.0,,,56.0,2318.0,20.0,690582.0,22714.0,855200.0,Corporate,1,9,2026-02-08,Medium,Yes,Rm_B
C0365,Customer_365,Male,26,Pokhara,Gandaki,Banker,+2,Unmarried,Acc100366,Fixed Deposit,2025-10-24,Chitwan Branch,118241.0,690,Closed,699878.0,Home,14.31,26377.0,176449.0,83522.0,61278.0,14.0,45.0,,,104.0,32962.0,26.0,492004.0,34062.0,1133022.0,Corporate,1,10,2026-05-22,High,Yes,Rm_A
C0230,Customer_230,Female,64,Pokhara,Gandaki,Doctor,+2,Married,Acc100231,Fixed Deposit,2021-10-14,Butwal Branch,55576.0,554,Closed,878230.0,Home,7.12,47110.0,219086.0,3645.0,88209.0,20.0,96.0,,,132.0,40153.0,29.0,198109.0,12389.0,895715.0,Retail,1,6,2025-11-30,Medium,No,Rm_D
C0038,Customer_38,Male,42,Kathmandu,Gandaki,Business,+2,Unmarried,Acc100039,Fixed Deposit,2019-08-20,Butwal Branch,194556.0,837,,0.0,Vehicle,12.85,25721.0,1324112.0,70955.0,118935.0,46.0,63.0,,,23.0,17228.0,13.0,878031.0,37504.0,1949559.0,Vip,1,3,2025-06-27,Medium,Yes,Rm_C
C0670,Customer_670,Male,25,Kathmandu,Lumbini,Business,Phd,Married,Acc100671,Current,2022-06-28,Bhaktapur Branch,67313.0,651,Closed,2031098.0,Business,13.57,48474.0,1793028.0,39015.0,65752.0,41.0,8.0,,,96.0,14514.0,17.0,976427.0,37634.0,189067.0,Vip,5,8,2025-09-12,High,Yes,Rm_D
C0375,Customer_375,Male,21,Kathmandu,Gandaki,Analyst,Bachelor,Unmarried,Acc100376,Current,2025-03-04,Pokhara Branch,244238.0,647,Closed,261331.0,Business,14.35,13108.0,433248.0,64257.0,7686.0,17.0,60.0,,,190.0,20968.0,16.0,706241.0,12844.0,1819059.0,Vip,2,0,2026-05-18,Medium,Yes,Rm_B
C0470,Customer_470,Male,50,Lalitpur,Lumbini,Banker,Master,Unmarried,Acc100471,Fixed Deposit,2024-10-17,Kathmandu Branch,213775.0,715,Active,149422.0,Personal,15.87,45868.0,870751.0,73378.0,79689.0,7.0,47.0,,,15.0,45895.0,21.0,394705.0,2330.0,1607686.0,Retail,5,2,2025-12-17,Medium,No,Rm_D
C0688,Customer_688,Male,27,Bhaktapur,Bagmati,Engineer,Master,Unmarried,Acc100689,Current,2026-01-27,Lalitpur Branch,114670.0,775,Closed,1665268.0,Home,12.73,23546.0,694738.0,32237.0,75837.0,20.0,68.0,,,37.0,28317.0,12.0,533863.0,24035.0,104732.0,Retail,1,1,2026-04-29,High,No,Rm_B
C0917,Customer_917,Female,31,Lalitpur,Bagmati,Engineer,Master,Unmarried,Acc100918,Fixed Deposit,2026-01-27,Butwal Branch,34379.0,560,Active,823035.0,Home,6.65,6837.0,1866699.0,60306.0,23863.0,37.0,90.0,,,167.0,15499.0,8.0,366614.0,35748.0,1379612.0,Corporate,2,6,2025-10-19,High,Yes,Rm_A
C0759,Customer_759,Female,39,Pokhara,Bagmati,Teacher,+2,Unmarried,Acc100760,Current,2019-10-26,Bhaktapur Branch,121382.0,822,,0.0,Personal,14.95,39711.0,1641276.0,29671.0,51398.0,45.0,89.0,,,164.0,3221.0,18.0,802417.0,48270.0,595009.0,Corporate,3,5,2026-03-26,High,Yes,Rm_B
C0784,Customer_784,Female,28,Chitwan,Bagmati,Banker,Master,Married,Acc100785,Savings,2019-10-26,Butwal Branch,35484.0,837,,0.0,Vehicle,8.82,29950.0,641575.0,25279.0,100231.0,62.0,78.0,,,97.0,20798.0,5.0,538142.0,1333.0,636603.0,Vip,5,1,2026-04-19,High,Yes,Rm_C
C0195,Customer_195,Female,27,Bhaktapur,Koshi,Doctor,Master,Married,Acc100196,Fixed Deposit,2024-06-24,Biratnagar Branch,134417.0,500,Active,1610973.0,Home,11.19,2821.0,1739998.0,17034.0,27874.0,55.0,100.0,,,47.0,37423.0,29.0,524491.0,22801.0,148347.0,Vip,2,4,2025-07-16,Medium,Yes,Rm_A
C0921,Customer_921,Male,25,Lalitpur,Lumbini,Banker,Phd,Married,Acc100922,Current,2023-06-09,Biratnagar Branch,140618.0,816,,0.0,Education,10.53,19523.0,186154.0,79388.0,72208.0,95.0,77.0,,,195.0,49363.0,26.0,122719.0,39892.0,1438482.0,Retail,4,0,2025-08-05,Medium,No,Rm_B
C0931,Customer_931,Male,52,Biratnagar,Bagmati,Business,Phd,Unmarried,Acc100932,Current,2020-04-12,Kathmandu Branch,81854.0,634,Active,1691976.0,Education,13.58,23772.0,909884.0,67273.0,113615.0,62.0,59.0,,,36.0,48745.0,14.0,691360.0,26888.0,981781.0,Corporate,4,1,2025-06-22,Low,No,Rm_D
C0504,Customer_504,Female,20,Butwal,Gandaki,Engineer,Bachelor,Married,Acc100505,Current,2022-05-24,Pokhara Branch,99470.0,584,Active,1119128.0,Education,13.18,34446.0,14067.0,50832.0,85894.0,78.0,59.0,,,28.0,47132.0,7.0,54506.0,24488.0,1315995.0,Retail,1,8,2026-03-12,Low,Yes,Rm_D
C0896,Customer_896,Male,30,Butwal,Gandaki,Doctor,+2,Married,Acc100897,Savings,2020-09-09,Chitwan Branch,170977.0,697,,0.0,Home,12.79,27444.0,1828750.0,10816.0,34264.0,10.0,56.0,,,21.0,12141.0,29.0,536455.0,15080.0,1144158.0,Corporate,2,10,2025-07-02,Low,No,Rm_D
C0580,Customer_580,Female,23,Chitwan,Bagmati,Banker,+2,Married,Acc100581,Current,2023-03-12,Bhaktapur Branch,180168.0,811,,0.0,Home,10.22,10201.0,818761.0,22871.0,22682.0,27.0,32.0,,,157.0,26069.0,0.0,947182.0,36859.0,1858391.0,Retail,2,4,2025-07-11,Medium,Yes,Rm_D
C0161,Customer_161,Male,31,Pokhara,Gandaki,Engineer,Master,Married,Acc100162,Fixed Deposit,2025-04-19,Biratnagar Branch,107808.0,727,Closed,2535786.0,Home,13.41,34061.0,1633722.0,20710.0,11291.0,54.0,29.0,,,89.0,36574.0,25.0,594121.0,42152.0,459297.0,Corporate,3,5,2026-04-16,Medium,Yes,Rm_C
C0681,Customer_681,Female,52,Chitwan,Lumbini,Doctor,Bachelor,Unmarried,Acc100682,Savings,2026-04-13,Chitwan Branch,212727.0,845,Active,1368028.0,Home,14.39,44537.0,1797733.0,118800.0,93415.0,11.0,96.0,,,59.0,6959.0,24.0,152998.0,25276.0,228578.0,Retail,1,9,2026-05-21,High,Yes,Rm_A
C0163,Customer_163,Female,31,Lalitpur,Koshi,Analyst,Phd,Married,Acc100164,Fixed Deposit,2024-08-27,Lalitpur Branch,140460.0,570,Active,1121251.0,Business,15.44,10569.0,1071820.0,99344.0,114688.0,52.0,0.0,,,60.0,47979.0,17.0,962589.0,9166.0,1258234.0,Corporate,5,8,2025-10-05,High,No,Rm_C
C0706,Customer_706,Female,35,Bhaktapur,Bagmati,Teacher,Phd,Married,Acc100707,Savings,2024-11-11,Chitwan Branch,168855.0,527,Closed,1709110.0,Home,9.42,19874.0,1713446.0,76547.0,114597.0,58.0,60.0,,,4.0,39255.0,28.0,850756.0,22149.0,1792904.0,Corporate,1,0,2026-02-03,Low,No,Rm_B
C0757,Customer_757,Female,35,Biratnagar,Lumbini,Teacher,Master,Married,Acc100758,Fixed Deposit,2023-12-31,Kathmandu Branch,180591.0,706,Active,1756902.0,Home,7.89,5544.0,1471457.0,96274.0,51096.0,79.0,38.0,,,110.0,42918.0,16.0,906936.0,23328.0,1297201.0,Vip,5,0,2025-06-28,High,Yes,Rm_C
C0153,Customer_153,Female,35,Lalitpur,Koshi,Doctor,Master,Married,Acc100154,Current,2024-06-13,Pokhara Branch,168177.0,634,Closed,1378787.0,Business,12.62,2212.0,1982606.0,32192.0,24484.0,1.0,42.0,,,181.0,10679.0,13.0,178960.0,29885.0,1993849.0,Vip,2,7,2026-05-17,Medium,Yes,Rm_C
C0801,Customer_801,Male,42,Bhaktapur,Bagmati,Doctor,Unspecified,Unmarried,Acc100802,Savings,2022-07-20,Kathmandu Branch,107271.0,526,Closed,1525651.0,Business,10.5,11789.0,1656437.0,55876.0,74813.0,75.0,31.0,,,74.0,27942.0,9.0,617051.0,18078.0,1379432.0,Corporate,3,4,2025-11-29,High,No,Rm_A
C0755,Customer_755,Male,44,Biratnagar,Bagmati,Analyst,Phd,Married,Acc100756,Current,2024-06-26,Biratnagar Branch,61108.0,702,Closed,1772429.0,Home,12.43,4320.0,199115.0,25434.0,96693.0,65.0,76.0,,,193.0,48121.0,8.0,878896.0,8914.0,1815688.0,Vip,5,4,2026-01-08,Low,No,Rm_A
C0815,Customer_815,Male,46,Lalitpur,Koshi,Doctor,+2,Unmarried,Acc100816,Fixed Deposit,2024-07-17,Biratnagar Branch,53605.0,788,Closed,2316805.0,Personal,13.26,46562.0,324898.0,117790.0,93939.0,38.0,30.0,,,10.0,33959.0,7.0,108574.0,23349.0,44641.0,Corporate,4,10,2026-03-30,Low,No,Rm_D
C0112,Customer_112,Male,58,Biratnagar,Koshi,Doctor,Phd,Married,Acc100113,Current,2024-04-27,Biratnagar Branch,217669.0,589,Closed,1846287.0,Vehicle,6.02,23397.0,1728842.0,42069.0,82742.0,5.0,6.0,,,116.0,8412.0,13.0,785177.0,27009.0,1648586.0,Retail,5,6,2025-06-19,Low,No,Rm_D
C0227,Customer_227,Male,27,Pokhara,Lumbini,Student,Phd,Unmarried,Acc100228,Current,2021-12-29,Pokhara Branch,140236.0,776,Closed,2620761.0,Vehicle,11.06,35277.0,252277.0,49644.0,25235.0,34.0,12.0,,,139.0,7577.0,27.0,718528.0,9089.0,611929.0,Vip,1,4,2025-12-02,Medium,Yes,Rm_B
C0104,Customer_104,Male,21,Lalitpur,Lumbini,Business,Master,Unmarried,Acc100105,Fixed Deposit,2025-05-10,Butwal Branch,147662.0,755,,0.0,Education,11.53,7753.0,1081442.0,33177.0,111697.0,17.0,82.0,,,152.0,2115.0,22.0,531426.0,12457.0,494222.0,Retail,4,4,2025-12-31,Medium,No,Rm_A
C0422,Customer_422,Female,54,Pokhara,Lumbini,Engineer,Phd,Unmarried,Acc100423,Fixed Deposit,2020-12-05,Biratnagar Branch,222561.0,473,Active,1281582.0,Business,15.0,27780.0,619880.0,13305.0,117745.0,71.0,6.0,,,33.0,44019.0,27.0,88300.0,4210.0,1208212.0,Vip,4,1,2026-04-08,Low,Yes,Rm_B
C0420,Customer_420,Female,22,Pokhara,Lumbini,Student,Master,Unmarried,Acc100421,Fixed Deposit,2023-10-08,Kathmandu Branch,28372.0,704,,0.0,Business,14.08,49044.0,905001.0,23428.0,108564.0,15.0,97.0,,,169.0,37869.0,25.0,675013.0,19060.0,146615.0,Retail,2,7,2026-05-18,Low,Yes,Rm_A
C0809,Customer_809,Male,60,Butwal,Lumbini,Student,Master,Married,Acc100810,Fixed Deposit,2023-12-05,Bhaktapur Branch,238787.0,768,Closed,2450834.0,Business,13.3,20084.0,173655.0,123892.0,18776.0,62.0,66.0,,,160.0,7871.0,14.0,453868.0,19897.0,876239.0,Retail,2,8,2026-04-21,Low,Yes,Rm_A
C0587,Customer_587,Male,57,Pokhara,Gandaki,Doctor,Master,Unmarried,Acc100588,Fixed Deposit,2025-08-02,Biratnagar Branch,127841.0,732,Closed,1052202.0,Home,9.22,27859.0,120684.0,92497.0,30897.0,49.0,43.0,,,101.0,31552.0,25.0,982182.0,34823.0,1500130.0,Corporate,5,0,2025-06-21,Medium,Yes,Rm_A
C0673,Customer_673,Female,33,Lalitpur,Gandaki,Teacher,Bachelor,Unmarried,Acc100674,Current,2023-04-23,Chitwan Branch,128259.0,637,Active,2848388.0,Business,13.72,37271.0,514237.0,85960.0,116407.0,7.0,3.0,,,153.0,12230.0,3.0,440210.0,35637.0,1937598.0,Corporate,4,4,2026-03-05,Low,No,Rm_C
C0120,Customer_120,Female,41,Chitwan,Bagmati,Teacher,Master,Unmarried,Acc100121,Savings,2020-04-14,Lalitpur Branch,116671.0,715,Closed,1502859.0,Home,12.25,12966.0,1378951.0,142877.0,87693.0,66.0,52.0,,,175.0,45190.0,20.0,698094.0,4887.0,1148610.0,Vip,5,8,2025-10-08,Low,No,Rm_C
C0054,Customer_54,Female,30,Biratnagar,Lumbini,Analyst,Master,Unmarried,Acc100055,Savings,2025-09-22,Butwal Branch,114227.0,844,Active,2171371.0,Personal,14.99,5461.0,1271919.0,40748.0,66240.0,95.0,91.0,,,182.0,39909.0,18.0,790312.0,590.0,484035.0,Vip,3,0,2026-06-07,High,Yes,Rm_B
C0152,Customer_152,Male,64,Chitwan,Gandaki,Teacher,Master,Married,Acc100153,Fixed Deposit,2021-04-30,Pokhara Branch,180805.0,691,,0.0,Home,11.9,49947.0,1050286.0,63425.0,61697.0,63.0,69.0,,,130.0,676.0,6.0,391539.0,42738.0,1780389.0,Retail,5,9,2026-05-27,Medium,No,Rm_A
C0404,Customer_404,Female,24,Chitwan,Gandaki,Banker,Bachelor,Unmarried,Acc100405,Fixed Deposit,2021-01-26,Kathmandu Branch,156740.0,579,Closed,2622230.0,Personal,11.07,37989.0,1295146.0,11095.0,70955.0,83.0,2.0,,,32.0,19442.0,16.0,721764.0,45326.0,64485.0,Vip,3,8,2026-04-01,High,No,Rm_C
C0208,Customer_208,Female,60,Pokhara,Gandaki,Doctor,Master,Unmarried,Acc100209,Fixed Deposit,2021-11-12,Lalitpur Branch,164249.0,655,Closed,925519.0,Business,15.82,3959.0,510496.0,130805.0,103582.0,72.0,25.0,,,51.0,40508.0,26.0,132436.0,16563.0,634219.0,Retail,5,4,2026-03-24,Low,Yes,Rm_A
C0659,Customer_659,Female,25,Chitwan,Gandaki,Banker,+2,Unmarried,Acc100660,Fixed Deposit,2023-04-10,Chitwan Branch,237926.0,588,Closed,2420403.0,Vehicle,12.74,10135.0,1445894.0,70097.0,68659.0,78.0,94.0,,,8.0,3160.0,26.0,90996.0,13917.0,327106.0,Corporate,2,4,2026-03-22,Low,No,Rm_B
C0910,Customer_910,Female,63,Biratnagar,Koshi,Doctor,Bachelor,Married,Acc100911,Current,2024-05-24,Lalitpur Branch,134223.0,585,,0.0,Vehicle,12.11,24010.0,1156612.0,147336.0,57703.0,87.0,52.0,,,68.0,34652.0,5.0,282704.0,10122.0,1363382.0,Corporate,2,8,2026-03-14,High,Yes,Rm_C
C0979,Customer_979,Female,48,Butwal,Gandaki,Student,Unspecified,Married,Acc100980,Current,2026-01-08,Lalitpur Branch,117585.0,515,,0.0,Business,6.38,26870.0,1625470.0,48534.0,9183.0,36.0,18.0,,,62.0,44548.0,5.0,780522.0,27508.0,1880065.0,Corporate,3,7,2025-07-28,Medium,No,Rm_C
C0009,Customer_9,Female,30,Butwal,Lumbini,Banker,Bachelor,Married,Acc100010,Current,2021-01-16,Butwal Branch,170631.0,837,Closed,208930.0,Business,9.71,36223.0,1838701.0,106599.0,2316.0,30.0,27.0,,,161.0,15050.0,21.0,509203.0,33903.0,203097.0,Vip,1,9,2025-10-11,High,Yes,Rm_B
C0870,Customer_870,Female,62,Bhaktapur,Lumbini,Business,+2,Unmarried,Acc100871,Savings,2022-03-27,Bhaktapur Branch,61759.0,849,,0.0,Vehicle,6.87,6198.0,731361.0,14904.0,94444.0,49.0,96.0,,,136.0,49515.0,16.0,813799.0,7422.0,1094839.0,Vip,1,9,2025-11-18,Low,Yes,Rm_C
C0037,Customer_37,Female,50,Biratnagar,Lumbini,Business,Master,Unmarried,Acc100038,Current,2024-02-07,Kathmandu Branch,170461.0,549,,0.0,Education,14.45,36300.0,410249.0,116635.0,114790.0,64.0,69.0,,,144.0,22398.0,24.0,576458.0,963.0,801261.0,Retail,3,4,2025-12-29,Low,No,Rm_A
C0453,Customer_453,Male,33,Butwal,Bagmati,Engineer,Phd,Married,Acc100454,Fixed Deposit,2020-04-02,Lalitpur Branch,160756.0,504,Closed,2712537.0,Vehicle,12.77,28669.0,1304238.0,31350.0,27750.0,71.0,57.0,,,35.0,42215.0,5.0,200247.0,7577.0,1001980.0,Corporate,2,2,2026-02-21,Low,Yes,Rm_C
C0652,Customer_652,Female,21,Bhaktapur,Gandaki,Student,+2,Married,Acc100653,Current,2025-10-19,Butwal Branch,203276.0,736,Closed,2481810.0,Personal,14.38,6011.0,516340.0,17453.0,74612.0,58.0,13.0,,,87.0,5352.0,8.0,821195.0,10904.0,395980.0,Corporate,5,10,2025-08-14,High,No,Rm_D
C0254,Customer_254,Male,24,Butwal,Bagmati,Student,Master,Married,Acc100255,Fixed Deposit,2024-12-18,Bhaktapur Branch,79507.0,604,,0.0,Education,12.25,16797.0,1291922.0,65799.0,8953.0,14.0,61.0,,,174.0,1539.0,16.0,826154.0,41851.0,1149096.0,Retail,5,3,2026-04-08,High,No,Rm_B
C0304,Customer_304,Male,55,Chitwan,Bagmati,Student,+2,Married,Acc100305,Fixed Deposit,2024-08-14,Pokhara Branch,119813.0,828,Active,1352717.0,Personal,9.31,26580.0,1631742.0,65100.0,29999.0,56.0,93.0,,,8.0,3751.0,21.0,385521.0,46071.0,209397.0,Vip,2,6,2025-12-14,Medium,No,Rm_B
C0911,Customer_911,Female,34,Butwal,Gandaki,Student,Bachelor,Married,Acc100912,Fixed Deposit,2026-01-28,Pokhara Branch,94523.0,805,Closed,2574174.0,Education,13.38,29981.0,1422936.0,45667.0,32778.0,21.0,91.0,,,4.0,27952.0,7.0,261847.0,3349.0,1969821.0,Corporate,5,7,2026-02-26,Medium,Yes,Rm_D
C0572,Customer_572,Female,53,Bhaktapur,Gandaki,Business,Master,Unmarried,Acc100573,Current,2021-05-06,Kathmandu Branch,68861.0,768,,0.0,Home,12.98,43796.0,1985389.0,21694.0,62536.0,18.0,75.0,,,136.0,49620.0,5.0,804942.0,2513.0,1722737.0,Corporate,2,0,2026-01-18,High,Yes,Rm_C
C0624,Customer_624,Female,43,Kathmandu,Gandaki,Student,+2,Unmarried,Acc100625,Savings,2025-12-08,Biratnagar Branch,60690.0,664,Closed,180926.0,Education,13.85,2088.0,1014195.0,86380.0,50997.0,21.0,77.0,,,153.0,21127.0,26.0,321820.0,37296.0,1804679.0,Retail,3,2,2025-10-03,Medium,No,Rm_D
C0765,Customer_765,Female,40,Chitwan,Lumbini,Unemployed/Other,Bachelor,Unmarried,Acc100766,Savings,2020-02-24,Chitwan Branch,197508.0,838,Active,1116211.0,Vehicle,10.1,2476.0,718893.0,92129.0,83891.0,48.0,57.0,,,122.0,45124.0,9.0,176708.0,23413.0,370999.0,Vip,2,10,2025-07-03,Medium,Yes,Rm_A
C0993,Customer_993,Male,34,Bhaktapur,Bagmati,Doctor,Master,Married,Acc100994,Current,2023-09-27,Biratnagar Branch,115747.0,761,,0.0,Business,15.59,34595.0,1235492.0,49993.0,62137.0,1.0,28.0,,,136.0,29587.0,18.0,848622.0,40753.0,534745.0,Vip,1,5,2026-05-26,High,Yes,Rm_C
C0263,Customer_263,Female,37,Biratnagar,Lumbini,Analyst,Bachelor,Married,Acc100264,Current,2023-10-15,Chitwan Branch,77777.0,695,Active,2154423.0,Home,8.84,10502.0,571935.0,21128.0,68811.0,96.0,44.0,,,133.0,36131.0,7.0,431929.0,29718.0,1063842.0,Corporate,2,0,2025-10-27,Low,No,Rm_B
C0611,Customer_611,Male,43,Lalitpur,Gandaki,Student,Phd,Married,Acc100612,Fixed Deposit,2021-08-10,Biratnagar Branch,30569.0,647,,0.0,Education,12.98,8189.0,704639.0,52922.0,3168.0,87.0,92.0,,,23.0,48091.0,2.0,747794.0,22583.0,1618923.0,Retail,1,0,2026-04-23,Medium,Yes,Rm_C
C0298,Customer_298,Female,44,Biratnagar,Lumbini,Business,Master,Married,Acc100299,Savings,2020-10-16,Bhaktapur Branch,143500.0,516,Active,1913658.0,Home,9.79,27835.0,1765105.0,58983.0,60682.0,13.0,88.0,,,44.0,29037.0,12.0,631447.0,10297.0,1101112.0,Retail,3,5,2026-01-23,High,No,Rm_B
C0415,Customer_415,Female,52,Kathmandu,Bagmati,Analyst,+2,Married,Acc100416,Fixed Deposit,2024-09-14,Butwal Branch,101079.0,658,,0.0,Personal,14.01,35579.0,1774155.0,93768.0,5634.0,52.0,51.0,,,30.0,43166.0,30.0,531435.0,18499.0,923040.0,Retail,3,2,2025-09-06,Low,Yes,Rm_D
C0151,Customer_151,Male,54,Chitwan,Lumbini,Analyst,Phd,Unmarried,Acc100152,Fixed Deposit,2026-01-25,Lalitpur Branch,151550.0,760,,0.0,Education,8.65,30332.0,160027.0,60852.0,4546.0,59.0,18.0,,,169.0,24822.0,20.0,846307.0,29692.0,1958352.0,Vip,1,8,2025-11-18,High,No,Rm_D
C0849,Customer_849,Female,54,Kathmandu,Gandaki,Student,Master,Unmarried,Acc100850,Current,2025-08-01,Biratnagar Branch,146717.0,540,Active,1112710.0,Education,7.36,34808.0,1386210.0,44331.0,75602.0,66.0,25.0,,,196.0,16528.0,5.0,822642.0,34278.0,1860503.0,Vip,2,8,2025-12-16,Medium,Yes,Rm_C
C0641,Customer_641,Female,33,Butwal,Bagmati,Business,Bachelor,Married,Acc100642,Savings,2024-09-08,Butwal Branch,191507.0,507,Closed,581198.0,Personal,7.82,6753.0,1926676.0,17375.0,70729.0,34.0,52.0,,,96.0,2533.0,16.0,140061.0,49966.0,1581251.0,Corporate,1,7,2026-04-22,Low,Yes,Rm_B
C0957,Customer_957,Male,35,Bhaktapur,Koshi,Analyst,Phd,Married,Acc100958,Savings,2025-02-01,Chitwan Branch,99787.0,539,Active,1258657.0,Vehicle,12.99,16884.0,1833299.0,83199.0,113409.0,92.0,12.0,,,155.0,36538.0,26.0,926476.0,34341.0,132757.0,Vip,3,5,2026-05-01,Medium,Yes,Rm_C
C0551,Customer_551,Female,39,Chitwan,Lumbini,Student,Phd,Unmarried,Acc100552,Fixed Deposit,2024-01-01,Kathmandu Branch,201190.0,817,Closed,2631454.0,Home,11.43,7895.0,386495.0,13279.0,28323.0,66.0,51.0,,,127.0,34223.0,9.0,527046.0,22762.0,1824955.0,Vip,1,10,2025-10-20,Low,Yes,Rm_C
C0852,Customer_852,Female,29,Butwal,Gandaki,Business,Master,Unmarried,Acc100853,Current,2021-11-19,Pokhara Branch,156156.0,628,,0.0,Education,6.29,46394.0,213094.0,84206.0,59098.0,11.0,45.0,,,43.0,8030.0,24.0,985147.0,13131.0,982596.0,Vip,1,3,2025-08-27,Low,Yes,Rm_D
C0489,Customer_489,Female,45,Lalitpur,Bagmati,Business,Master,Unmarried,Acc100490,Current,2020-08-23,Biratnagar Branch,221248.0,592,,0.0,Business,11.69,19773.0,36331.0,124017.0,64292.0,99.0,38.0,,,30.0,19636.0,7.0,76638.0,44201.0,340416.0,Corporate,2,10,2026-04-22,Low,Yes,Rm_B
C0711,Customer_711,Male,44,Kathmandu,Bagmati,Business,Master,Unmarried,Acc100712,Savings,2021-12-20,Biratnagar Branch,65946.0,454,,0.0,Education,8.3,31456.0,972668.0,76412.0,1177.0,25.0,24.0,,,106.0,22618.0,21.0,210248.0,30055.0,891236.0,Vip,1,8,2025-12-24,Medium,Yes,Rm_C
C0148,Customer_148,Female,34,Butwal,Bagmati,Doctor,Phd,Married,Acc100149,Fixed Deposit,2025-12-15,Kathmandu Branch,240050.0,559,Closed,1616877.0,Personal,10.6,8245.0,1311828.0,101559.0,12112.0,100.0,90.0,,,165.0,16138.0,20.0,684591.0,6554.0,396189.0,Vip,3,3,2026-02-09,Low,Yes,Rm_A
C0147,Customer_147,Male,65,Bhaktapur,Gandaki,Business,Bachelor,Married,Acc100148,Fixed Deposit,2024-08-22,Butwal Branch,137125.0,547,Closed,837304.0,Business,13.33,40755.0,1300214.0,20234.0,38554.0,34.0,86.0,,,108.0,14554.0,4.0,598641.0,6902.0,106032.0,Vip,2,2,2025-06-14,High,Yes,Rm_B
C0778,Customer_778,Male,31,Bhaktapur,Bagmati,Teacher,Bachelor,Unmarried,Acc100779,Savings,2024-08-22,Kathmandu Branch,180894.0,612,Active,1687864.0,Vehicle,8.04,31008.0,1222683.0,72647.0,31096.0,3.0,3.0,,,5.0,673.0,30.0,964042.0,14516.0,1839729.0,Retail,1,8,2025-08-08,High,No,Rm_D
C0854,Customer_854,Male,28,Chitwan,Lumbini,Banker,Phd,Married,Acc100855,Savings,2020-12-14,Chitwan Branch,188319.0,788,,0.0,Personal,14.89,36532.0,1594824.0,45531.0,87451.0,98.0,74.0,,,44.0,20902.0,23.0,188765.0,35858.0,587301.0,Vip,4,8,2026-04-12,Medium,No,Rm_B
C0951,Customer_951,Male,51,Chitwan,Gandaki,Analyst,Master,Unmarried,Acc100952,Current,2020-12-14,Pokhara Branch,33591.0,804,Active,909432.0,Education,8.45,20797.0,1589967.0,39399.0,49190.0,75.0,37.0,,,13.0,8870.0,7.0,103213.0,5734.0,771600.0,Corporate,5,4,2025-08-16,High,No,Rm_A
C0660,Customer_660,Female,34,Chitwan,Bagmati,Teacher,+2,Unmarried,Acc100661,Savings,2025-09-20,Lalitpur Branch,74655.0,684,,0.0,Education,8.62,3458.0,1623112.0,2173.0,4433.0,13.0,88.0,,,191.0,26636.0,11.0,597591.0,49542.0,1764533.0,Retail,5,9,2026-03-20,High,Yes,Rm_D
C0349,Customer_349,Male,53,Butwal,Gandaki,Analyst,Master,Married,Acc100350,Savings,2023-08-05,Kathmandu Branch,60434.0,632,,0.0,Vehicle,9.87,7153.0,296134.0,96019.0,38812.0,91.0,25.0,,,94.0,13199.0,25.0,961351.0,28914.0,326838.0,Vip,4,4,2025-07-15,Low,Yes,Rm_D
C0464,Customer_464,Female,46,Bhaktapur,Gandaki,Banker,+2,Married,Acc100465,Current,2021-05-05,Pokhara Branch,44942.0,799,Closed,480251.0,Home,9.7,13851.0,1110995.0,45304.0,5035.0,86.0,71.0,,,116.0,10589.0,17.0,724921.0,15782.0,393692.0,Vip,2,8,2025-11-02,Medium,No,Rm_C
C0326,Customer_326,Female,29,Chitwan,Lumbini,Analyst,Phd,Unmarried,Acc100327,Fixed Deposit,2024-06-24,Butwal Branch,231468.0,600,Closed,2377150.0,Education,11.05,32359.0,1942269.0,49810.0,11355.0,93.0,37.0,,,45.0,3986.0,29.0,387696.0,9112.0,349439.0,Vip,3,4,2025-11-17,High,Yes,Rm_C
C0187,Customer_187,Female,61,Biratnagar,Bagmati,Student,Master,Unmarried,Acc100188,Current,2021-06-09,Biratnagar Branch,48895.0,711,,0.0,Vehicle,15.66,43273.0,858980.0,29184.0,67943.0,66.0,13.0,,,128.0,36599.0,22.0,182388.0,45614.0,1143118.0,Retail,2,7,2025-12-24,Low,No,Rm_D
C0124,Customer_124,Male,30,Pokhara,Gandaki,Doctor,Phd,Unmarried,Acc100125,Current,2021-10-15,Chitwan Branch,218339.0,616,,0.0,Home,9.52,41098.0,1379945.0,46666.0,39659.0,99.0,76.0,,,189.0,42289.0,21.0,422118.0,133.0,345076.0,Vip,4,9,2025-12-20,Medium,Yes,Rm_A
C0920,Customer_920,Male,53,Pokhara,Lumbini,Engineer,+2,Unmarried,Acc100921,Fixed Deposit,2025-02-21,Bhaktapur Branch,123110.0,575,Active,1106261.0,Home,13.29,7409.0,1163161.0,83609.0,2816.0,69.0,22.0,,,59.0,7354.0,22.0,736867.0,6901.0,1457237.0,Retail,4,7,2026-03-03,Medium,No,Rm_C
C0609,Customer_609,Male,59,Kathmandu,Bagmati,Analyst,Bachelor,Unmarried,Acc100610,Current,2022-04-03,Pokhara Branch,220486.0,507,,0.0,Education,7.11,8162.0,369280.0,5320.0,28754.0,48.0,6.0,,,171.0,27902.0,29.0,773583.0,42520.0,1102583.0,Vip,3,1,2025-12-09,High,No,Rm_C
C0144,Customer_144,Male,28,Butwal,Lumbini,Business,Master,Married,Acc100145,Current,2025-11-08,Lalitpur Branch,155313.0,700,Closed,2138090.0,Home,15.84,37464.0,1903831.0,2390.0,110703.0,42.0,65.0,,,134.0,44915.0,7.0,878473.0,3549.0,848496.0,Corporate,2,10,2025-12-12,Medium,Yes,Rm_C
C0752,Customer_752,Male,51,Lalitpur,Lumbini,Teacher,Master,Unmarried,Acc100753,Fixed Deposit,2021-10-18,Pokhara Branch,172707.0,837,Closed,1354833.0,Home,14.18,15585.0,1127300.0,78617.0,24831.0,26.0,1.0,,,61.0,649.0,4.0,831528.0,10861.0,1456160.0,Corporate,4,10,2026-02-15,Low,No,Rm_C
C0198,Customer_198,Female,64,Biratnagar,Lumbini,Teacher,+2,Married,Acc100199,Current,2024-01-05,Kathmandu Branch,57264.0,751,Closed,1516371.0,Vehicle,6.12,30076.0,637118.0,20214.0,16676.0,91.0,88.0,,,163.0,47515.0,12.0,534393.0,229.0,1346658.0,Retail,3,7,2025-12-24,High,No,Rm_A
C0610,Customer_610,Female,57,Lalitpur,Gandaki,Analyst,Bachelor,Unmarried,Acc100611,Savings,2024-09-22,Pokhara Branch,230197.0,597,Closed,2939987.0,Personal,9.94,16051.0,1561201.0,44544.0,43674.0,11.0,95.0,,,132.0,17239.0,12.0,742405.0,8079.0,1954362.0,Retail,3,7,2025-10-16,High,No,Rm_D
C0280,Customer_280,Male,36,Bhaktapur,Koshi,Teacher,Bachelor,Married,Acc100281,Fixed Deposit,2020-09-04,Kathmandu Branch,95969.0,753,,0.0,Vehicle,15.94,46798.0,1807724.0,83787.0,29776.0,0.0,98.0,,,151.0,46330.0,16.0,926063.0,18236.0,485057.0,Vip,3,8,2026-03-08,High,No,Rm_C
C0294,Customer_294,Female,26,Chitwan,Gandaki,Teacher,Master,Unmarried,Acc100295,Savings,2020-10-20,Biratnagar Branch,156655.0,566,Closed,789159.0,Vehicle,9.38,11098.0,29424.0,131970.0,46431.0,25.0,92.0,,,62.0,37314.0,16.0,778018.0,13285.0,1513175.0,Corporate,4,5,2025-11-24,Medium,No,Rm_B
C0897,Customer_897,Male,63,Butwal,Lumbini,Business,Phd,Married,Acc100898,Fixed Deposit,2019-09-15,Biratnagar Branch,159490.0,512,Closed,293112.0,Personal,13.93,39817.0,1075880.0,69473.0,41652.0,91.0,84.0,,,33.0,37047.0,9.0,146366.0,19109.0,1185373.0,Retail,5,9,2026-02-12,Low,No,Rm_D
C0401,Customer_401,Male,44,Kathmandu,Koshi,Teacher,Bachelor,Unmarried,Acc100402,Current,2021-10-02,Biratnagar Branch,156486.0,813,Closed,308712.0,Personal,15.67,45041.0,436016.0,104193.0,78375.0,19.0,68.0,,,120.0,2422.0,19.0,698817.0,5677.0,1320089.0,Retail,4,3,2025-08-31,High,No,Rm_C
C0123,Customer_123,Male,51,Chitwan,Lumbini,Student,Bachelor,Unmarried,Acc100124,Current,2024-02-27,Kathmandu Branch,205074.0,838,Closed,452396.0,Home,11.79,23382.0,388695.0,146944.0,23818.0,79.0,43.0,,,199.0,46333.0,29.0,559422.0,42961.0,717935.0,Corporate,1,10,2026-02-16,Low,Yes,Rm_A
C0184,Customer_184,Male,55,Biratnagar,Koshi,Student,Master,Married,Acc100185,Fixed Deposit,2021-06-22,Chitwan Branch,124253.0,768,Closed,2792918.0,Business,13.67,15519.0,412094.0,30663.0,75187.0,2.0,22.0,,,134.0,11393.0,18.0,87396.0,30580.0,359487.0,Corporate,4,8,2025-08-04,High,Yes,Rm_B
C0203,Customer_203,Female,20,Lalitpur,Bagmati,Banker,Phd,Unmarried,Acc100204,Savings,2024-11-18,Biratnagar Branch,95273.0,632,Closed,2373556.0,Business,15.58,3574.0,1603884.0,30926.0,113582.0,24.0,31.0,,,107.0,29322.0,15.0,898320.0,45437.0,1618182.0,Retail,2,4,2026-04-02,Medium,Yes,Rm_A
C0439,Customer_439,Male,56,Butwal,Gandaki,Business,+2,Married,Acc100440,Fixed Deposit,2021-08-16,Butwal Branch,248545.0,574,Closed,871274.0,Vehicle,15.99,40721.0,1121466.0,125581.0,90205.0,97.0,75.0,,,103.0,6264.0,25.0,492374.0,29134.0,301661.0,Vip,4,2,2025-07-25,High,No,Rm_D
C0247,Customer_247,Female,58,Kathmandu,Gandaki,Banker,+2,Unmarried,Acc100248,Fixed Deposit,2021-10-15,Chitwan Branch,82240.0,488,Active,1663002.0,Vehicle,10.42,25373.0,134253.0,6306.0,16160.0,47.0,7.0,,,132.0,33499.0,29.0,923492.0,12320.0,1284061.0,Retail,3,6,2025-10-27,High,Yes,Rm_D
C0416,Customer_416,Male,51,Lalitpur,Bagmati,Engineer,Master,Married,Acc100417,Savings,2023-06-01,Pokhara Branch,200664.0,804,Closed,2366206.0,Home,12.39,48827.0,22655.0,48919.0,47337.0,25.0,68.0,,,69.0,46658.0,23.0,192049.0,7407.0,1696836.0,Corporate,3,1,2026-03-13,Medium,No,Rm_B
C0837,Customer_837,Female,63,Lalitpur,Lumbini,Business,Bachelor,Married,Acc100838,Savings,2021-07-30,Chitwan Branch,50899.0,680,Active,1937777.0,Education,9.84,24932.0,677177.0,13634.0,115738.0,31.0,63.0,,,154.0,36519.0,26.0,268683.0,40277.0,1761295.0,Retail,5,6,2025-06-19,High,Yes,Rm_C
C0825,Customer_825,Female,24,Bhaktapur,Lumbini,Doctor,+2,Married,Acc100826,Current,2019-09-15,Lalitpur Branch,67198.0,453,Closed,396490.0,Personal,8.23,35646.0,1935909.0,35095.0,42643.0,53.0,10.0,,,199.0,1492.0,6.0,246208.0,30008.0,1194074.0,Corporate,3,8,2025-10-23,Medium,Yes,Rm_B
C0975,Customer_975,Male,26,Bhaktapur,Bagmati,Teacher,Bachelor,Unmarried,Acc100976,Savings,2021-04-12,Kathmandu Branch,29422.0,669,,0.0,Home,10.3,8301.0,74383.0,138215.0,33491.0,9.0,72.0,,,67.0,40913.0,0.0,971821.0,5651.0,645270.0,Corporate,2,3,2025-12-08,Low,No,Rm_D
C0828,Customer_828,Male,59,Kathmandu,Lumbini,Analyst,Phd,Married,Acc100829,Current,2022-04-20,Pokhara Branch,40224.0,815,Closed,1372786.0,Business,8.49,36642.0,1073752.0,9299.0,64235.0,27.0,25.0,,,163.0,8033.0,19.0,190535.0,5498.0,1218759.0,Vip,2,10,2025-12-29,Medium,Yes,Rm_C
C0955,Customer_955,Male,64,Lalitpur,Koshi,Student,Bachelor,Unmarried,Acc100956,Current,2020-07-01,Lalitpur Branch,245285.0,648,Active,2885990.0,Education,7.85,5930.0,572315.0,56397.0,69779.0,20.0,40.0,,,93.0,42774.0,2.0,669857.0,38873.0,1208527.0,Retail,3,7,2025-11-05,Medium,No,Rm_D
C0130,Customer_130,Male,59,Chitwan,Koshi,Teacher,+2,Unmarried,Acc100131,Current,2019-11-01,Pokhara Branch,211914.0,606,Active,2284766.0,Home,10.45,35001.0,1000838.0,144160.0,23573.0,82.0,1.0,,,140.0,49259.0,19.0,799558.0,43291.0,1569129.0,Vip,5,9,2025-08-11,High,No,Rm_B
C0638,Customer_638,Female,62,Butwal,Lumbini,Business,Phd,Unmarried,Acc100639,Current,2024-09-22,Kathmandu Branch,69042.0,718,,0.0,Education,13.28,44328.0,1043734.0,78011.0,55624.0,39.0,24.0,,,73.0,17226.0,25.0,155536.0,30073.0,1480838.0,Corporate,1,0,2026-01-02,Low,Yes,Rm_C
C0403,Customer_403,Female,49,Biratnagar,Bagmati,Doctor,+2,Unmarried,Acc100404,Current,2021-10-30,Bhaktapur Branch,240297.0,713,Closed,2882058.0,Education,8.89,6946.0,1729907.0,40849.0,4053.0,13.0,25.0,,,138.0,19052.0,25.0,5854.0,47285.0,1649069.0,Retail,4,0,2026-04-28,Low,No,Rm_C
C0845,Customer_845,Male,31,Butwal,Koshi,Analyst,Master,Unmarried,Acc100846,Current,2025-12-08,Bhaktapur Branch,159628.0,544,Active,602049.0,Business,14.69,17376.0,1345464.0,131348.0,70542.0,6.0,26.0,,,169.0,49356.0,13.0,94803.0,4538.0,656811.0,Corporate,5,1,2026-04-07,High,Yes,Rm_B
C0831,Customer_831,Female,32,Butwal,Bagmati,Banker,Phd,Unmarried,Acc100832,Savings,2023-05-03,Lalitpur Branch,193962.0,741,Active,647756.0,Home,9.21,43956.0,718370.0,112664.0,51317.0,99.0,25.0,,,164.0,15997.0,14.0,671950.0,12833.0,1420768.0,Vip,4,5,2026-05-06,High,No,Rm_A
C0736,Customer_736,Female,42,Biratnagar,Gandaki,Engineer,+2,Married,Acc100737,Fixed Deposit,2026-04-22,Bhaktapur Branch,98945.0,460,,0.0,Vehicle,15.69,19550.0,642029.0,54890.0,72309.0,10.0,34.0,,,43.0,41416.0,0.0,532664.0,49012.0,506848.0,Corporate,1,6,2026-05-17,Medium,Yes,Rm_C
C0982,Customer_982,Male,31,Pokhara,Gandaki,Doctor,Master,Unmarried,Acc100983,Current,2019-09-18,Butwal Branch,195820.0,599,,0.0,Home,10.48,46316.0,1194105.0,57643.0,112743.0,17.0,76.0,,,179.0,29025.0,25.0,249960.0,9165.0,1913287.0,Vip,3,6,2025-11-27,Medium,No,Rm_B
C0220,Customer_220,Male,55,Biratnagar,Gandaki,Teacher,Bachelor,Married,Acc100221,Savings,2024-04-22,Lalitpur Branch,238800.0,623,,0.0,Home,8.95,9949.0,764764.0,130227.0,14768.0,17.0,5.0,,,140.0,22322.0,22.0,68788.0,8628.0,1139996.0,Vip,2,8,2026-05-31,High,No,Rm_D
C0642,Customer_642,Female,44,Bhaktapur,Koshi,Doctor,Master,Married,Acc100643,Savings,2022-04-22,Pokhara Branch,228779.0,729,Active,1628544.0,Business,7.78,3787.0,1088436.0,1660.0,49333.0,61.0,75.0,,,103.0,30744.0,15.0,423021.0,20359.0,392213.0,Retail,1,5,2025-08-22,Low,Yes,Rm_C
C0984,Customer_984,Female,59,Lalitpur,Bagmati,Teacher,Phd,Unmarried,Acc100985,Current,2021-07-16,Pokhara Branch,174719.0,593,,0.0,Business,13.48,49480.0,728436.0,145994.0,36405.0,95.0,88.0,,,78.0,5527.0,26.0,734213.0,32500.0,1037936.0,Retail,4,10,2025-10-30,Medium,No,Rm_A
C0811,Customer_811,Female,42,Biratnagar,Lumbini,Student,+2,Married,Acc100812,Fixed Deposit,2022-09-27,Lalitpur Branch,149316.0,647,,0.0,Personal,14.77,24394.0,1716150.0,7422.0,88354.0,74.0,24.0,,,115.0,1739.0,19.0,138126.0,15542.0,642648.0,Vip,2,7,2026-01-15,Low,No,Rm_D
C0868,Customer_868,Female,64,Butwal,Lumbini,Engineer,Unspecified,Unmarried,Acc100869,Current,2023-07-07,Kathmandu Branch,170728.0,489,Closed,194892.0,Personal,7.94,12344.0,1571473.0,70747.0,103932.0,51.0,29.0,,,83.0,13738.0,16.0,749085.0,31997.0,1531076.0,Retail,3,9,2025-11-18,Low,Yes,Rm_C
C0989,Customer_989,Male,44,Pokhara,Koshi,Teacher,Phd,Married,Acc100990,Savings,2022-12-05,Kathmandu Branch,81887.0,534,Active,418256.0,Business,15.24,8771.0,984788.0,87773.0,72361.0,96.0,66.0,,,107.0,625.0,26.0,486738.0,36702.0,1480727.0,Retail,2,1,2026-05-04,Medium,No,Rm_B
C0625,Customer_625,Male,55,Bhaktapur,Bagmati,Doctor,Master,Married,Acc100626,Current,2026-04-11,Pokhara Branch,231691.0,556,Active,495328.0,Vehicle,8.66,47651.0,1392247.0,30910.0,27294.0,92.0,30.0,,,25.0,2341.0,10.0,874109.0,3559.0,322536.0,Vip,4,0,2026-01-13,High,Yes,Rm_B
C0904,Customer_904,Female,39,Biratnagar,Bagmati,Banker,Master,Married,Acc100905,Fixed Deposit,2024-12-15,Pokhara Branch,115585.0,622,Closed,535669.0,Business,14.61,21316.0,928546.0,61514.0,49148.0,56.0,40.0,,,75.0,4943.0,20.0,225605.0,1730.0,173104.0,Vip,1,3,2025-11-04,High,Yes,Rm_D
C0820,Customer_820,Male,52,Lalitpur,Gandaki,Doctor,+2,Married,Acc100821,Fixed Deposit,2019-12-29,Pokhara Branch,205901.0,600,Closed,1092714.0,Vehicle,13.61,39223.0,1897882.0,31271.0,106291.0,42.0,18.0,,,74.0,4835.0,2.0,395809.0,2242.0,592743.0,Retail,1,7,2025-12-29,High,Yes,Rm_D
C0387,Customer_387,Male,30,Bhaktapur,Gandaki,Business,Master,Unmarried,Acc100388,Fixed Deposit,2022-05-09,Bhaktapur Branch,131439.0,814,Active,1340780.0,Vehicle,8.49,33330.0,1221880.0,31877.0,116744.0,29.0,57.0,,,37.0,3529.0,6.0,455832.0,41237.0,916877.0,Vip,1,1,2025-07-21,Medium,Yes,Rm_C
C0807,Customer_807,Female,45,Chitwan,Lumbini,Doctor,Bachelor,Unmarried,Acc100808,Fixed Deposit,2020-12-13,Pokhara Branch,64101.0,593,Active,373536.0,Home,10.79,27181.0,1308142.0,124357.0,30608.0,83.0,72.0,,,104.0,33468.0,22.0,925096.0,25773.0,1688418.0,Corporate,2,0,2026-01-04,High,No,Rm_D
C0510,Customer_510,Female,43,Pokhara,Bagmati,Business,Bachelor,Married,Acc100511,Fixed Deposit,2024-04-20,Bhaktapur Branch,189486.0,603,,0.0,Vehicle,10.54,22259.0,1227133.0,103569.0,56466.0,58.0,54.0,,,27.0,19753.0,20.0,159808.0,24600.0,1299882.0,Corporate,1,6,2026-04-19,Medium,No,Rm_B
C0268,Customer_268,Female,46,Bhaktapur,Koshi,Banker,Phd,Unmarried,Acc100269,Savings,2023-09-13,Kathmandu Branch,164848.0,496,Closed,659280.0,Personal,15.42,32126.0,1101082.0,52633.0,89239.0,45.0,45.0,,,113.0,18753.0,14.0,431432.0,3890.0,8744.0,Vip,5,8,2026-03-17,Medium,Yes,Rm_A
C0882,Customer_882,Female,62,Butwal,Gandaki,Banker,Bachelor,Married,Acc100883,Savings,2026-04-09,Bhaktapur Branch,26469.0,480,Active,2775098.0,Education,9.42,43077.0,825906.0,14724.0,68254.0,0.0,11.0,,,180.0,47236.0,11.0,159594.0,10649.0,1975662.0,Corporate,1,1,2025-11-21,Low,Yes,Rm_B
C0442,Customer_442,Male,62,Biratnagar,Bagmati,Analyst,+2,Unmarried,Acc100443,Current,2020-10-13,Bhaktapur Branch,43726.0,827,Closed,1538680.0,Business,8.41,40758.0,1146449.0,18939.0,108556.0,84.0,65.0,,,123.0,26319.0,11.0,140306.0,46400.0,239431.0,Corporate,3,7,2026-05-14,High,Yes,Rm_C
C0497,Customer_497,Male,48,Lalitpur,Lumbini,Analyst,+2,Married,Acc100498,Savings,2023-03-23,Pokhara Branch,75243.0,706,Active,1026480.0,Business,7.57,32286.0,1919470.0,93252.0,97813.0,98.0,2.0,,,96.0,35757.0,10.0,74323.0,43400.0,28036.0,Corporate,5,6,2025-11-02,High,No,Rm_C
C0113,Customer_113,Female,53,Biratnagar,Bagmati,Doctor,Phd,Married,Acc100114,Current,2022-11-20,Lalitpur Branch,241368.0,466,,0.0,Education,14.26,5509.0,984338.0,82779.0,69557.0,14.0,86.0,,,166.0,26322.0,23.0,575739.0,742.0,90264.0,Retail,3,9,2025-06-24,High,No,Rm_A
C0692,Customer_692,Male,44,Biratnagar,Lumbini,Analyst,Phd,Married,Acc100693,Savings,2023-04-26,Biratnagar Branch,124428.0,589,,0.0,Business,14.51,4018.0,423213.0,7343.0,56873.0,17.0,13.0,,,96.0,17272.0,8.0,543240.0,38250.0,1488761.0,Corporate,2,4,2026-04-23,Low,No,Rm_B
C0233,Customer_233,Female,52,Chitwan,Bagmati,Engineer,Master,Married,Acc100234,Current,2022-04-15,Kathmandu Branch,248677.0,761,Closed,2271213.0,Vehicle,12.08,43925.0,617002.0,142054.0,118586.0,95.0,46.0,,,6.0,29211.0,10.0,583688.0,31667.0,1409832.0,Corporate,5,7,2026-01-17,Low,Yes,Rm_B
C0936,Customer_936,Female,20,Chitwan,Gandaki,Teacher,+2,Unmarried,Acc100937,Savings,2022-04-15,Kathmandu Branch,229145.0,722,Active,2354759.0,Personal,13.17,40133.0,1239329.0,138111.0,59909.0,0.0,92.0,,,185.0,15836.0,16.0,227053.0,43817.0,796323.0,Retail,3,9,2026-05-13,Medium,No,Rm_B
C0608,Customer_608,Male,43,Lalitpur,Koshi,Analyst,+2,Unmarried,Acc100609,Savings,2025-02-22,Pokhara Branch,197010.0,632,Closed,1680479.0,Home,7.95,41054.0,291859.0,84866.0,15187.0,1.0,77.0,,,132.0,42106.0,30.0,598308.0,35385.0,213527.0,Corporate,3,9,2025-10-16,High,No,Rm_C
C0672,Customer_672,Male,39,Lalitpur,Bagmati,Banker,Phd,Unmarried,Acc100673,Fixed Deposit,2019-08-25,Bhaktapur Branch,207026.0,624,,0.0,Vehicle,15.9,31978.0,147917.0,140996.0,77972.0,81.0,18.0,,,161.0,45711.0,29.0,183618.0,5129.0,1215496.0,Retail,1,6,2025-08-07,Low,Yes,Rm_A
C0374,Customer_374,Male,55,Chitwan,Gandaki,Engineer,+2,Unmarried,Acc100375,Fixed Deposit,2020-04-28,Pokhara Branch,40913.0,686,Active,485199.0,Business,8.49,12883.0,922562.0,74882.0,16127.0,3.0,24.0,,,147.0,10180.0,19.0,438969.0,31379.0,1341187.0,Retail,3,6,2026-02-16,Medium,No,Rm_B
C0664,Customer_664,Female,48,Biratnagar,Bagmati,Banker,Phd,Unmarried,Acc100665,Savings,2021-02-13,Kathmandu Branch,146762.0,718,Closed,176178.0,Personal,7.61,29488.0,840904.0,36675.0,6769.0,87.0,78.0,,,51.0,46013.0,18.0,866180.0,6993.0,1328621.0,Vip,3,10,2026-04-30,Low,Yes,Rm_A
C0909,Customer_909,Male,28,Pokhara,Bagmati,Doctor,Master,Married,Acc100910,Fixed Deposit,2020-11-15,Kathmandu Branch,161643.0,635,,0.0,Education,12.77,26813.0,1501061.0,35666.0,114815.0,19.0,83.0,,,187.0,11783.0,27.0,709278.0,13470.0,548914.0,Vip,3,9,2025-09-10,Low,No,Rm_C
C0234,Customer_234,Female,35,Butwal,Gandaki,Teacher,Master,Unmarried,Acc100235,Savings,2026-05-07,Kathmandu Branch,89337.0,476,,0.0,Vehicle,13.94,42874.0,1146651.0,36876.0,110284.0,83.0,95.0,,,122.0,38915.0,21.0,463412.0,6502.0,345989.0,Corporate,4,0,2026-05-28,High,Yes,Rm_C
C0846,Customer_846,Female,32,Butwal,Bagmati,Banker,Bachelor,Married,Acc100847,Fixed Deposit,2019-09-28,Lalitpur Branch,35012.0,725,Closed,1107796.0,Home,12.77,40110.0,1104890.0,142771.0,100056.0,84.0,75.0,,,113.0,6313.0,2.0,478941.0,1698.0,436895.0,Vip,3,10,2025-10-09,Medium,No,Rm_D
C0677,Customer_677,Female,43,Lalitpur,Bagmati,Doctor,Phd,Married,Acc100678,Current,2020-05-21,Butwal Branch,40882.0,752,Closed,2773439.0,Personal,10.79,18546.0,296536.0,41363.0,93386.0,74.0,39.0,,,195.0,2635.0,24.0,883578.0,3783.0,1393049.0,Vip,4,6,2026-05-04,Low,No,Rm_A
C0318,Customer_318,Female,56,Chitwan,Lumbini,Engineer,Bachelor,Unmarried,Acc100319,Current,2026-02-20,Kathmandu Branch,130033.0,621,,0.0,Business,15.8,42133.0,1346015.0,77084.0,54386.0,91.0,13.0,,,174.0,5028.0,12.0,217243.0,31166.0,1086773.0,Vip,2,4,2026-01-03,High,Yes,Rm_B
C0649,Customer_649,Male,49,Pokhara,Koshi,Business,+2,Unmarried,Acc100650,Fixed Deposit,2024-03-31,Lalitpur Branch,78544.0,524,Active,2303295.0,Education,11.34,26111.0,1107843.0,96847.0,100128.0,11.0,15.0,,,132.0,8016.0,25.0,834345.0,40548.0,1304195.0,Corporate,2,1,2026-01-06,High,No,Rm_C
C0411,Customer_411,Female,44,Lalitpur,Koshi,Teacher,Master,Married,Acc100412,Savings,2021-12-22,Lalitpur Branch,105750.0,603,,0.0,Vehicle,13.76,49652.0,67674.0,12394.0,87202.0,41.0,84.0,,,18.0,16677.0,30.0,765406.0,19473.0,1202264.0,Corporate,2,3,2025-08-12,High,No,Rm_B
C0966,Customer_966,Female,43,Kathmandu,Bagmati,Engineer,Phd,Unmarried,Acc100967,Current,2020-07-01,Lalitpur Branch,119095.0,469,,0.0,Personal,14.61,24028.0,698053.0,15588.0,37739.0,45.0,74.0,,,40.0,46899.0,18.0,614044.0,13630.0,1799477.0,Retail,4,9,2025-07-08,Medium,No,Rm_B
C0710,Customer_710,Female,48,Pokhara,Bagmati,Engineer,Phd,Married,Acc100711,Savings,2021-10-25,Chitwan Branch,164844.0,667,Closed,2218437.0,Education,12.39,3014.0,695856.0,106868.0,91411.0,30.0,26.0,,,123.0,25339.0,30.0,541195.0,39635.0,844729.0,Corporate,1,6,2026-05-14,Low,No,Rm_B
C0359,Customer_359,Female,25,Butwal,Lumbini,Business,Master,Married,Acc100360,Current,2020-08-23,Kathmandu Branch,205313.0,608,Closed,2458302.0,Education,7.3,3895.0,227399.0,9500.0,58612.0,12.0,43.0,,,156.0,39423.0,16.0,519476.0,25156.0,706614.0,Vip,3,10,2025-11-13,Low,Yes,Rm_A
C0259,Customer_259,Male,31,Pokhara,Koshi,Student,+2,Unmarried,Acc100260,Current,2024-08-31,Pokhara Branch,55573.0,657,Active,1019479.0,Education,13.72,12312.0,925810.0,142887.0,62322.0,56.0,98.0,,,171.0,1358.0,19.0,631554.0,11582.0,1846721.0,Vip,4,5,2026-04-11,High,Yes,Rm_A
C0745,Customer_745,Male,62,Kathmandu,Lumbini,Teacher,Bachelor,Married,Acc100746,Current,2024-02-18,Pokhara Branch,148247.0,839,Closed,1548091.0,Personal,9.78,10667.0,378278.0,103837.0,50040.0,11.0,91.0,,,30.0,9520.0,2.0,708446.0,6975.0,195134.0,Vip,3,4,2025-10-04,Low,Yes,Rm_D
C0628,Customer_628,Female,52,Pokhara,Gandaki,Teacher,Bachelor,Married,Acc100629,Fixed Deposit,2025-04-30,Bhaktapur Branch,193681.0,632,Closed,2500521.0,Education,7.6,35957.0,277135.0,128434.0,77631.0,21.0,91.0,,,88.0,49554.0,10.0,439178.0,38824.0,166624.0,Vip,2,2,2025-08-18,Low,Yes,Rm_C
C0633,Customer_633,Male,54,Biratnagar,Koshi,Analyst,+2,Unmarried,Acc100634,Savings,2023-04-01,Lalitpur Branch,234382.0,493,Closed,689338.0,Personal,6.91,22914.0,1549464.0,126987.0,106819.0,65.0,46.0,,,115.0,18470.0,16.0,102778.0,45699.0,1344183.0,Retail,4,8,2025-12-12,Low,Yes,Rm_C
C0283,Customer_283,Female,27,Chitwan,Lumbini,Doctor,+2,Unmarried,Acc100284,Current,2025-09-22,Bhaktapur Branch,213765.0,486,Active,1238704.0,Personal,13.4,42122.0,277261.0,53645.0,77204.0,95.0,72.0,,,100.0,14600.0,15.0,782569.0,19806.0,1267409.0,Retail,5,8,2025-07-21,High,Yes,Rm_A
C0377,Customer_377,Female,21,Pokhara,Koshi,Doctor,Master,Married,Acc100378,Savings,2022-11-22,Biratnagar Branch,104204.0,807,Closed,1650802.0,Education,12.42,19620.0,62442.0,123058.0,83804.0,97.0,34.0,,,141.0,34768.0,15.0,574408.0,21345.0,165608.0,Corporate,2,1,2026-03-01,High,No,Rm_D
C0385,Customer_385,Female,62,Chitwan,Lumbini,Analyst,Bachelor,Married,Acc100386,Savings,2022-01-31,Chitwan Branch,55742.0,552,,0.0,Education,11.27,33930.0,1244470.0,93282.0,48998.0,58.0,90.0,,,4.0,11230.0,0.0,317129.0,12787.0,202619.0,Retail,1,1,2025-07-31,Low,No,Rm_A
C0225,Customer_225,Female,45,Pokhara,Gandaki,Engineer,Bachelor,Married,Acc100226,Savings,2019-09-13,Bhaktapur Branch,248420.0,611,,0.0,Business,13.19,49922.0,470889.0,19419.0,2240.0,67.0,58.0,,,117.0,49623.0,5.0,913918.0,2153.0,630203.0,Retail,1,1,2026-06-06,High,Yes,Rm_A
C0877,Customer_877,Male,22,Biratnagar,Koshi,Teacher,Master,Married,Acc100878,Current,2020-05-17,Lalitpur Branch,144623.0,734,Closed,690200.0,Business,14.07,38764.0,1643400.0,130832.0,12988.0,71.0,67.0,,,83.0,37598.0,26.0,696674.0,7693.0,1965117.0,Vip,4,1,2026-04-23,High,Yes,Rm_B
C0473,Customer_473,Male,64,Bhaktapur,Gandaki,Student,+2,Married,Acc100474,Savings,2023-07-29,Bhaktapur Branch,204790.0,499,Closed,513844.0,Vehicle,15.18,4705.0,866281.0,13717.0,20390.0,94.0,67.0,,,20.0,39389.0,26.0,190974.0,49436.0,313799.0,Vip,1,6,2025-08-06,Low,Yes,Rm_B
C0348,Customer_348,Male,21,Chitwan,Gandaki,Teacher,+2,Married,Acc100349,Savings,2022-09-30,Kathmandu Branch,186123.0,822,,0.0,Business,15.82,13713.0,912879.0,146887.0,50001.0,8.0,48.0,,,33.0,3579.0,16.0,706181.0,18080.0,443553.0,Vip,3,8,2026-05-31,Medium,Yes,Rm_D
C0506,Customer_506,Female,51,Lalitpur,Gandaki,Teacher,Phd,Unmarried,Acc100507,Current,2019-12-20,Biratnagar Branch,183562.0,601,Active,1559976.0,Business,13.15,35064.0,884130.0,139373.0,2116.0,64.0,27.0,,,137.0,6119.0,20.0,696853.0,25825.0,847991.0,Vip,3,8,2025-12-25,Medium,No,Rm_D
C0640,Customer_640,Male,27,Butwal,Gandaki,Banker,+2,Unmarried,Acc100641,Fixed Deposit,2023-09-20,Chitwan Branch,62806.0,656,Active,2577038.0,Home,9.77,8804.0,292810.0,83487.0,64252.0,76.0,63.0,,,159.0,49058.0,19.0,370898.0,5985.0,1618839.0,Corporate,2,5,2025-07-11,Medium,Yes,Rm_B
C0798,Customer_798,Male,27,Lalitpur,Gandaki,Teacher,+2,Married,Acc100799,Current,2023-09-20,Lalitpur Branch,90991.0,508,Closed,963321.0,Personal,8.75,27872.0,609695.0,121911.0,35067.0,34.0,81.0,,,27.0,13557.0,27.0,70921.0,3227.0,733592.0,Vip,1,2,2026-01-17,Low,Yes,Rm_D
C1000,Customer_1000,Female,44,Chitwan,Gandaki,Business,Phd,Unmarried,Acc101001,Fixed Deposit,2020-09-16,Bhaktapur Branch,213655.0,843,Closed,151073.0,Vehicle,14.08,24532.0,236850.0,139549.0,93835.0,6.0,43.0,,,72.0,14093.0,23.0,20081.0,24924.0,1488715.0,Retail,1,6,2026-03-30,Low,No,Rm_A
C0620,Customer_620,Female,60,Pokhara,Bagmati,Business,Phd,Married,Acc100621,Fixed Deposit,2025-05-17,Lalitpur Branch,35908.0,840,Active,2834985.0,Education,9.75,5763.0,699993.0,126929.0,22556.0,13.0,63.0,,,182.0,19190.0,24.0,668536.0,43585.0,1002272.0,Corporate,2,1,2026-01-09,Low,Yes,Rm_C
C0953,Customer_953,Female,20,Pokhara,Koshi,Student,+2,Unmarried,Acc100954,Fixed Deposit,2022-10-06,Kathmandu Branch,41425.0,551,,0.0,Vehicle,15.76,40153.0,1602879.0,32974.0,104296.0,98.0,30.0,,,150.0,13245.0,5.0,457958.0,42182.0,1885491.0,Vip,2,7,2025-12-05,High,Yes,Rm_C
C0865,Customer_865,Female,25,Pokhara,Koshi,Teacher,+2,Married,Acc100866,Savings,2021-05-27,Chitwan Branch,231233.0,466,Active,830969.0,Personal,9.57,48420.0,343084.0,144774.0,101918.0,38.0,26.0,,,49.0,4830.0,12.0,104826.0,8118.0,874313.0,Retail,5,3,2026-03-14,Low,Yes,Rm_D
C0646,Customer_646,Male,65,Bhaktapur,Bagmati,Banker,Master,Unmarried,Acc100647,Current,2025-01-17,Kathmandu Branch,72569.0,685,,0.0,Personal,8.86,16642.0,1682861.0,46656.0,61542.0,10.0,12.0,,,162.0,49695.0,28.0,938111.0,9095.0,1257228.0,Vip,3,5,2025-11-04,High,No,Rm_A
C0913,Customer_913,Male,57,Biratnagar,Gandaki,Doctor,Bachelor,Unmarried,Acc100914,Fixed Deposit,2020-07-28,Pokhara Branch,163959.0,578,Active,2957115.0,Business,15.37,7576.0,129503.0,111691.0,23315.0,24.0,40.0,,,148.0,23111.0,4.0,90321.0,8745.0,289110.0,Vip,1,7,2026-04-26,Low,Yes,Rm_D
C0557,Customer_557,Male,25,Biratnagar,Lumbini,Student,Master,Unmarried,Acc100558,Savings,2026-04-07,Lalitpur Branch,127945.0,670,,0.0,Business,12.35,36389.0,136243.0,23358.0,76176.0,51.0,59.0,,,11.0,21305.0,24.0,278045.0,48290.0,343731.0,Retail,1,10,2025-07-13,Medium,No,Rm_B
C0682,Customer_682,Female,64,Pokhara,Lumbini,Business,+2,Married,Acc100683,Fixed Deposit,2020-10-07,Pokhara Branch,133406.0,797,Active,1673851.0,Education,9.85,26588.0,166186.0,28414.0,112714.0,3.0,92.0,,,119.0,8373.0,25.0,441602.0,23909.0,1787740.0,Vip,5,5,2025-07-18,Low,Yes,Rm_A
C0578,Customer_578,Male,61,Chitwan,Koshi,Banker,Master,Married,Acc100579,Current,2020-07-02,Biratnagar Branch,187694.0,775,,0.0,Home,10.59,29679.0,664395.0,13115.0,69199.0,69.0,75.0,,,132.0,3260.0,12.0,88796.0,30426.0,1206083.0,Vip,4,8,2025-12-20,Low,No,Rm_B
C0796,Customer_796,Female,40,Chitwan,Bagmati,Student,Bachelor,Unmarried,Acc100797,Fixed Deposit,2025-09-28,Pokhara Branch,171066.0,735,Active,2259468.0,Business,15.68,39682.0,1798490.0,57304.0,104272.0,28.0,11.0,,,194.0,49286.0,25.0,907284.0,23451.0,1542953.0,Vip,3,10,2025-06-20,High,No,Rm_A
C0086,Customer_86,Male,63,Lalitpur,Koshi,Business,+2,Unmarried,Acc100087,Fixed Deposit,2024-06-11,Chitwan Branch,119892.0,775,,0.0,Vehicle,10.98,48525.0,1923593.0,36447.0,113204.0,61.0,13.0,,,2.0,21715.0,1.0,723842.0,13742.0,1780871.0,Corporate,1,1,2026-06-05,Low,No,Rm_C
C0243,Customer_243,Male,36,Biratnagar,Bagmati,Doctor,+2,Married,Acc100244,Current,2021-02-16,Butwal Branch,94573.0,627,Closed,2143673.0,Home,15.16,36995.0,1380963.0,86880.0,36398.0,82.0,17.0,,,40.0,9056.0,23.0,186226.0,14865.0,1064127.0,Corporate,2,2,2026-05-09,High,No,Rm_C
C0699,Customer_699,Female,37,Pokhara,Gandaki,Business,Phd,Unmarried,Acc100700,Current,2023-08-22,Chitwan Branch,105270.0,762,Active,104228.0,Personal,11.78,42277.0,1961030.0,56040.0,81018.0,84.0,38.0,,,73.0,35118.0,16.0,87357.0,22271.0,744975.0,Retail,4,10,2025-07-19,High,No,Rm_C
C0941,Customer_941,Male,51,Biratnagar,Lumbini,Analyst,Master,Unmarried,Acc100942,Current,2023-05-06,Chitwan Branch,115297.0,671,,0.0,Vehicle,10.94,12396.0,148881.0,53106.0,85561.0,1.0,96.0,,,9.0,7821.0,16.0,874085.0,25252.0,1824862.0,Retail,2,8,2026-02-28,Low,Yes,Rm_B
C0160,Customer_160,Female,40,Butwal,Gandaki,Teacher,Master,Unmarried,Acc100161,Savings,2024-08-17,Lalitpur Branch,95135.0,684,Active,2781822.0,Personal,12.05,38730.0,803529.0,131012.0,88645.0,72.0,44.0,,,32.0,46221.0,17.0,100573.0,33297.0,1778690.0,Vip,3,5,2026-05-27,Medium,Yes,Rm_A
C0525,Customer_525,Female,45,Bhaktapur,Gandaki,Business,Phd,Unmarried,Acc100526,Current,2020-09-24,Chitwan Branch,228415.0,801,Closed,2503363.0,Business,13.57,18851.0,1425462.0,78337.0,117752.0,31.0,43.0,,,163.0,45777.0,2.0,111206.0,897.0,533773.0,Corporate,1,2,2025-06-16,Medium,No,Rm_C
C0036,Customer_36,Female,49,Biratnagar,Bagmati,Engineer,Phd,Unmarried,Acc100037,Fixed Deposit,2021-05-24,Lalitpur Branch,169711.0,496,Active,988543.0,Vehicle,6.59,43550.0,1215064.0,99035.0,53239.0,37.0,46.0,,,46.0,1129.0,4.0,825712.0,23250.0,1203893.0,Retail,4,10,2026-06-12,Medium,No,Rm_C
C0541,Customer_541,Male,24,Pokhara,Bagmati,Student,Master,Married,Acc100542,Current,2021-10-28,Biratnagar Branch,40414.0,464,Active,1723736.0,Business,7.4,6214.0,1308358.0,28209.0,57118.0,72.0,72.0,,,99.0,32761.0,29.0,371753.0,21854.0,712199.0,Corporate,5,1,2025-10-01,Low,No,Rm_D
C0171,Customer_171,Male,32,Butwal,Bagmati,Business,Master,Married,Acc100172,Savings,2025-08-29,Kathmandu Branch,150635.0,781,Active,2277092.0,Business,10.78,5674.0,206144.0,86625.0,116184.0,83.0,4.0,,,9.0,28989.0,16.0,482572.0,44252.0,958143.0,Retail,2,4,2026-04-10,Medium,No,Rm_A
C0655,Customer_655,Male,30,Chitwan,Lumbini,Doctor,Phd,Married,Acc100656,Savings,2025-09-05,Chitwan Branch,113106.0,829,Active,556824.0,Home,15.02,35879.0,330979.0,11540.0,114300.0,71.0,72.0,,,180.0,3936.0,7.0,711119.0,14148.0,1044316.0,Corporate,5,3,2026-06-11,Low,No,Rm_C
C0971,Customer_971,Male,25,Pokhara,Koshi,Engineer,Master,Married,Acc100972,Current,2025-08-03,Kathmandu Branch,247857.0,620,Closed,2527561.0,Education,10.56,23379.0,51814.0,19969.0,22375.0,11.0,28.0,,,61.0,25582.0,13.0,237386.0,1679.0,701026.0,Corporate,1,2,2025-07-03,Low,No,Rm_A
C0924,Customer_924,Female,60,Kathmandu,Gandaki,Student,Master,Unmarried,Acc100925,Savings,2025-04-02,Pokhara Branch,238203.0,476,Closed,882137.0,Business,7.29,44411.0,156819.0,71158.0,57201.0,84.0,100.0,,,164.0,45498.0,22.0,965321.0,18204.0,1890303.0,Retail,1,3,2025-11-06,High,No,Rm_B
C0914,Customer_914,Male,45,Lalitpur,Bagmati,Business,+2,Married,Acc100915,Savings,2021-09-08,Kathmandu Branch,227413.0,764,Active,2401203.0,Business,7.89,10606.0,140132.0,1520.0,57048.0,50.0,48.0,,,157.0,34478.0,16.0,129973.0,27512.0,689569.0,Vip,3,0,2026-02-18,Low,Yes,Rm_C
C0734,Customer_734,Female,55,Bhaktapur,Lumbini,Analyst,Master,Unmarried,Acc100735,Savings,2023-09-15,Lalitpur Branch,98874.0,656,,0.0,Vehicle,13.71,40000.0,174847.0,51137.0,66302.0,55.0,41.0,,,75.0,4610.0,21.0,954287.0,6401.0,234601.0,Corporate,3,9,2025-10-03,Medium,Yes,Rm_C
C0096,Customer_96,Male,37,Bhaktapur,Koshi,Analyst,Phd,Married,Acc100097,Savings,2023-06-16,Kathmandu Branch,97774.0,727,,0.0,Home,10.88,16515.0,1272649.0,79884.0,91888.0,36.0,12.0,,,178.0,19312.0,10.0,678576.0,30004.0,984743.0,Vip,2,8,2026-04-06,Low,No,Rm_A
C0564,Customer_564,Male,28,Biratnagar,Bagmati,Analyst,+2,Unmarried,Acc100565,Fixed Deposit,2025-09-01,Biratnagar Branch,208403.0,467,Closed,2368711.0,Personal,14.39,7501.0,973677.0,27191.0,28807.0,61.0,100.0,,,162.0,37795.0,29.0,601141.0,34851.0,415734.0,Vip,1,3,2026-01-20,Low,No,Rm_D
C0241,Customer_241,Male,50,Butwal,Lumbini,Teacher,Phd,Married,Acc100242,Fixed Deposit,2024-03-18,Pokhara Branch,50507.0,802,,0.0,Business,15.11,20016.0,1536306.0,85795.0,72706.0,20.0,2.0,,,107.0,24049.0,0.0,326054.0,30477.0,1005855.0,Vip,2,10,2025-10-19,Low,Yes,Rm_A
C0743,Customer_743,Female,53,Pokhara,Gandaki,Teacher,Bachelor,Unmarried,Acc100744,Savings,2023-07-17,Kathmandu Branch,180318.0,767,,0.0,Business,11.98,45123.0,813495.0,6656.0,110776.0,8.0,94.0,,,41.0,21910.0,27.0,848055.0,26001.0,1339323.0,Vip,3,5,2026-06-07,Low,No,Rm_D
C0864,Customer_864,Female,64,Kathmandu,Bagmati,Teacher,+2,Unmarried,Acc100865,Savings,2019-09-25,Pokhara Branch,241917.0,601,Active,1393117.0,Business,10.53,37989.0,1543466.0,134510.0,630.0,70.0,58.0,,,108.0,27617.0,11.0,892886.0,46172.0,93898.0,Vip,2,0,2025-10-29,High,No,Rm_B
C0575,Customer_575,Female,24,Butwal,Koshi,Banker,Bachelor,Married,Acc100576,Fixed Deposit,2021-11-15,Butwal Branch,81887.0,652,,0.0,Business,7.2,49000.0,1870578.0,84675.0,69616.0,57.0,72.0,,,181.0,17873.0,7.0,787593.0,40118.0,1278532.0,Corporate,3,8,2026-01-22,Low,Yes,Rm_B
C0691,Customer_691,Female,22,Pokhara,Bagmati,Business,Master,Unmarried,Acc100692,Current,2025-03-04,Lalitpur Branch,42042.0,801,,0.0,Vehicle,13.52,24275.0,375168.0,66338.0,33007.0,69.0,31.0,,,188.0,46973.0,0.0,475578.0,28994.0,429312.0,Corporate,1,5,2026-02-04,High,No,Rm_C
C0461,Customer_461,Female,23,Lalitpur,Koshi,Student,+2,Married,Acc100462,Current,2021-07-02,Bhaktapur Branch,202413.0,702,,0.0,Personal,13.87,32375.0,829726.0,49504.0,16069.0,56.0,0.0,,,113.0,28467.0,10.0,295610.0,15619.0,690811.0,Vip,3,3,2025-11-05,Low,No,Rm_C
C0554,Customer_554,Female,23,Biratnagar,Gandaki,Teacher,+2,Unmarried,Acc100555,Savings,2025-03-10,Chitwan Branch,95863.0,661,Closed,2251054.0,Vehicle,13.63,7288.0,1128776.0,42990.0,51312.0,44.0,85.0,,,151.0,42267.0,12.0,935529.0,19967.0,1464152.0,Vip,5,5,2026-01-31,Low,No,Rm_C
C0858,Customer_858,Male,21,Lalitpur,Gandaki,Teacher,Phd,Married,Acc100859,Fixed Deposit,2021-12-27,Pokhara Branch,71465.0,674,Active,1123792.0,Home,9.77,30369.0,438318.0,101817.0,69029.0,72.0,70.0,,,51.0,29693.0,12.0,57265.0,39190.0,781155.0,Corporate,5,3,2025-08-02,High,Yes,Rm_B
C0945,Customer_945,Male,64,Kathmandu,Gandaki,Banker,+2,Unmarried,Acc100946,Savings,2022-01-07,Biratnagar Branch,147866.0,727,,0.0,Personal,14.55,7465.0,215933.0,134410.0,15321.0,1.0,44.0,,,122.0,39704.0,8.0,173174.0,7191.0,132994.0,Retail,3,1,2025-10-11,Low,Yes,Rm_C
C0207,Customer_207,Male,30,Biratnagar,Bagmati,Doctor,+2,Married,Acc100208,Savings,2024-08-19,Kathmandu Branch,95863.0,517,,0.0,Home,6.54,24866.0,502393.0,45056.0,63904.0,85.0,92.0,,,56.0,19428.0,21.0,728771.0,27233.0,1587707.0,Corporate,3,5,2025-07-06,Low,Yes,Rm_C
C0393,Customer_393,Female,30,Butwal,Lumbini,Analyst,+2,Married,Acc100394,Savings,2023-06-04,Lalitpur Branch,58181.0,742,Active,1009838.0,Business,7.62,11099.0,1205830.0,125665.0,53461.0,15.0,88.0,,,80.0,24001.0,19.0,337813.0,11146.0,1465934.0,Corporate,2,7,2025-08-16,High,Yes,Rm_C
C0795,Customer_795,Male,42,Kathmandu,Bagmati,Doctor,Master,Unmarried,Acc100796,Savings,2026-04-24,Lalitpur Branch,191328.0,468,Active,2415803.0,Vehicle,7.1,7663.0,1655650.0,12909.0,52344.0,29.0,11.0,,,172.0,1533.0,23.0,891687.0,28108.0,254705.0,Vip,1,4,2025-09-13,High,No,Rm_A
C0871,Customer_871,Female,53,Kathmandu,Lumbini,Student,Phd,Married,Acc100872,Current,2023-01-11,Bhaktapur Branch,155873.0,711,Closed,947636.0,Vehicle,12.22,14453.0,301627.0,98112.0,96754.0,53.0,79.0,,,133.0,49432.0,26.0,741018.0,37280.0,1488748.0,Retail,5,7,2026-01-11,High,No,Rm_B
C0398,Customer_398,Female,24,Kathmandu,Lumbini,Student,Master,Unmarried,Acc100399,Fixed Deposit,2025-02-22,Chitwan Branch,26307.0,839,,0.0,Education,10.15,37879.0,859053.0,32361.0,23499.0,79.0,99.0,,,172.0,15313.0,27.0,175091.0,16697.0,1053091.0,Vip,5,1,2025-10-29,High,Yes,Rm_D
C0767,Customer_767,Female,54,Biratnagar,Gandaki,Engineer,+2,Married,Acc100768,Savings,2025-03-29,Chitwan Branch,105117.0,546,,0.0,Vehicle,8.63,25135.0,1980057.0,111862.0,102219.0,27.0,90.0,,,67.0,33744.0,0.0,604325.0,41920.0,940111.0,Corporate,1,3,2026-05-11,High,No,Rm_A
C0915,Customer_915,Female,42,Kathmandu,Bagmati,Engineer,Phd,Unmarried,Acc100916,Current,2021-11-14,Pokhara Branch,156098.0,540,Closed,1058028.0,Business,11.51,10365.0,217929.0,110687.0,13108.0,22.0,35.0,,,98.0,43780.0,17.0,592991.0,35328.0,89563.0,Retail,3,9,2025-09-04,High,No,Rm_C
C0218,Customer_218,Male,32,Biratnagar,Koshi,Student,+2,Unmarried,Acc100219,Current,2025-10-25,Chitwan Branch,105717.0,491,Closed,607682.0,Personal,6.42,31373.0,248752.0,83781.0,62232.0,72.0,15.0,,,172.0,32502.0,14.0,847176.0,33733.0,1323372.0,Retail,5,2,2026-04-19,Medium,Yes,Rm_A
C0005,Customer_5,Male,65,Biratnagar,Bagmati,Banker,+2,Married,Acc100006,Current,2023-04-20,Chitwan Branch,129090.0,671,Closed,2119799.0,Home,13.12,33890.0,1891149.0,71411.0,2483.0,68.0,10.0,,,33.0,48586.0,0.0,551590.0,25612.0,420307.0,Corporate,1,10,2026-01-10,Medium,No,Rm_D
C0769,Customer_769,Female,47,Biratnagar,Gandaki,Doctor,Master,Married,Acc100770,Fixed Deposit,2022-02-07,Butwal Branch,234185.0,702,,0.0,Personal,6.82,39803.0,744230.0,138258.0,83612.0,45.0,64.0,,,13.0,41922.0,16.0,278027.0,31328.0,1787653.0,Retail,4,2,2025-10-31,Low,Yes,Rm_A
C0643,Customer_643,Female,55,Chitwan,Lumbini,Doctor,Bachelor,Married,Acc100644,Savings,2025-08-11,Bhaktapur Branch,245859.0,735,Active,1735977.0,Home,14.21,8652.0,1916545.0,36776.0,93998.0,86.0,94.0,,,185.0,22309.0,6.0,714518.0,16.0,341149.0,Vip,5,6,2026-04-15,High,No,Rm_C
C0965,Customer_965,Female,20,Kathmandu,Gandaki,Analyst,Master,Married,Acc100966,Savings,2019-12-09,Lalitpur Branch,64301.0,782,Closed,1461109.0,Personal,12.84,49733.0,1234205.0,49936.0,45129.0,28.0,67.0,,,136.0,43078.0,16.0,456575.0,26341.0,597089.0,Vip,5,8,2025-09-04,Low,Yes,Rm_B
C0613,Customer_613,Male,41,Biratnagar,Koshi,Engineer,+2,Married,Acc100614,Fixed Deposit,2019-08-19,Lalitpur Branch,148928.0,504,Closed,2137051.0,Education,10.4,12940.0,500542.0,78234.0,91433.0,29.0,99.0,,,27.0,23124.0,0.0,606328.0,12866.0,1306126.0,Corporate,5,4,2026-02-07,Low,Yes,Rm_D
C0739,Customer_739,Female,34,Biratnagar,Gandaki,Teacher,Phd,Unmarried,Acc100740,Current,2022-06-01,Lalitpur Branch,43794.0,582,Closed,1308180.0,Education,9.81,10088.0,1054620.0,57303.0,1165.0,26.0,15.0,,,27.0,6802.0,11.0,191782.0,40759.0,377947.0,Vip,1,9,2025-12-08,Medium,No,Rm_C
C0547,Customer_547,Female,63,Biratnagar,Lumbini,Teacher,Master,Unmarried,Acc100548,Current,2023-05-08,Bhaktapur Branch,154795.0,478,,0.0,Education,10.34,3420.0,913747.0,93008.0,50676.0,65.0,20.0,,,163.0,39092.0,27.0,830214.0,43161.0,238144.0,Corporate,5,3,2025-07-28,High,No,Rm_C
C0726,Customer_726,Male,51,Butwal,Koshi,Engineer,+2,Unmarried,Acc100727,Current,2025-06-04,Butwal Branch,163857.0,559,Active,1549123.0,Vehicle,10.9,23529.0,1805546.0,42535.0,117265.0,68.0,2.0,,,46.0,42202.0,17.0,727522.0,3840.0,202442.0,Retail,1,8,2025-10-03,Low,Yes,Rm_C
C0986,Customer_986,Male,31,Biratnagar,Gandaki,Teacher,Unspecified,Unmarried,Acc100987,Current,2023-03-27,Lalitpur Branch,117324.0,629,Closed,2571851.0,Business,6.95,38631.0,225753.0,80517.0,22526.0,29.0,75.0,,,106.0,33689.0,4.0,236520.0,45450.0,1570646.0,Corporate,4,9,2025-11-07,Medium,No,Rm_D
C0684,Customer_684,Female,25,Pokhara,Bagmati,Analyst,+2,Unmarried,Acc100685,Savings,2025-06-03,Butwal Branch,76724.0,727,,0.0,Personal,11.66,47753.0,1698360.0,3287.0,95822.0,27.0,59.0,,,113.0,33789.0,10.0,599152.0,29344.0,60389.0,Corporate,4,0,2026-04-13,Low,No,Rm_D
C0099,Customer_99,Male,21,Butwal,Bagmati,Teacher,Phd,Unmarried,Acc100100,Current,2025-04-01,Kathmandu Branch,73717.0,651,Active,2459656.0,Business,13.09,39613.0,866612.0,111371.0,40560.0,13.0,18.0,,,53.0,19345.0,26.0,385364.0,5236.0,1921088.0,Retail,5,5,2025-12-30,Low,No,Rm_D
C0805,Customer_805,Female,49,Pokhara,Gandaki,Banker,Phd,Unmarried,Acc100806,Fixed Deposit,2023-11-05,Butwal Branch,228924.0,720,Active,320485.0,Business,6.27,41136.0,1547846.0,68049.0,61285.0,57.0,78.0,,,160.0,41302.0,25.0,442554.0,27207.0,1640358.0,Vip,2,1,2026-04-27,Low,No,Rm_B
C0728,Customer_728,Female,22,Bhaktapur,Bagmati,Student,Phd,Married,Acc100729,Savings,2022-09-12,Chitwan Branch,242492.0,639,Closed,416864.0,Education,12.75,38993.0,1540649.0,129744.0,101669.0,27.0,49.0,,,134.0,45796.0,28.0,203752.0,1957.0,164969.0,Corporate,2,0,2026-01-02,High,No,Rm_B
C0574,Customer_574,Female,63,Kathmandu,Lumbini,Doctor,+2,Married,Acc100575,Current,2021-07-17,Lalitpur Branch,83311.0,549,Active,544936.0,Personal,10.35,39612.0,1024412.0,36804.0,114966.0,53.0,93.0,,,81.0,2600.0,3.0,268702.0,26013.0,1367053.0,Vip,5,1,2025-12-04,High,No,Rm_A
C0407,Customer_407,Female,53,Kathmandu,Gandaki,Analyst,Phd,Unmarried,Acc100408,Current,2024-09-22,Kathmandu Branch,148139.0,547,Closed,2650292.0,Business,15.47,39019.0,1591730.0,109057.0,25266.0,3.0,65.0,,,188.0,28924.0,29.0,708794.0,32890.0,1985797.0,Retail,3,4,2026-02-26,Low,Yes,Rm_D
C0503,Customer_503,Female,45,Biratnagar,Lumbini,Student,Master,Married,Acc100504,Current,2025-04-02,Biratnagar Branch,239471.0,589,Closed,203487.0,Vehicle,9.7,20643.0,1345989.0,95478.0,77921.0,91.0,92.0,,,37.0,32199.0,3.0,808094.0,48160.0,935830.0,Corporate,3,7,2025-08-31,High,Yes,Rm_B
C0048,Customer_48,Male,41,Lalitpur,Gandaki,Student,Bachelor,Married,Acc100049,Fixed Deposit,2020-11-20,Bhaktapur Branch,31744.0,706,,0.0,Business,13.94,43962.0,1607652.0,112154.0,34700.0,59.0,46.0,,,127.0,35470.0,9.0,812856.0,793.0,713593.0,Corporate,4,0,2026-03-28,Medium,No,Rm_C
C0033,Customer_33,Female,40,Kathmandu,Bagmati,Engineer,+2,Unmarried,Acc100034,Savings,2019-11-20,Biratnagar Branch,44533.0,498,Active,264620.0,Personal,14.78,14543.0,999437.0,141210.0,25306.0,94.0,67.0,,,6.0,31656.0,8.0,174341.0,20283.0,168729.0,Corporate,4,5,2026-03-29,Low,Yes,Rm_C
C0780,Customer_780,Male,37,Butwal,Bagmati,Doctor,Phd,Unmarried,Acc100781,Fixed Deposit,2021-06-01,Bhaktapur Branch,36236.0,791,Closed,2401679.0,Personal,12.79,23825.0,1182303.0,83043.0,668.0,92.0,58.0,,,65.0,43472.0,19.0,623977.0,42340.0,587000.0,Corporate,5,10,2026-01-15,Low,Yes,Rm_C
C0840,Customer_840,Female,35,Butwal,Gandaki,Doctor,+2,Unmarried,Acc100841,Savings,2025-03-26,Butwal Branch,36781.0,685,,0.0,Personal,14.7,27626.0,50055.0,122760.0,16780.0,93.0,68.0,,,33.0,25497.0,30.0,286198.0,4750.0,365767.0,Corporate,1,7,2026-02-08,Low,Yes,Rm_A
C0201,Customer_201,Female,33,Butwal,Gandaki,Student,+2,Married,Acc100202,Fixed Deposit,2024-12-13,Lalitpur Branch,155052.0,578,,0.0,Home,8.11,31671.0,929493.0,31497.0,74986.0,43.0,34.0,,,60.0,13094.0,11.0,977489.0,18.0,831386.0,Retail,2,1,2025-07-03,Low,Yes,Rm_A
C0135,Customer_135,Female,20,Chitwan,Bagmati,Analyst,+2,Married,Acc100136,Fixed Deposit,2019-11-28,Chitwan Branch,234098.0,776,,0.0,Vehicle,9.14,42560.0,1835861.0,88766.0,65333.0,77.0,80.0,,,186.0,12383.0,2.0,616803.0,37535.0,898464.0,Corporate,2,0,2026-05-08,Medium,No,Rm_A
C0028,Customer_28,Female,28,Bhaktapur,Koshi,Banker,Master,Unmarried,Acc100029,Savings,2021-08-19,Chitwan Branch,246837.0,543,Closed,480938.0,Education,12.48,35597.0,1306045.0,80450.0,59581.0,37.0,9.0,,,47.0,30554.0,12.0,381576.0,16011.0,1781939.0,Vip,5,0,2025-08-09,High,No,Rm_D
C0947,Customer_947,Female,39,Chitwan,Koshi,Student,Phd,Unmarried,Acc100948,Savings,2021-08-19,Lalitpur Branch,183484.0,761,Closed,1002970.0,Home,14.95,48502.0,1650881.0,109518.0,70066.0,31.0,21.0,,,105.0,2809.0,30.0,159314.0,39166.0,1930394.0,Corporate,5,6,2026-03-30,Medium,Yes,Rm_A
C0231,Customer_231,Male,64,Bhaktapur,Lumbini,Doctor,+2,Married,Acc100232,Fixed Deposit,2021-04-25,Chitwan Branch,114198.0,494,Active,462051.0,Business,15.19,3888.0,955001.0,3040.0,65631.0,91.0,36.0,,,174.0,49011.0,8.0,265197.0,41203.0,702935.0,Corporate,3,8,2025-07-17,Low,Yes,Rm_A
C0490,Customer_490,Male,32,Lalitpur,Koshi,Doctor,Master,Married,Acc100491,Current,2020-01-27,Pokhara Branch,241679.0,670,,0.0,Vehicle,13.41,13788.0,256326.0,69095.0,105694.0,26.0,98.0,,,172.0,541.0,24.0,558306.0,46811.0,1928779.0,Corporate,1,5,2026-03-12,Medium,Yes,Rm_D
C0773,Customer_773,Male,54,Bhaktapur,Gandaki,Student,Bachelor,Unmarried,Acc100774,Current,2020-03-06,Butwal Branch,193578.0,633,,0.0,Home,6.44,39275.0,1280821.0,26597.0,68930.0,35.0,8.0,,,36.0,30183.0,29.0,658490.0,39363.0,1693202.0,Corporate,5,5,2026-03-30,Low,No,Rm_D
C0379,Customer_379,Female,65,Butwal,Gandaki,Teacher,Bachelor,Unmarried,Acc100380,Savings,2021-07-20,Chitwan Branch,177375.0,667,Closed,1252735.0,Education,14.55,16843.0,1618867.0,37041.0,108404.0,96.0,43.0,,,184.0,18808.0,5.0,515602.0,37319.0,1906426.0,Retail,2,3,2025-09-06,Low,No,Rm_A
C0289,Customer_289,Female,23,Lalitpur,Lumbini,Doctor,Phd,Unmarried,Acc100290,Current,2021-02-19,Bhaktapur Branch,96021.0,832,Closed,1195770.0,Vehicle,13.41,12823.0,1627769.0,29599.0,106258.0,83.0,32.0,,,137.0,20225.0,14.0,562135.0,25238.0,1788219.0,Retail,5,6,2025-09-12,Low,Yes,Rm_D
C0419,Customer_419,Male,20,Biratnagar,Lumbini,Analyst,Bachelor,Married,Acc100420,Current,2022-05-27,Bhaktapur Branch,26867.0,713,,0.0,Personal,7.6,7924.0,366914.0,38849.0,103380.0,6.0,62.0,,,166.0,29377.0,8.0,836794.0,33257.0,1481077.0,Corporate,3,4,2025-07-29,Low,Yes,Rm_D
C0675,Customer_675,Female,37,Bhaktapur,Lumbini,Doctor,+2,Unmarried,Acc100676,Savings,2025-02-12,Kathmandu Branch,244250.0,617,Closed,2230139.0,Business,8.21,40661.0,910339.0,148096.0,114246.0,78.0,32.0,,,20.0,20452.0,3.0,907402.0,18769.0,1253244.0,Retail,1,7,2026-06-06,High,Yes,Rm_B
C0392,Customer_392,Male,39,Pokhara,Koshi,Engineer,Phd,Unmarried,Acc100393,Savings,2022-10-14,Butwal Branch,169569.0,451,Active,1844811.0,Business,15.04,33225.0,304206.0,141512.0,115176.0,78.0,58.0,,,112.0,36384.0,5.0,897095.0,41135.0,1302197.0,Vip,2,1,2025-12-10,Medium,No,Rm_A
C0593,Customer_593,Male,44,Kathmandu,Koshi,Teacher,Phd,Married,Acc100594,Current,2024-02-21,Pokhara Branch,189576.0,796,,0.0,Home,13.34,28867.0,1859194.0,61501.0,23945.0,80.0,41.0,,,95.0,46865.0,0.0,740026.0,26528.0,705512.0,Vip,2,4,2026-01-14,Low,No,Rm_C
C0499,Customer_499,Male,22,Bhaktapur,Gandaki,Doctor,+2,Unmarried,Acc100500,Savings,2024-05-09,Chitwan Branch,202886.0,458,Active,2150187.0,Home,6.41,31673.0,549065.0,133983.0,20817.0,53.0,84.0,,,173.0,39470.0,19.0,824284.0,38955.0,1028307.0,Corporate,3,6,2026-05-20,Medium,Yes,Rm_C
C0139,Customer_139,Male,55,Butwal,Gandaki,Engineer,Master,Unmarried,Acc100140,Fixed Deposit,2022-05-16,Lalitpur Branch,26778.0,468,,0.0,Home,7.0,6540.0,989962.0,148389.0,44634.0,64.0,4.0,,,55.0,22282.0,5.0,239209.0,34136.0,211871.0,Vip,5,1,2026-02-09,Low,No,Rm_C
C0063,Customer_63,Male,33,Kathmandu,Lumbini,Engineer,Master,Married,Acc100064,Savings,2025-06-15,Butwal Branch,137990.0,537,Active,1739725.0,Education,7.67,35135.0,709291.0,32293.0,118364.0,37.0,71.0,,,180.0,19247.0,2.0,895928.0,43351.0,1730678.0,Vip,4,10,2025-08-17,Medium,Yes,Rm_A
C0472,Customer_472,Male,37,Bhaktapur,Bagmati,Doctor,Master,Married,Acc100473,Savings,2025-08-27,Pokhara Branch,165441.0,736,,0.0,Vehicle,12.82,12023.0,696417.0,30212.0,50002.0,50.0,1.0,,,145.0,25478.0,12.0,58150.0,3288.0,1398598.0,Retail,5,2,2026-05-17,Low,Yes,Rm_B
C0648,Customer_648,Male,63,Bhaktapur,Bagmati,Doctor,Master,Unmarried,Acc100649,Fixed Deposit,2022-09-20,Lalitpur Branch,195798.0,599,Closed,419904.0,Education,6.33,49416.0,1751223.0,72489.0,99524.0,48.0,66.0,,,131.0,16324.0,7.0,658017.0,20878.0,152359.0,Corporate,3,9,2025-06-25,Low,Yes,Rm_A
C0129,Customer_129,Male,27,Chitwan,Bagmati,Engineer,Bachelor,Married,Acc100130,Fixed Deposit,2024-02-01,Chitwan Branch,188646.0,747,Closed,2113485.0,Education,11.85,20578.0,473645.0,129364.0,113402.0,2.0,65.0,,,198.0,25610.0,18.0,66625.0,27674.0,260445.0,Vip,5,0,2026-01-21,High,Yes,Rm_A
C0521,Customer_521,Male,56,Kathmandu,Koshi,Business,Phd,Unmarried,Acc100522,Savings,2021-08-07,Butwal Branch,160721.0,574,Closed,2563426.0,Business,9.29,41917.0,1614322.0,12432.0,28689.0,47.0,100.0,,,192.0,33166.0,22.0,624972.0,32180.0,1094042.0,Retail,2,0,2026-01-05,Medium,No,Rm_A
C0839,Customer_839,Female,50,Kathmandu,Lumbini,Business,Bachelor,Unmarried,Acc100840,Savings,2021-10-16,Bhaktapur Branch,178826.0,704,,0.0,Vehicle,12.35,26123.0,1524491.0,91168.0,92612.0,32.0,15.0,,,110.0,7351.0,17.0,151548.0,4369.0,1550658.0,Vip,2,7,2026-01-22,High,No,Rm_D
C0065,Customer_65,Male,24,Pokhara,Bagmati,Business,Master,Unmarried,Acc100066,Savings,2024-02-16,Lalitpur Branch,69906.0,603,Closed,1156044.0,Business,13.01,5540.0,529660.0,14932.0,31157.0,79.0,50.0,,,87.0,32862.0,22.0,382503.0,48367.0,856707.0,Retail,1,4,2026-05-10,High,No,Rm_D
C0813,Customer_813,Female,61,Lalitpur,Bagmati,Engineer,Bachelor,Unmarried,Acc100814,Savings,2021-12-23,Lalitpur Branch,111895.0,516,Closed,388003.0,Home,9.31,39866.0,105014.0,84857.0,32324.0,43.0,3.0,,,164.0,27047.0,19.0,963920.0,34261.0,72839.0,Retail,1,9,2026-01-27,Medium,No,Rm_C
C0015,Customer_15,Male,25,Butwal,Gandaki,Banker,Phd,Unmarried,Acc100016,Current,2026-01-25,Kathmandu Branch,187069.0,583,Closed,474706.0,Business,7.46,6853.0,1500059.0,71383.0,11120.0,29.0,35.0,,,31.0,41479.0,2.0,874491.0,21773.0,502391.0,Retail,5,0,2025-07-13,High,No,Rm_A
C0157,Customer_157,Male,33,Kathmandu,Gandaki,Banker,Phd,Unmarried,Acc100158,Savings,2024-02-25,Lalitpur Branch,169950.0,556,,0.0,Home,15.49,33763.0,1362308.0,99827.0,100834.0,1.0,5.0,,,119.0,37812.0,30.0,977949.0,808.0,1787150.0,Vip,1,10,2025-10-15,High,Yes,Rm_D
C0041,Customer_41,Female,37,Chitwan,Bagmati,Engineer,Bachelor,Married,Acc100042,Fixed Deposit,2024-07-21,Chitwan Branch,88612.0,725,,0.0,Home,7.06,35030.0,911639.0,109836.0,8106.0,15.0,37.0,,,148.0,29129.0,11.0,784948.0,34051.0,500337.0,Retail,4,8,2025-06-18,Medium,No,Rm_D
C0493,Customer_493,Male,31,Kathmandu,Koshi,Analyst,Master,Unmarried,Acc100494,Current,2026-04-22,Lalitpur Branch,151285.0,500,Closed,2025749.0,Vehicle,6.7,41665.0,194452.0,140672.0,63359.0,60.0,86.0,,,17.0,10482.0,27.0,190635.0,47234.0,26814.0,Retail,4,0,2025-08-20,Low,No,Rm_C
C0380,Customer_380,Female,54,Chitwan,Bagmati,Teacher,+2,Unmarried,Acc100381,Fixed Deposit,2021-09-14,Kathmandu Branch,98730.0,540,Active,292584.0,Business,15.7,13308.0,470118.0,5388.0,70160.0,27.0,7.0,,,114.0,38679.0,13.0,236479.0,35017.0,1364989.0,Corporate,1,3,2025-06-19,Medium,Yes,Rm_B
C0188,Customer_188,Male,39,Chitwan,Gandaki,Teacher,Phd,Unmarried,Acc100189,Savings,2024-02-02,Chitwan Branch,103886.0,532,Closed,850023.0,Vehicle,10.45,23184.0,1333172.0,124616.0,88517.0,26.0,85.0,,,80.0,5914.0,30.0,14244.0,32961.0,871775.0,Vip,5,3,2025-08-13,High,Yes,Rm_C
C0764,Customer_764,Male,28,Chitwan,Lumbini,Student,Phd,Married,Acc100765,Fixed Deposit,2024-01-23,Bhaktapur Branch,107906.0,507,Active,585622.0,Home,8.22,19781.0,1974458.0,126039.0,107831.0,44.0,27.0,,,8.0,30699.0,7.0,51705.0,15603.0,457948.0,Corporate,2,0,2026-04-12,Medium,No,Rm_B
C0217,Customer_217,Female,40,Kathmandu,Koshi,Teacher,Master,Unmarried,Acc100218,Current,2025-01-24,Butwal Branch,213141.0,605,,0.0,Education,12.25,2297.0,770063.0,30064.0,11189.0,0.0,1.0,,,87.0,12431.0,15.0,183266.0,8470.0,1458961.0,Corporate,5,7,2025-06-20,High,Yes,Rm_A
C0922,Customer_922,Male,55,Lalitpur,Bagmati,Doctor,Master,Married,Acc100923,Fixed Deposit,2021-05-16,Chitwan Branch,234265.0,596,Closed,1166295.0,Education,12.73,46609.0,220992.0,146589.0,30061.0,42.0,55.0,,,55.0,20794.0,2.0,371494.0,6388.0,485787.0,Vip,1,9,2026-03-23,High,No,Rm_A
C0792,Customer_792,Male,59,Bhaktapur,Lumbini,Business,+2,Unmarried,Acc100793,Fixed Deposit,2020-04-11,Chitwan Branch,169545.0,522,Active,2296022.0,Business,7.45,38069.0,1889315.0,130904.0,8829.0,77.0,84.0,,,198.0,32130.0,29.0,857602.0,20842.0,1481847.0,Retail,3,9,2025-08-02,Low,Yes,Rm_A
C0053,Customer_53,Male,33,Chitwan,Bagmati,Analyst,Master,Married,Acc100054,Fixed Deposit,2025-03-29,Chitwan Branch,186597.0,750,Active,1518508.0,Education,11.48,49017.0,1944129.0,83568.0,2553.0,23.0,93.0,,,98.0,10745.0,23.0,229005.0,8213.0,17655.0,Vip,3,6,2026-03-16,Medium,No,Rm_D
C0879,Customer_879,Male,20,Pokhara,Bagmati,Analyst,Phd,Unmarried,Acc100880,Current,2020-12-12,Bhaktapur Branch,146621.0,646,Active,2215095.0,Vehicle,14.45,14494.0,85938.0,142427.0,47329.0,21.0,79.0,,,132.0,27929.0,9.0,259769.0,5425.0,705564.0,Retail,3,3,2025-10-07,Low,No,Rm_A
C0338,Customer_338,Female,47,Lalitpur,Bagmati,Engineer,+2,Unmarried,Acc100339,Savings,2026-03-08,Biratnagar Branch,95926.0,839,Active,2975073.0,Education,13.84,46045.0,1189991.0,108573.0,37357.0,88.0,85.0,,,113.0,44492.0,7.0,794577.0,25561.0,364914.0,Vip,3,1,2025-09-01,Medium,No,Rm_A
C0749,Customer_749,Male,55,Chitwan,Bagmati,Engineer,+2,Unmarried,Acc100750,Fixed Deposit,2025-03-08,Chitwan Branch,142292.0,454,Active,1484843.0,Business,6.19,20748.0,1718479.0,79700.0,88927.0,58.0,12.0,,,115.0,37965.0,20.0,223374.0,49222.0,542539.0,Corporate,4,2,2025-07-30,Medium,Yes,Rm_C
C0720,Customer_720,Female,25,Kathmandu,Koshi,Banker,Bachelor,Unmarried,Acc100721,Current,2021-02-25,Kathmandu Branch,130304.0,532,Active,638961.0,Personal,15.78,19798.0,167121.0,50903.0,105441.0,97.0,47.0,,,130.0,44601.0,2.0,300507.0,21861.0,66617.0,Vip,4,1,2026-02-22,High,Yes,Rm_C
C0725,Customer_725,Male,29,Bhaktapur,Bagmati,Student,Phd,Unmarried,Acc100726,Savings,2022-05-19,Kathmandu Branch,108045.0,582,Active,2471869.0,Business,8.94,21799.0,869780.0,35640.0,19119.0,16.0,91.0,,,94.0,11658.0,9.0,886589.0,15339.0,1936071.0,Vip,2,10,2026-05-28,High,No,Rm_A
C0296,Customer_296,Female,58,Chitwan,Koshi,Banker,Bachelor,Unmarried,Acc100297,Fixed Deposit,2021-11-21,Pokhara Branch,78887.0,717,,0.0,Personal,10.27,2770.0,906564.0,135794.0,91900.0,79.0,26.0,,,66.0,32535.0,16.0,183253.0,16725.0,660670.0,Retail,3,8,2025-10-23,Medium,Yes,Rm_C
C0702,Customer_702,Male,47,Butwal,Lumbini,Analyst,Master,Married,Acc100703,Savings,2021-06-14,Butwal Branch,73411.0,697,Closed,2781015.0,Home,14.76,18138.0,51978.0,30703.0,2774.0,16.0,83.0,,,94.0,13287.0,0.0,369037.0,5968.0,1505759.0,Corporate,2,7,2026-02-19,High,No,Rm_D
C0252,Customer_252,Male,53,Lalitpur,Bagmati,Teacher,Phd,Married,Acc100253,Fixed Deposit,2023-08-29,Chitwan Branch,219876.0,767,Active,152442.0,Personal,14.8,33889.0,1537624.0,34615.0,7698.0,35.0,11.0,,,28.0,35405.0,23.0,313540.0,7501.0,819679.0,Retail,3,8,2025-08-14,Medium,Yes,Rm_B
C0727,Customer_727,Male,39,Chitwan,Gandaki,Teacher,+2,Married,Acc100728,Current,2023-12-25,Kathmandu Branch,137224.0,567,,0.0,Home,6.62,34661.0,1937179.0,18832.0,110582.0,6.0,16.0,,,22.0,29359.0,8.0,699166.0,46643.0,525657.0,Corporate,2,0,2026-03-15,High,Yes,Rm_A
C0462,Customer_462,Male,48,Pokhara,Lumbini,Student,Phd,Married,Acc100463,Fixed Deposit,2020-08-12,Lalitpur Branch,101645.0,501,Active,2273037.0,Business,14.58,9922.0,1815176.0,140364.0,74898.0,78.0,70.0,,,185.0,41479.0,14.0,313345.0,34035.0,1405799.0,Vip,3,4,2026-04-01,Low,Yes,Rm_B
C0456,Customer_456,Female,32,Lalitpur,Lumbini,Analyst,Bachelor,Unmarried,Acc100457,Fixed Deposit,2019-10-23,Kathmandu Branch,42180.0,734,Active,250398.0,Home,12.23,30929.0,1231547.0,25962.0,13898.0,91.0,37.0,,,194.0,21290.0,11.0,352801.0,30750.0,1196865.0,Retail,5,10,2026-05-15,Medium,No,Rm_B
C0271,Customer_271,Male,37,Pokhara,Koshi,Analyst,Master,Unmarried,Acc100272,Current,2022-02-09,Bhaktapur Branch,51168.0,722,Closed,2715070.0,Business,11.93,40376.0,448355.0,10309.0,75386.0,21.0,48.0,,,178.0,1947.0,13.0,430751.0,17221.0,1680292.0,Vip,4,3,2025-09-18,Medium,No,Rm_A
C0816,Customer_816,Female,55,Bhaktapur,Lumbini,Business,Bachelor,Married,Acc100817,Current,2023-08-04,Lalitpur Branch,117206.0,608,,0.0,Business,12.99,7092.0,60949.0,43310.0,65293.0,87.0,38.0,,,185.0,10033.0,7.0,903480.0,31885.0,1579971.0,Retail,2,8,2025-06-13,High,No,Rm_B
C0863,Customer_863,Male,29,Chitwan,Lumbini,Teacher,Bachelor,Unmarried,Acc100864,Current,2020-08-13,Butwal Branch,219557.0,607,Active,2514927.0,Home,12.79,17513.0,1544672.0,54761.0,53538.0,21.0,68.0,,,98.0,44703.0,24.0,59393.0,25832.0,356866.0,Retail,5,5,2025-09-26,High,Yes,Rm_B
C0270,Customer_270,Female,63,Butwal,Koshi,Engineer,Bachelor,Unmarried,Acc100271,Current,2020-02-05,Lalitpur Branch,72044.0,684,Closed,2133793.0,Vehicle,12.72,22899.0,1390979.0,73400.0,30344.0,81.0,88.0,,,116.0,24634.0,29.0,626253.0,49377.0,1066540.0,Retail,1,7,2026-02-25,Low,No,Rm_A
C0202,Customer_202,Female,53,Butwal,Lumbini,Engineer,+2,Married,Acc100203,Fixed Deposit,2021-04-23,Pokhara Branch,118237.0,592,Active,2027162.0,Education,10.66,2524.0,430856.0,126667.0,51351.0,86.0,82.0,,,104.0,29190.0,22.0,155660.0,27976.0,1077165.0,Corporate,5,7,2026-04-10,Medium,No,Rm_A
C0162,Customer_162,Male,44,Pokhara,Bagmati,Business,Bachelor,Married,Acc100163,Fixed Deposit,2020-10-28,Bhaktapur Branch,193651.0,647,Active,2135949.0,Education,10.35,43170.0,1946065.0,33191.0,98058.0,19.0,4.0,,,101.0,36663.0,4.0,884587.0,36930.0,1384459.0,Corporate,1,0,2026-04-29,Low,Yes,Rm_A
C0556,Customer_556,Male,36,Lalitpur,Lumbini,Student,Phd,Unmarried,Acc100557,Fixed Deposit,2020-02-25,Chitwan Branch,76454.0,810,,0.0,Personal,14.97,12543.0,1250662.0,73809.0,3586.0,17.0,39.0,,,55.0,48770.0,7.0,202515.0,45902.0,694139.0,Vip,1,4,2025-12-14,High,Yes,Rm_D
C0730,Customer_730,Female,41,Bhaktapur,Koshi,Doctor,+2,Married,Acc100731,Current,2021-06-10,Chitwan Branch,66303.0,459,Closed,2170139.0,Business,10.45,20985.0,1004719.0,2027.0,116479.0,45.0,65.0,,,79.0,30899.0,13.0,247702.0,33251.0,658966.0,Retail,5,3,2025-09-17,Low,No,Rm_A
C0402,Customer_402,Female,56,Lalitpur,Koshi,Engineer,+2,Married,Acc100403,Savings,2021-10-31,Biratnagar Branch,165386.0,642,Active,629901.0,Personal,12.7,27668.0,754357.0,91796.0,75211.0,61.0,66.0,,,62.0,27371.0,18.0,630702.0,45436.0,1599429.0,Vip,4,5,2026-01-25,Low,Yes,Rm_D
C0703,Customer_703,Male,46,Chitwan,Bagmati,Business,Master,Married,Acc100704,Savings,2024-01-14,Lalitpur Branch,80319.0,585,Closed,364899.0,Vehicle,13.88,11788.0,970547.0,126770.0,83396.0,34.0,9.0,,,125.0,37631.0,6.0,234277.0,36967.0,353334.0,Retail,5,5,2026-04-30,Medium,Yes,Rm_A
C0477,Customer_477,Male,40,Bhaktapur,Lumbini,Student,+2,Married,Acc100478,Savings,2021-04-19,Bhaktapur Branch,71489.0,689,,0.0,Home,15.41,27382.0,297838.0,104012.0,101704.0,48.0,38.0,,,94.0,34047.0,3.0,977779.0,4970.0,496047.0,Corporate,1,7,2025-06-16,Low,No,Rm_B
C0822,Customer_822,Male,63,Lalitpur,Gandaki,Engineer,Bachelor,Unmarried,Acc100823,Fixed Deposit,2021-09-29,Pokhara Branch,143076.0,648,,0.0,Vehicle,12.78,42224.0,703716.0,147764.0,4813.0,25.0,51.0,,,17.0,45269.0,23.0,253478.0,27807.0,1484318.0,Corporate,1,4,2026-04-04,Low,No,Rm_C
C0772,Customer_772,Male,33,Lalitpur,Koshi,Student,Phd,Married,Acc100773,Current,2025-11-19,Pokhara Branch,157398.0,488,,0.0,Business,13.96,42347.0,957078.0,122106.0,9473.0,43.0,60.0,,,144.0,37970.0,13.0,228438.0,39643.0,168030.0,Retail,3,6,2026-06-07,Low,Yes,Rm_D
C0106,Customer_106,Female,53,Lalitpur,Gandaki,Engineer,Bachelor,Married,Acc100107,Fixed Deposit,2022-01-07,Lalitpur Branch,96787.0,754,Closed,336249.0,Personal,12.32,37871.0,1449815.0,130373.0,52928.0,89.0,95.0,,,129.0,23510.0,23.0,983468.0,43175.0,685733.0,Retail,1,6,2025-12-05,Medium,No,Rm_A
C0566,Customer_566,Male,43,Pokhara,Gandaki,Business,Master,Married,Acc100567,Savings,2021-02-17,Kathmandu Branch,131263.0,575,Active,2587961.0,Business,9.0,41189.0,1987710.0,64520.0,98148.0,100.0,57.0,,,142.0,3216.0,12.0,349402.0,38676.0,1930219.0,Retail,2,8,2025-07-04,Low,Yes,Rm_D
C0390,Customer_390,Male,37,Kathmandu,Bagmati,Banker,Master,Unmarried,Acc100391,Fixed Deposit,2020-06-04,Kathmandu Branch,45029.0,830,Active,2911785.0,Business,10.54,24237.0,1403592.0,109050.0,61386.0,98.0,86.0,,,19.0,4055.0,10.0,368341.0,47318.0,1717450.0,Retail,1,9,2025-10-15,Low,Yes,Rm_A
C0002,Customer_2,Male,52,Bhaktapur,Gandaki,Student,+2,Unmarried,Acc100003,Savings,2021-05-08,Lalitpur Branch,237453.0,846,Closed,205456.0,Personal,9.99,25816.0,1704166.0,51211.0,89881.0,7.0,44.0,,,40.0,43278.0,16.0,544138.0,7119.0,495465.0,Vip,4,7,2026-02-09,Low,Yes,Rm_C
C0562,Customer_562,Male,28,Chitwan,Lumbini,Business,Phd,Married,Acc100563,Fixed Deposit,2024-04-27,Chitwan Branch,109269.0,454,Active,2621735.0,Business,6.07,36156.0,846990.0,139655.0,74111.0,82.0,14.0,,,83.0,47873.0,26.0,705786.0,44468.0,776143.0,Retail,5,4,2026-05-18,Medium,No,Rm_D
C0932,Customer_932,Male,55,Chitwan,Gandaki,Teacher,Master,Married,Acc100933,Fixed Deposit,2021-09-27,Lalitpur Branch,127196.0,664,Closed,2009456.0,Education,15.22,9074.0,919004.0,50020.0,103710.0,91.0,78.0,,,48.0,17886.0,3.0,868572.0,4723.0,1611179.0,Corporate,4,1,2026-01-09,Low,Yes,Rm_D
C0081,Customer_81,Male,63,Bhaktapur,Lumbini,Business,Phd,Unmarried,Acc100082,Current,2025-01-10,Lalitpur Branch,129184.0,757,Active,143220.0,Personal,12.84,38709.0,266723.0,84346.0,82757.0,70.0,11.0,,,145.0,8812.0,9.0,622727.0,15661.0,756290.0,Vip,3,3,2025-12-31,High,No,Rm_A
C0206,Customer_206,Male,48,Chitwan,Lumbini,Doctor,+2,Unmarried,Acc100207,Savings,2020-04-05,Biratnagar Branch,198247.0,698,,0.0,Vehicle,7.13,19277.0,1148642.0,81823.0,59950.0,59.0,38.0,,,5.0,8272.0,13.0,820524.0,15990.0,131175.0,Corporate,3,5,2026-04-13,Medium,No,Rm_B
C0035,Customer_35,Female,65,Biratnagar,Lumbini,Banker,+2,Married,Acc100036,Fixed Deposit,2025-10-15,Kathmandu Branch,239305.0,704,Closed,861883.0,Vehicle,13.55,19514.0,1653805.0,98600.0,65389.0,49.0,50.0,,,70.0,1075.0,16.0,321923.0,47371.0,1887104.0,Corporate,5,3,2026-01-28,Medium,Yes,Rm_B
C0943,Customer_943,Male,37,Chitwan,Gandaki,Analyst,Phd,Unmarried,Acc100944,Savings,2025-07-01,Bhaktapur Branch,160956.0,767,,0.0,Personal,10.4,23573.0,965772.0,116080.0,112416.0,30.0,45.0,,,198.0,28138.0,8.0,211062.0,31977.0,210321.0,Corporate,4,4,2025-09-08,Low,No,Rm_C
C0776,Customer_776,Male,33,Lalitpur,Bagmati,Doctor,+2,Married,Acc100777,Savings,2025-09-03,Pokhara Branch,171884.0,776,Closed,1563689.0,Education,9.04,24918.0,1918654.0,91650.0,90876.0,75.0,56.0,,,14.0,23035.0,26.0,770745.0,7302.0,775345.0,Vip,4,4,2026-03-07,High,Yes,Rm_C
C0509,Customer_509,Female,34,Kathmandu,Bagmati,Teacher,Master,Married,Acc100510,Current,2024-05-20,Biratnagar Branch,82245.0,538,,0.0,Education,13.51,35826.0,803906.0,30511.0,39024.0,24.0,100.0,,,21.0,15130.0,28.0,347853.0,2140.0,496697.0,Vip,3,9,2025-09-21,Medium,Yes,Rm_C
C0428,Customer_428,Male,63,Kathmandu,Gandaki,Business,+2,Unmarried,Acc100429,Fixed Deposit,2024-12-25,Butwal Branch,235498.0,564,Active,1495490.0,Home,15.14,31534.0,444479.0,33096.0,8876.0,44.0,79.0,,,153.0,41472.0,19.0,794435.0,43039.0,388636.0,Corporate,4,4,2025-08-05,Low,Yes,Rm_B
C0455,Customer_455,Female,59,Bhaktapur,Lumbini,Engineer,Phd,Married,Acc100456,Current,2022-06-01,Butwal Branch,107828.0,637,Active,62166.0,Home,7.95,12978.0,1622644.0,132168.0,72327.0,65.0,93.0,,,32.0,23092.0,8.0,145777.0,31573.0,1698904.0,Corporate,3,3,2025-11-25,Medium,No,Rm_B
C0367,Customer_367,Female,43,Chitwan,Gandaki,Engineer,Phd,Married,Acc100368,Savings,2019-11-20,Butwal Branch,171794.0,750,,0.0,Personal,8.19,29763.0,902331.0,12486.0,85364.0,28.0,85.0,,,10.0,35671.0,9.0,448085.0,36135.0,1386804.0,Retail,1,10,2026-02-05,Low,Yes,Rm_A
C0092,Customer_92,Female,25,Kathmandu,Bagmati,Doctor,Phd,Married,Acc100093,Current,2026-01-27,Chitwan Branch,226401.0,503,,0.0,Personal,9.4,30379.0,1249766.0,115266.0,57256.0,38.0,79.0,,,111.0,10061.0,13.0,373515.0,42102.0,441223.0,Vip,3,10,2025-09-10,High,No,Rm_B
C0340,Customer_340,Male,37,Butwal,Gandaki,Engineer,Bachelor,Married,Acc100341,Savings,2019-10-22,Pokhara Branch,195487.0,653,,0.0,Vehicle,12.57,22212.0,591220.0,41711.0,84842.0,67.0,83.0,,,173.0,21696.0,3.0,943680.0,46141.0,726445.0,Retail,4,8,2026-01-27,High,No,Rm_D
C0898,Customer_898,Female,56,Kathmandu,Gandaki,Banker,+2,Unmarried,Acc100899,Current,2019-09-28,Bhaktapur Branch,158961.0,596,Active,112021.0,Business,15.51,20718.0,1285109.0,84780.0,11775.0,90.0,30.0,,,118.0,37264.0,7.0,168390.0,12177.0,222080.0,Vip,4,9,2026-05-07,High,Yes,Rm_B
C0565,Customer_565,Male,22,Chitwan,Gandaki,Analyst,Bachelor,Married,Acc100566,Fixed Deposit,2019-10-13,Chitwan Branch,165119.0,460,Closed,2680838.0,Vehicle,7.85,6820.0,1900008.0,49271.0,2440.0,0.0,8.0,,,189.0,19038.0,13.0,50432.0,24236.0,693453.0,Corporate,3,6,2026-04-21,Medium,No,Rm_B
C0346,Customer_346,Male,28,Chitwan,Lumbini,Teacher,Phd,Unmarried,Acc100347,Savings,2021-12-09,Butwal Branch,188704.0,494,,0.0,Personal,7.09,15395.0,892897.0,15102.0,65211.0,75.0,27.0,,,107.0,40654.0,30.0,107230.0,44953.0,1477410.0,Vip,2,6,2026-03-01,Low,Yes,Rm_C
C0777,Customer_777,Male,29,Bhaktapur,Bagmati,Engineer,Master,Unmarried,Acc100778,Current,2025-06-22,Biratnagar Branch,56259.0,793,Closed,391322.0,Personal,14.07,2314.0,1948577.0,85524.0,23178.0,97.0,45.0,,,165.0,41407.0,21.0,890847.0,19337.0,1834517.0,Corporate,1,6,2026-02-13,Low,Yes,Rm_A
C0242,Customer_242,Male,43,Pokhara,Bagmati,Teacher,+2,Unmarried,Acc100243,Current,2026-01-08,Pokhara Branch,197230.0,656,Closed,1144469.0,Education,7.09,2362.0,1093616.0,48895.0,71190.0,47.0,84.0,,,7.0,45632.0,14.0,441344.0,21277.0,1220723.0,Corporate,3,3,2026-01-19,Medium,Yes,Rm_C
C0014,Customer_14,Male,41,Bhaktapur,Koshi,Teacher,Master,Unmarried,Acc100015,Current,2022-02-14,Bhaktapur Branch,47084.0,555,Active,1575828.0,Home,13.18,44918.0,1728608.0,47354.0,100796.0,71.0,36.0,,,97.0,10767.0,13.0,435832.0,22426.0,557776.0,Vip,2,4,2025-11-04,Medium,No,Rm_D
C0316,Customer_316,Female,41,Butwal,Koshi,Engineer,Bachelor,Unmarried,Acc100317,Fixed Deposit,2022-04-26,Biratnagar Branch,81625.0,597,,0.0,Home,7.49,30156.0,1392055.0,11871.0,54183.0,14.0,58.0,,,192.0,48672.0,27.0,771442.0,28303.0,451955.0,Vip,1,3,2025-08-28,Medium,Yes,Rm_B
C0601,Customer_601,Male,47,Butwal,Koshi,Banker,Phd,Married,Acc100602,Fixed Deposit,2024-07-20,Biratnagar Branch,202991.0,825,,0.0,Business,7.49,40470.0,227482.0,41616.0,104966.0,4.0,96.0,,,60.0,35753.0,30.0,428921.0,4799.0,1748542.0,Corporate,1,8,2026-05-08,Medium,Yes,Rm_A
C0388,Customer_388,Male,43,Chitwan,Bagmati,Doctor,Bachelor,Married,Acc100389,Savings,2024-09-29,Lalitpur Branch,125368.0,594,,0.0,Personal,13.83,4847.0,183606.0,26503.0,23195.0,34.0,74.0,,,75.0,34185.0,11.0,179579.0,25734.0,93199.0,Vip,5,9,2025-10-28,High,No,Rm_C
C0274,Customer_274,Female,47,Pokhara,Lumbini,Doctor,Bachelor,Married,Acc100275,Current,2019-12-20,Biratnagar Branch,99838.0,629,Active,976174.0,Vehicle,15.13,25503.0,346190.0,71452.0,70070.0,37.0,80.0,,,4.0,24684.0,28.0,321660.0,18289.0,31135.0,Corporate,3,4,2026-01-28,High,Yes,Rm_D
C0167,Customer_167,Male,61,Chitwan,Gandaki,Business,Master,Unmarried,Acc100168,Savings,2021-03-31,Pokhara Branch,192604.0,604,,0.0,Education,11.89,15869.0,900042.0,72185.0,42558.0,66.0,27.0,,,191.0,1558.0,25.0,426557.0,25065.0,329410.0,Corporate,3,6,2025-10-03,Low,Yes,Rm_D
C0841,Customer_841,Male,59,Bhaktapur,Lumbini,Teacher,Phd,Married,Acc100842,Current,2021-04-22,Biratnagar Branch,76593.0,690,Active,2723805.0,Personal,11.63,38571.0,1306882.0,117674.0,103401.0,20.0,12.0,,,44.0,29087.0,16.0,204208.0,17740.0,972621.0,Vip,2,0,2025-08-09,High,No,Rm_D
C0021,Customer_21,Male,55,Butwal,Bagmati,Teacher,Master,Married,Acc100022,Fixed Deposit,2024-04-29,Lalitpur Branch,77437.0,654,Active,638296.0,Home,15.11,34516.0,867208.0,45604.0,82416.0,27.0,92.0,,,66.0,34283.0,7.0,640803.0,46953.0,427083.0,Vip,4,2,2025-10-04,Medium,No,Rm_A
C0647,Customer_647,Male,61,Pokhara,Koshi,Teacher,+2,Unmarried,Acc100648,Current,2019-10-14,Butwal Branch,75199.0,500,,0.0,Personal,15.47,38565.0,130927.0,18804.0,57563.0,17.0,87.0,,,52.0,2801.0,7.0,720111.0,27210.0,1943648.0,Vip,1,4,2025-09-19,High,Yes,Rm_A
C0819,Customer_819,Male,31,Bhaktapur,Gandaki,Engineer,Phd,Unmarried,Acc100820,Savings,2023-01-07,Chitwan Branch,215756.0,829,Closed,1820101.0,Personal,7.45,39856.0,1291177.0,82922.0,87380.0,42.0,48.0,,,51.0,7120.0,11.0,767433.0,5826.0,1337134.0,Vip,1,8,2026-05-10,Low,Yes,Rm_A
C0485,Customer_485,Male,52,Bhaktapur,Gandaki,Business,Bachelor,Married,Acc100486,Fixed Deposit,2025-01-11,Chitwan Branch,199493.0,743,,0.0,Vehicle,14.7,7840.0,996156.0,56568.0,36631.0,99.0,70.0,,,126.0,40368.0,27.0,233459.0,18538.0,184771.0,Retail,2,7,2025-10-03,Low,Yes,Rm_A
C0505,Customer_505,Male,28,Bhaktapur,Lumbini,Business,Master,Unmarried,Acc100506,Current,2021-06-27,Butwal Branch,126466.0,555,Active,2150065.0,Vehicle,14.66,34045.0,1573887.0,35454.0,31979.0,32.0,79.0,,,93.0,45442.0,6.0,848637.0,10461.0,500713.0,Vip,5,6,2025-06-19,Low,Yes,Rm_B
C0832,Customer_832,Male,43,Biratnagar,Bagmati,Analyst,+2,Married,Acc100833,Savings,2020-12-19,Lalitpur Branch,217289.0,671,Closed,56192.0,Vehicle,6.46,14533.0,1138497.0,30869.0,39397.0,43.0,75.0,,,86.0,26158.0,6.0,306892.0,6956.0,1250930.0,Corporate,4,9,2025-11-23,Medium,No,Rm_D
C0244,Customer_244,Female,26,Pokhara,Gandaki,Analyst,Phd,Married,Acc100245,Fixed Deposit,2025-08-12,Pokhara Branch,166602.0,704,,0.0,Education,6.27,2788.0,1862545.0,122766.0,10602.0,92.0,78.0,,,110.0,14058.0,19.0,934990.0,45850.0,9017.0,Retail,4,0,2026-03-11,Low,Yes,Rm_C
C0567,Customer_567,Female,27,Biratnagar,Koshi,Engineer,Bachelor,Married,Acc100568,Fixed Deposit,2024-03-24,Butwal Branch,28287.0,726,Closed,2629602.0,Education,14.48,24771.0,403368.0,146407.0,56813.0,89.0,89.0,,,120.0,37834.0,17.0,144659.0,17412.0,1679407.0,Vip,1,9,2025-08-05,Low,No,Rm_B
C0876,Customer_876,Male,55,Bhaktapur,Koshi,Analyst,+2,Married,Acc100877,Fixed Deposit,2023-01-21,Chitwan Branch,153276.0,709,Active,2994394.0,Business,13.65,30735.0,1489588.0,35160.0,92206.0,36.0,44.0,,,148.0,35739.0,9.0,528117.0,2591.0,1601124.0,Vip,3,1,2025-07-14,Medium,No,Rm_A
C0563,Customer_563,Male,58,Butwal,Lumbini,Doctor,Phd,Unmarried,Acc100564,Fixed Deposit,2023-06-12,Pokhara Branch,105429.0,628,,0.0,Personal,9.74,10618.0,131590.0,86029.0,12077.0,81.0,15.0,,,43.0,19025.0,5.0,71086.0,7132.0,1817190.0,Corporate,3,6,2026-01-30,High,Yes,Rm_C
C0687,Customer_687,Female,25,Butwal,Bagmati,Teacher,+2,Married,Acc100688,Fixed Deposit,2023-07-31,Bhaktapur Branch,115373.0,671,Closed,256669.0,Business,15.95,43253.0,370230.0,127339.0,95725.0,54.0,43.0,,,194.0,16269.0,3.0,947708.0,44401.0,1086717.0,Retail,5,7,2025-06-17,High,Yes,Rm_A
C0958,Customer_958,Male,65,Bhaktapur,Gandaki,Student,+2,Married,Acc100959,Fixed Deposit,2023-12-06,Butwal Branch,67553.0,839,Closed,327357.0,Personal,10.2,9029.0,481842.0,97873.0,11812.0,46.0,32.0,,,114.0,16481.0,3.0,40189.0,7172.0,900340.0,Retail,1,7,2025-11-23,Medium,No,Rm_C
C0190,Customer_190,Male,35,Biratnagar,Koshi,Engineer,Phd,Married,Acc100191,Savings,2020-04-09,Biratnagar Branch,182333.0,522,,0.0,Business,6.54,41952.0,1365645.0,92589.0,42476.0,7.0,47.0,,,109.0,48553.0,15.0,776463.0,18420.0,1248293.0,Vip,2,9,2025-07-11,Low,No,Rm_B
C0976,Customer_976,Female,33,Pokhara,Gandaki,Analyst,Master,Married,Acc100977,Current,2020-03-03,Chitwan Branch,126091.0,848,Closed,1506864.0,Personal,13.06,22636.0,1264987.0,60442.0,61990.0,96.0,12.0,,,191.0,13503.0,23.0,435012.0,36735.0,833452.0,Retail,5,0,2026-04-09,High,No,Rm_C
C0700,Customer_700,Female,48,Pokhara,Gandaki,Banker,Phd,Unmarried,Acc100701,Savings,2022-01-23,Pokhara Branch,214415.0,771,Closed,758589.0,Personal,12.21,38548.0,1251803.0,99334.0,2192.0,54.0,94.0,,,128.0,13137.0,24.0,12001.0,33475.0,1343397.0,Corporate,5,4,2025-10-24,Medium,Yes,Rm_A
C0511,Customer_511,Female,29,Butwal,Gandaki,Banker,+2,Married,Acc100512,Savings,2023-06-20,Chitwan Branch,183703.0,469,,0.0,Education,6.59,39410.0,848622.0,58702.0,61272.0,36.0,6.0,,,40.0,37106.0,28.0,527407.0,7839.0,896732.0,Vip,4,3,2026-04-04,Low,No,Rm_A
C0475,Customer_475,Female,65,Chitwan,Lumbini,Banker,Master,Unmarried,Acc100476,Savings,2025-08-22,Pokhara Branch,113203.0,726,Closed,2158882.0,Vehicle,9.86,8350.0,1272310.0,29566.0,75881.0,3.0,55.0,,,58.0,42272.0,30.0,462853.0,36632.0,962025.0,Vip,2,4,2025-09-26,Low,Yes,Rm_A
C0857,Customer_857,Female,42,Biratnagar,Bagmati,Doctor,+2,Married,Acc100858,Fixed Deposit,2024-10-09,Chitwan Branch,97157.0,724,Closed,1972578.0,Vehicle,6.71,13565.0,1606031.0,116272.0,34710.0,52.0,26.0,,,164.0,41552.0,12.0,99813.0,46704.0,734925.0,Vip,5,0,2025-12-26,Low,No,Rm_A
C0748,Customer_748,Female,58,Butwal,Gandaki,Teacher,Bachelor,Unmarried,Acc100749,Current,2025-07-30,Butwal Branch,142915.0,706,Active,123170.0,Personal,12.83,20433.0,642433.0,52427.0,92861.0,0.0,7.0,,,32.0,40468.0,9.0,847832.0,31021.0,1346971.0,Vip,2,10,2025-07-08,Low,Yes,Rm_C
C0253,Customer_253,Female,59,Chitwan,Bagmati,Doctor,Bachelor,Married,Acc100254,Savings,2019-11-26,Kathmandu Branch,213485.0,486,Active,2301455.0,Home,10.86,40679.0,1904437.0,33583.0,51945.0,59.0,93.0,,,50.0,46969.0,13.0,183203.0,38389.0,790465.0,Vip,5,8,2025-08-27,Medium,No,Rm_D
C0022,Customer_22,Female,30,Lalitpur,Bagmati,Doctor,+2,Unmarried,Acc100023,Fixed Deposit,2019-12-15,Butwal Branch,173027.0,640,Closed,465846.0,Education,8.35,5570.0,106122.0,124072.0,21727.0,22.0,67.0,,,176.0,21791.0,17.0,797590.0,6757.0,508162.0,Corporate,3,7,2025-10-20,High,Yes,Rm_B
C0460,Customer_460,Female,33,Lalitpur,Gandaki,Banker,Master,Married,Acc100461,Fixed Deposit,2023-02-14,Pokhara Branch,120855.0,482,Closed,2453488.0,Home,10.36,27702.0,698491.0,8420.0,119081.0,43.0,37.0,,,76.0,14105.0,6.0,324792.0,7066.0,829164.0,Retail,1,6,2026-04-24,Medium,Yes,Rm_A
C0277,Customer_277,Female,58,Biratnagar,Gandaki,Doctor,Phd,Married,Acc100278,Current,2019-10-21,Chitwan Branch,68476.0,832,,0.0,Home,6.58,45957.0,1523132.0,133473.0,44951.0,75.0,45.0,,,189.0,31457.0,24.0,666445.0,26573.0,988121.0,Retail,2,9,2026-03-06,Low,No,Rm_A
C0956,Customer_956,Female,42,Bhaktapur,Lumbini,Engineer,Master,Unmarried,Acc100957,Fixed Deposit,2025-07-05,Bhaktapur Branch,161130.0,627,Closed,2893036.0,Business,10.43,46249.0,1897624.0,4644.0,93092.0,59.0,61.0,,,25.0,10123.0,5.0,915247.0,2872.0,1764991.0,Retail,5,9,2026-04-21,High,No,Rm_D
C0386,Customer_386,Female,41,Lalitpur,Koshi,Teacher,Phd,Married,Acc100387,Fixed Deposit,2023-02-04,Chitwan Branch,214261.0,519,Closed,2490607.0,Education,10.19,49249.0,1974667.0,113104.0,93873.0,10.0,59.0,,,11.0,3239.0,3.0,201290.0,30006.0,1326179.0,Corporate,2,3,2026-04-22,Low,Yes,Rm_B
C0806,Customer_806,Male,58,Biratnagar,Lumbini,Banker,Bachelor,Married,Acc100807,Current,2022-11-03,Biratnagar Branch,28194.0,809,Active,175744.0,Education,14.7,39290.0,1723462.0,35530.0,54320.0,82.0,0.0,,,36.0,20933.0,30.0,688250.0,33570.0,52284.0,Retail,1,1,2026-05-13,Medium,Yes,Rm_B
C0344,Customer_344,Female,39,Lalitpur,Bagmati,Business,+2,Unmarried,Acc100345,Fixed Deposit,2022-09-30,Chitwan Branch,34584.0,605,Active,2323469.0,Business,12.41,10393.0,51465.0,58535.0,88870.0,40.0,65.0,,,113.0,22620.0,7.0,969622.0,33412.0,1383873.0,Retail,1,2,2025-08-24,Low,No,Rm_C
C0770,Customer_770,Male,55,Chitwan,Gandaki,Student,Bachelor,Married,Acc100771,Current,2022-04-05,Pokhara Branch,133690.0,479,Closed,2775994.0,Vehicle,11.47,10172.0,689753.0,85217.0,17273.0,94.0,22.0,,,134.0,22029.0,1.0,395436.0,11427.0,1512356.0,Corporate,2,1,2025-09-19,Medium,Yes,Rm_D
C0131,Customer_131,Female,47,Bhaktapur,Koshi,Teacher,Master,Married,Acc100132,Current,2021-06-24,Biratnagar Branch,95717.0,732,,0.0,Home,12.56,21453.0,1918973.0,47355.0,40337.0,54.0,64.0,,,1.0,32233.0,7.0,267686.0,39213.0,27602.0,Retail,3,2,2026-02-26,Medium,Yes,Rm_C
C0872,Customer_872,Male,50,Biratnagar,Bagmati,Doctor,Master,Unmarried,Acc100873,Fixed Deposit,2023-06-21,Pokhara Branch,93274.0,716,,0.0,Personal,6.54,14919.0,873975.0,34368.0,99148.0,39.0,57.0,,,22.0,29706.0,17.0,484236.0,3488.0,1860317.0,Vip,5,9,2026-04-19,Medium,No,Rm_B
C0088,Customer_88,Male,38,Lalitpur,Bagmati,Engineer,Bachelor,Unmarried,Acc100089,Current,2020-12-07,Bhaktapur Branch,93479.0,837,,0.0,Business,13.35,43130.0,47205.0,95179.0,48272.0,56.0,92.0,,,199.0,44945.0,28.0,536336.0,47040.0,627098.0,Corporate,4,8,2026-03-20,Low,Yes,Rm_B
C0331,Customer_331,Male,34,Butwal,Koshi,Doctor,+2,Unmarried,Acc100332,Savings,2020-11-02,Chitwan Branch,189653.0,838,,0.0,Vehicle,9.08,38209.0,1404563.0,86903.0,83394.0,16.0,70.0,,,19.0,42822.0,2.0,15890.0,425.0,987334.0,Corporate,3,7,2026-03-15,Low,No,Rm_A
C0467,Customer_467,Female,57,Chitwan,Gandaki,Teacher,Master,Married,Acc100468,Savings,2024-11-18,Bhaktapur Branch,81546.0,656,,0.0,Education,9.99,20035.0,470834.0,114387.0,6298.0,13.0,47.0,,,37.0,786.0,4.0,567780.0,22030.0,1334094.0,Corporate,1,8,2026-03-09,Low,Yes,Rm_B
C0122,Customer_122,Female,22,Pokhara,Gandaki,Banker,Bachelor,Married,Acc100123,Savings,2024-11-20,Chitwan Branch,241569.0,522,Closed,815445.0,Vehicle,13.34,49492.0,1920395.0,81147.0,15465.0,90.0,7.0,,,20.0,46481.0,3.0,717436.0,24769.0,1815298.0,Retail,2,1,2026-01-31,Medium,No,Rm_B
C0861,Customer_861,Female,55,Butwal,Gandaki,Analyst,Master,Married,Acc100862,Fixed Deposit,2022-03-16,Butwal Branch,39058.0,530,Active,531185.0,Business,15.42,37873.0,595793.0,58984.0,75981.0,47.0,98.0,,,187.0,5294.0,5.0,900530.0,33696.0,1069043.0,Vip,2,3,2025-07-19,Low,No,Rm_B
