Customer_ID,Customer_Name,Gender,Age,City,Province,Occupation,Education_Level,Marital_Status,Account_Number,Account_Type,Account_Open_Date,Branch_Name,Monthly_Income,Credit_Score,Loan_Status,Loan_Amount,Loan_Type,Interest_Rate,EMI_Amount,Account_Balance,Monthly_Deposit,Monthly_Withdrawal,Debit_Card_Usage,Credit_Card_Usage,Online_Banking_Usage,Mobile_Banking_Usage,Transaction_Count,Average_Transaction,ATM_Visits,FD_Amount,Insurance_Premium,Investment_Amount,Customer_Segment,Customer_Satisfaction,Complaint_Count,Last_Transaction_Date,Risk_Category,Churn_Status,Relationship_Manager
C0353,Customer_353,Male,27,Pokhara,Lumbini,Doctor,Bachelor,Unmarried,ACC100354,Fixed Deposit,2022-01-25 08:21:16.275,Bhaktapur Branch,172028,762,Closed,1338258,Education,14.29,17490,642211,53402,66256,44,69,Yes,No,168,35897,3,53152,27747,583957,Retail,1,8,2025-08-01 08:21:16.275,Medium,Yes,RM_A
C0690,Customer_690,Male,36,Biratnagar,Lumbini,Banker,Bachelor,Unmarried,ACC100691,Savings,2023-11-23 08:21:16.323,Butwal Branch,151816,773,Closed,-3888930.0,Education,14.19,23324,1286022,146994,106539,71,43,No,Yes,75,24768,29,328958,19666,926683,Retail,3,2,2026-02-08 08:21:16.323,Medium,Yes,RM_A
C0486,Customer_486,Female,31,Bhaktapur,Koshi,Doctor,+2,Unmarried,ACC100487,Fixed Deposit,2022-02-24 08:21:16.294,Lalitpur Branch,66106,510,Closed,1152270,Education,14.65,24689,838581,137181,22030,7,55,No,No,50,44444,20,665902,10538,961168,VIP,2,7,2026-03-11 08:21:16.294,High,No,RM_A
C0389,Customer_389,Male,25,Butwal,Bagmati,Doctor,+2,Married,ACC100390,Savings,2025-12-20 08:21:16.280,Lalitpur Branch,57375,757,,0,Education,13.29,24717,1974207,13286,4123,81,51,Yes,Yes,12,31453,11,351977,18282,266943,Retail,1,6,2026-06-01 08:21:16.280,Low,Yes,RM_D
C0032,Customer_32,Female,59,  lalitpur  ,Gandaki,Banker,PhD,Married,ACC100033,SAVINGS,2023-09-14 08:21:16.229,Biratnagar Branch,29947,696,Closed,1929008,Education,8.13,11897,154622,45444,1330,32,85,Yes,No,162,10099,9,222987,24143,325623,Retail,2,4,2025-10-23 08:21:16.229,High,No,RM_A
C0443,Customer_443,Male,48,Chitwan,Gandaki,Engineer,Master,Unmarried,ACC100444,Savings,2019-10-02 08:21:16.287,Kathmandu Branch,93665,471,Closed,1870505,Vehicle,7.27,7704,732470,33478,28932,17,21,Yes,Yes,104,37462,21,293767,26237,1747429,Corporate,2,5,2025-11-25 08:21:16.287,Low,Yes,RM_B
C0199,Customer_199,Female,46,Butwal,Bagmati,Doctor,Master,Unmarried,ACC100200,Fixed Deposit,2026-03-23 08:21:16.254,Pokhara Branch,67202 NPR,704,,0,Vehicle,6.22,35256,"NPR 1,925,148.00",55690,14536,85,96,No,Yes,33,16865,17,747806,49915,1058515,VIP,2,2,2025-09-18 08:21:16.254,High,Yes,RM_C
C0426,Customer_426,Female,51,Bhaktapur,Gandaki,Teacher,,Unmarried,ACC100427,Current,2021-08-22 08:21:16.285,Lalitpur Branch,236630,539,Closed,1969793,Home,7.36,30818,325480,63652,64007,41,53,Yes,Yes,91,45443,24,294587,10803,1152873,Retail,2,10,2026-01-29 08:21:16.285,Medium,No,RM_D
C0108,Customer_108,Female,24,Lalitpur,Bagmati,Doctor,Master,Unmarried,ACC100109,Fixed Deposit,2020-10-04 08:21:16.241,Pokhara Branch,105997 NPR,711,Closed,976393,Education,15.29,46104,"NPR 199,863.00",58951,80146,30,61,Yes,Yes,199,30529,16,542491,40703,1633696,Corporate,2,8,2025-12-13 08:21:16.241,High,Yes,RM_B
C0715,Customer_715,Female,33,Chitwan,Bagmati,  ,Master,Married,ACC100716,Fixed Deposit,2025-08-11 08:21:16.326,Pokhara Branch,246558,677,Active,537125,Vehicle,15.25,38878,1830519,87845,85737,85,48,No,Yes,115,6619,19,723603,34250,1025042,VIP,5,5,2025-10-15 08:21:16.326,Low,Yes,RM_C
C0553,Customer_553,Female,56,Pokhara,Lumbini,Engineer,Master,Married,ACC100554,Current,2025-02-06 08:21:16.306,Butwal Branch,146422,670,,0,Business,14.24,12910,816934,12038,55502,65,52,Yes,No,133,40083,7,415867,39365,412450,Corporate,2,8,2026-04-03 08:21:16.306,Low,No,RM_D
C0676,Customer_676,Female,26,Butwal,Gandaki,Doctor,Master,Married,ACC100677,Fixed Deposit,2022-08-10 08:21:16.321,Bhaktapur Branch,228381,626,Closed,2698599,Vehicle,9.59,47776,761309,37448,114697,81,57,No,No,85,24950,10,934976,26497,1181975,VIP,4,4,2025-09-21 08:21:16.321,Low,No,RM_A
C0159,Customer_159,Male,42,Bhaktapur,Gandaki,Analyst,Master,Unmarried,ACC100160,Savings,2024-01-05 08:21:16.247,Butwal Branch,247763,-999,Closed,2107765,Vehicle,7.74,28178,1641377,64472,13880,73,18,No,Yes,80,19087,21,99123,12199,578355,Corporate,5,3,2026-04-02 08:21:16.247,High,Yes,RM_B
C0476,Customer_476,Female,50,Kathmandu,Gandaki,Teacher,Bachelor,Married,ACC100477,Current,2025-03-23 08:21:16.293,Butwal Branch,34510,787,Active,2804433,Education,6.18,31851,676153,40585,42245,47,29,No,No,11,42027,21,576104,28957,1952080,VIP,4,10,2025-10-22 08:21:16.293,Low,No,RM_B
C0424,Customer_424,Male,31,Pokhara,Gandaki,Banker,PhD,Unmarried,ACC100425,Fixed Deposit,2025-01-25 08:21:16.285,Biratnagar Branch,245999,740,Closed,2730662,Personal,11.92,5824,1134347,76716,107305,30,41,No,No,60,44526,25,33463,349,326598,Retail,5,1,2025-09-10 08:21:16.285,Medium,No,RM_A
C0211,Customer_211,Male,55,Butwal,Lumbini,Banker,+2,Unmarried,ACC100212,Fixed Deposit,2022-05-03 08:21:16.256,Butwal Branch,162227 NPR,614,Active,156598,Home,6.55,46861,"NPR 1,296,843.00",99953,52004,61,85,No,Yes,125,9711,1,215387,47211,1125753,VIP,5,7,2026-03-20 08:21:16.256,Medium,No,RM_A
C0618,Customer_618,Female,23,Pokhara,Lumbini,Teacher,+2,Married,ACC100619,Current,2023-06-30 08:21:16.314,Pokhara Branch,221239 NPR,798,Closed,1538323,Home,12.6,2315,"NPR 572,940.00",110297,33924,56,60,Yes,No,45,17396,2,31188,14319,423524,VIP,2,0,2025-08-22 08:21:16.314,High,No,RM_A
C0484,Customer_484,Male,51,Kathmandu,Gandaki,Teacher,+2,Married,ACC100485,Current,2020-10-01 08:21:16.294,Pokhara Branch,91470,765,Closed,1620988,Home,7.23,14985,872644,81446,37470,12,58,No,No,6,1292,25,719977,30976,307038,VIP,2,5,2026-05-16 08:21:16.294,High,No,RM_C
C0885,Customer_885,Male,64,Biratnagar,Lumbini,Analyst,+2,Married,ACC100886,Savings,2020-01-16 08:21:16.349,Chitwan Branch,118294,-999,,0,Personal,6.63,39391,232168,116280,115533,24,7,Yes,No,142,34767,0,597538,6086,557615,Corporate,1,10,2025-10-06 08:21:16.349,Low,No,RM_A
C0651,Customer_651,Male,58,Butwal,Gandaki,Teacher,Bachelor,Married,ACC100652,Fixed Deposit,2025-10-06 08:21:16.318,Kathmandu Branch,45811,-999,Closed,2111605,Education,8.67,40854,1602408,27143,75096,52,94,No,Yes,112,19363,18,442657,37951,1235917,Corporate,2,10,2025-10-18 08:21:16.318,High,No,RM_C
C0245,Customer_245,Male,140,Chitwan,Lumbini,Student,+2,Unmarried,ACC100246,Fixed Deposit,2024-05-08 08:21:16.260,Chitwan Branch,133446,783,Closed,1796010,Personal,11.93,10834,711849,64899,108125,7,78,No,No,134,28489,17,998521,45876,528862,Retail,2,9,2026-03-27 08:21:16.260,Low,Yes,RM_D
C0848,Customer_848,Male,59,Lalitpur,Lumbini,Engineer,+2,Unmarried,ACC100849,Fixed Deposit,2020-07-23 08:21:16.345,Bhaktapur Branch,34517,679,Active,1891694,Home,13.24,25680,75357,92075,26518,8,59,No,No,138,40091,13,74875,46958,1369662,VIP,5,9,2025-06-25 08:21:16.345,Low,Yes,RM_B
C0983,Customer_983,Female,47,Kathmandu,Gandaki,Engineer,Master,Married,ACC100984,Savings,2020-12-07 08:21:16.362,Bhaktapur Branch,117825,829,Active,1111785,Education,8.08,26921,1204089,20367,112397,20,64,No,No,84,28892,29,204051,20919,387074,Retail,1,7,2026-01-18 08:21:16.362,High,No,RM_C
C0829,Customer_829,Female,35,Lalitpur,Bagmati,Teacher,Bachelor,Married,ACC100830,Current,2020-06-27 08:21:16.342,Kathmandu Branch,115542,707,Closed,1327498,Business,9.28,22893,1619270,77331,7713,4,47,No,Yes,138,46592,12,486454,2889,404521,Retail,5,9,2025-10-07 08:21:16.342,Low,Yes,RM_B
C0571,Customer_571,Female,37,Butwal,Gandaki,Teacher,PhD,Unmarried,ACC100572,Current,2023-10-29 08:21:16.309,Lalitpur Branch,64821 NPR,753,Closed,1432670,Business,14.39,23451,"NPR 1,149,809.00",42934,25903,83,62,Yes,No,140,2794,14,446160,46517,542706,Corporate,3,0,2025-08-10 08:21:16.309,Medium,Yes,RM_C
C0060,Customer_60,Male,38,Lalitpur,Lumbini,Engineer,Bachelor,Married,ACC100061,Fixed Deposit,2019-11-26 08:21:16.233,Chitwan Branch,89479 NPR,698,,0,Personal,7.71,39641,"NPR 1,673,663.00",65742,56114,70,89,No,Yes,194,15059,12,954042,28265,339704,Retail,1,0,2026-05-07 08:21:16.233,High,Yes,RM_A
C0291,Customer_291,Female,55,Butwal,Lumbini,Doctor,Bachelor,Married,ACC100292,Fixed Deposit,2025/31/12,Pokhara Branch,37909,544,Active,2755099,Home,9.74,38274,1655847,61355,34193,82,15,No,No,42,6919,25,892941,1670,1086829,Corporate,1,0,2026-02-14 08:21:16.266,High,No,RM_D
C0071,Customer_71,Female,46,Chitwan,Lumbini,Analyst,Master,Married,ACC100072,Savings,2026-03-27 08:21:16.235,Kathmandu Branch,113557 NPR,701,Active,2959102,Vehicle,11.1,49169,"NPR 1,097,927.00",27386,38933,77,63,Yes,No,199,18196,15,833108,34651,1516316,VIP,3,4,2025-06-30 08:21:16.235,High,Yes,RM_A
C0345,Customer_345,Male,44,  biratnagar  ,Bagmati,Analyst,+2,Unmarried,ACC100346,SAVINGS,2024-06-24 08:21:16.273,Butwal Branch,230669,559,Active,847972,Vehicle,7.88,44896,1383555,58836,64728,92,32,No,No,89,21810,29,78474,22155,1020494,Retail,5,9,2025-07-29 08:21:16.273,High,Yes,RM_C
C0185,Customer_185,Female,29,Pokhara,Gandaki,Student,,Unmarried,ACC100186,Current,2021-08-29 08:21:16.252,Pokhara Branch,170553,511,Active,716592,Business,11.07,43862,1464943,91262,98653,95,9,No,No,1,33696,11,577384,13969,1779412,Retail,4,7,2026-06-10 08:21:16.252,High,Yes,RM_B
C0142,Customer_142,Male,26,  bhaktapur  ,Bagmati,Teacher,Bachelor,Married,ACC100143,FIXED DEPOSIT,2024-05-15 08:21:16.245,Kathmandu Branch,216864,519,,0,Business,14.41,26529,271072,39638,29611,42,65,Yes,No,69,42593,12,883707,414,1501596,Corporate,4,9,2026-01-08 08:21:16.245,High,No,RM_D
C0391,Customer_391,Female,28,Bhaktapur,Koshi,Engineer,Master,Unmarried,ACC100392,Fixed Deposit,2020-05-27 08:21:16.280,Chitwan Branch,82358,611,Closed,1981510,Vehicle,6.83,17010,919049,113719,51184,55,58,Yes,Yes,88,32977,26,490881,40879,380851,Corporate,3,8,2026-03-17 08:21:16.280,Medium,Yes,RM_D
C0492,Customer_492,Male,24,Biratnagar,Lumbini,Teacher,Bachelor,Unmarried,ACC100493,Current,2022-12-05 08:21:16.296,Kathmandu Branch,194386,619,,0,Home,8.14,5761,1500284,86560,47846,88,36,Yes,Yes,102,47764,19,446940,1960,1770377,Retail,5,5,2025-09-15 08:21:16.296,Low,Yes,RM_C
C0827,Customer_827,Male,63,Chitwan,Lumbini,Unknown,+2,Unmarried,ACC100828,Current,2022-07-26 08:21:16.342,Lalitpur Branch,238024,829,Active,1588506,Personal,12.72,15178,897234,148949,12611,49,73,Yes,No,19,21722,26,37353,40660,164414,VIP,1,7,2026-06-02 08:21:16.342,Low,No,RM_D
C0102,Customer_102,Female,33,Kathmandu,Gandaki,Business,PhD,Married,ACC100103,Savings,2021-08-22 08:21:16.240,Pokhara Branch,32933 NPR,600,Closed,634701,Business,6.47,26345,"NPR 128,819.00",31939,24599,61,70,No,No,58,18893,0,48508,46382,1506908,VIP,5,0,2026-03-25 08:21:16.240,High,Yes,RM_B
C0750,Customer_750,Male,25,  lalitpur  ,Bagmati,Doctor,PhD,Married,ACC100751,FIXED DEPOSIT,2021-04-25 08:21:16.330,Chitwan Branch,226063,760,,0,Business,15.72,27594,1455997,31427,85370,88,3,No,Yes,102,37923,9,923176,43275,259005,Retail,1,2,2026-05-31 08:21:16.330,High,No,RM_C
C0552,Customer_552,Male,63,Kathmandu,Koshi,Business,+2,Married,ACC100553,Current,2020-04-18 08:21:16.306,Pokhara Branch,242443,700,Active,460943,Home,8.81,22910,141483,104524,74613,74,50,No,Yes,59,32005,25,441492,1479,1864504,VIP,5,6,2026-05-15 08:21:16.306,Medium,No,RM_C
C0307,Customer_307,Male,55,Butwal,Bagmati,Business,PhD,Unmarried,ACC100308,Savings,2025/31/12,Bhaktapur Branch,211503,679,,0,Business,10.68,48362,916443,44838,7379,97,69,No,No,59,49691,17,404221,17146,558545,Retail,3,8,2025-08-14 08:21:16.269,High,No,RM_A
C0987,Customer_987,Male,56,Lalitpur,Lumbini,Business,Master,Married,ACC100988,Fixed Deposit,2019-10-24 08:21:16.362,Chitwan Branch,222686 NPR,508,,0,Personal,11.42,28354,"NPR 1,719,872.00",91000,117318,28,76,No,Yes,131,6072,25,322724,38627,1295587,Corporate,5,10,2025-11-04 08:21:16.362,High,No,RM_A
C0322,Customer_322,Male,-1,Bhaktapur,Gandaki,Student,+2,Unmarried,ACC100323,Savings,2025-09-15 08:21:16.270,Kathmandu Branch,139702,819,Closed,2696441,Home,10.57,10476,683542,54700,49341,26,98,Yes,Yes,115,13162,9,621986,33072,1956815,VIP,2,10,2025-07-20 08:21:16.270,Low,Yes,RM_B
C0800,Customer_800,Male,55,Pokhara,Lumbini,Banker,+2,Unmarried,ACC100801,Savings,2025/31/12,Biratnagar Branch,242711,482,Closed,345953,Education,11.0,15612,1701132,54216,14756,37,96,No,No,99,44441,15,481052,12996,902796,Retail,4,0,2025-07-09 08:21:16.338,High,No,RM_C
C0731,Customer_731,Female,21,Kathmandu,Bagmati,Banker,PhD,Married,ACC100732,Current,2026-05-07 08:21:16.328,Lalitpur Branch,162928,686,Active,2395631,Personal,11.41,19568,395175,11292,77975,37,77,No,Yes,131,33357,10,792039,49432,59844,VIP,5,7,2025-06-28 08:21:16.328,High,Yes,RM_B
C0678,Customer_678,Male,61,Bhaktapur,Lumbini,Engineer,PhD,Unmarried,ACC100679,Current,2024-11-18 08:21:16.321,Biratnagar Branch,132345,537,Active,-107778.0,Education,11.6,23890,507342,35098,8721,67,68,No,Yes,57,38696,22,909401,18278,753337,VIP,2,10,2026-03-07 08:21:16.321,Medium,Yes,RM_B
C0654,Customer_654,Male,58,Biratnagar,Koshi,Student,PhD,Unmarried,ACC100655,Current,2021-05-05 08:21:16.318,Bhaktapur Branch,48473,531,Closed,360925,Home,15.2,43157,229603,29778,94124,16,32,No,Yes,63,33991,1,932495,40707,1988580,VIP,3,7,2025-08-10 08:21:16.318,High,No,RM_B
C0077,Customer_77,Female,51,Lalitpur,Koshi,Analyst,PhD,Unmarried,ACC100078,Current,2022-11-11 08:21:16.235,Bhaktapur Branch,57227 NPR,840,Active,150694,Home,6.74,7159,"NPR 281,276.00",145409,82738,90,61,No,No,89,27367,11,253445,29653,59377,VIP,3,6,2025-07-17 08:21:16.235,High,Yes,RM_A
C0193,Customer_193,Male,21,  pokhara  ,Lumbini,Banker,PhD,Married,ACC100194,SAVINGS,2022-12-02 08:21:16.253,Bhaktapur Branch,37991,542,Closed,1800255,Education,6.78,5084,1724779,36671,103312,37,91,Yes,Yes,15,42167,28,113763,3639,147319,Corporate,4,0,2026-03-03 08:21:16.253,Medium,Yes,RM_B
C0087,Customer_87,Male,24,Pokhara,Bagmati,Doctor,,Unmarried,ACC100088,Savings,2022-07-05 08:21:16.236,Lalitpur Branch,138465,834,,0,Business,12.55,36203,1279095,99360,32330,0,57,Yes,No,184,43826,13,417517,19863,369092,VIP,4,8,2026-04-29 08:21:16.236,Low,Yes,RM_A
C0459,Customer_459,Male,65,Chitwan,Lumbini,Business,PhD,Unmarried,ACC100460,Current,2023-07-29 08:21:16.289,Pokhara Branch,144153,692,Active,772787,Personal,6.41,23791,1030715,130621,77533,27,93,Yes,No,124,31217,21,888858,34113,1404290,Retail,5,8,2025-12-09 08:21:16.289,High,No,RM_A
C0440,Customer_440,Male,32,Chitwan,Gandaki,Teacher,PhD,Unmarried,ACC100441,Current,2022-03-19 08:21:16.287,Lalitpur Branch,223701 NPR,479,Closed,2219626,Vehicle,9.32,22912,"NPR 930,753.00",79385,36157,81,90,Yes,Yes,26,12950,2,359776,2795,1279680,Retail,4,2,2026-02-11 08:21:16.287,Low,Yes,RM_D
C0919,Customer_919,Female,51,  kathmandu  ,Bagmati,Teacher,+2,Unmarried,ACC100920,CURRENT,2023-11-22 08:21:16.354,Pokhara Branch,205401,629,Closed,2845242,Personal,11.35,43960,596394,105897,22376,2,20,Yes,Yes,163,44509,1,399464,26373,699303,Retail,5,5,2026-03-09 08:21:16.354,Medium,Yes,RM_A
C0661,Customer_661,Male,32,Pokhara,Koshi,Engineer,+2,Married,ACC100662,Fixed Deposit,2026-01-15 08:21:16.319,Butwal Branch,79239 NPR,714,,0,Business,7.09,11962,"NPR 793,973.00",75778,6385,10,6,No,Yes,20,42077,10,292400,10390,1565105,VIP,2,1,2025-11-17 08:21:16.319,Low,Yes,RM_B
C0310,Customer_310,Female,36,Biratnagar,Koshi,Analyst,Master,Unmarried,ACC100311,Current,2021-04-10 08:21:16.269,Lalitpur Branch,186131,-999,,0,Home,10.29,19836,855300,26017,5631,27,16,No,Yes,97,26713,3,544282,39160,358786,Retail,3,5,2025-12-13 08:21:16.269,Medium,No,RM_C
C0744,Customer_744,Female,52,Kathmandu,Bagmati,Teacher,PhD,Married,ACC100745,Current,2025-12-09 08:21:16.329,Bhaktapur Branch,205238,504,,0,Business,15.74,5482,640665,76999,55580,97,16,No,No,147,48543,17,508976,45892,959997,Corporate,4,0,2025-09-17 08:21:16.329,Low,No,RM_A
C0874,Customer_874,Male,27,Butwal,Bagmati,Student,+2,Unmarried,ACC100875,Fixed Deposit,2022-11-05 08:21:16.348,Kathmandu Branch,50196,552,Active,1004466,Vehicle,13.45,39244,1024089,106775,109656,5,73,No,No,68,952,9,928870,38722,646284,Corporate,5,8,2025-12-20 08:21:16.348,Medium,No,RM_D
C0399,Customer_399,Female,39,Lalitpur,Koshi,Engineer,Master,Unmarried,ACC100400,Current,2025/31/12,Kathmandu Branch,132024,539,Active,2681817,Home,12.1,5758,523535,48119,22611,47,96,Yes,No,57,43207,4,104499,36936,4215,VIP,2,8,2025-06-15 08:21:16.282,Medium,No,RM_D
C0617,Customer_617,Male,59,Chitwan,Gandaki,Teacher,PhD,Married,ACC100618,Savings,2022-11-05 08:21:16.314,Butwal Branch,230077,837,,0,Business,6.49,8680,561930,117617,73153,40,79,Yes,Yes,54,38882,4,343446,22747,1120433,Corporate,3,8,2026-04-29 08:21:16.314,Medium,Yes,RM_C
C0050,Customer_50,Female,51,  lalitpur  ,Bagmati,Business,+2,Unmarried,ACC100051,SAVINGS,2025-05-29 08:21:16.231,Butwal Branch,200217,578,Active,2842293,Home,13.69,37793,1187192,44559,42077,12,81,Yes,No,151,20811,5,997965,48889,1043780,Corporate,4,5,2025-08-12 08:21:16.231,Low,Yes,RM_C
C0200,Customer_200,Male,55,  biratnagar  ,Bagmati,Teacher,PhD,Married,ACC100201,CURRENT,2022-08-29 08:21:16.254,Bhaktapur Branch,159359,593,Closed,299102,Vehicle,10.28,34433,121639,102284,41892,64,44,No,No,41,19346,25,846221,25107,1065221,VIP,1,2,2025-11-05 08:21:16.254,Medium,No,RM_C
C0599,Customer_599,Female,32,Biratnagar,Gandaki,Banker,Bachelor,Unmarried,ACC100600,Savings,2020-04-12 08:21:16.312,Pokhara Branch,170699,702,,0,Education,9.69,34895,152652,30652,100329,10,54,Yes,Yes,11,26236,18,202621,34637,161554,VIP,5,8,2025-07-01 08:21:16.312,Low,No,RM_B
C0970,Customer_970,Female,45,Lalitpur,Lumbini,Doctor,Master,Married,ACC100971,Current,2024-11-20 08:21:16.360,Lalitpur Branch,173716,661,Active,2697885,Business,13.01,31446,1034868,141161,45747,46,70,Yes,No,86,11979,28,650208,30072,220826,VIP,3,0,2026-03-14 08:21:16.360,Medium,No,RM_A
C0883,Customer_883,Male,62,Pokhara,Bagmati,Engineer,+2,Married,ACC100884,Current,2025-02-27 08:21:16.349,Lalitpur Branch,82021,704,,0,Home,7.53,38204,854147,94123,12775,27,34,No,Yes,109,46893,8,14074,39036,425195,Corporate,1,2,2026-05-14 08:21:16.349,Low,No,RM_B
C0429,Customer_429,Female,29,Pokhara,Lumbini,Teacher,Master,Unmarried,ACC100430,Fixed Deposit,2025/31/12,Chitwan Branch,73541,818,Closed,2644317,Vehicle,8.72,35417,907778,37403,84694,22,57,Yes,Yes,131,12105,12,310985,31242,1160093,Corporate,5,10,2025-10-07 08:21:16.286,High,No,RM_D
C0498,Customer_498,Female,55,Biratnagar,Gandaki,Student,+2,Married,ACC100499,Fixed Deposit,2024-07-27 08:21:16.297,Chitwan Branch,36277,485,Closed,980419,Home,9.59,18121,507002,39917,31269,51,56,No,No,112,37693,24,990738,36985,1498698,VIP,2,1,2026-05-26 08:21:16.297,Low,No,RM_D
C0604,Customer_604,Female,58,Kathmandu,Koshi,Banker,Bachelor,Unmarried,ACC100605,Current,2025/31/12,Bhaktapur Branch,39632,458,,0,Education,13.43,34658,524546,93062,60536,27,62,No,Yes,144,36094,17,552436,19585,1804267,Corporate,1,1,2026-04-23 08:21:16.313,Medium,Yes,RM_D
C0011,Customer_11,Female,26,Lalitpur,Gandaki,Doctor,PhD,Unmarried,ACC100012,Savings,2022-04-08 08:21:16.226,Kathmandu Branch,223691 NPR,488,Closed,822176,Vehicle,6.38,42989,"NPR 1,906,315.00",100511,23595,8,44,No,Yes,49,35936,12,821216,41949,469379,VIP,3,7,2025-11-19 08:21:16.226,High,No,RM_D
C0889,Customer_889,Male,45,Kathmandu,Koshi,Teacher,Master,Married,ACC100890,Current,2022-04-16 08:21:16.350,Butwal Branch,96316,726,,0,Business,11.87,21849,885285,103502,113817,40,6,Yes,Yes,67,39880,29,768461,6214,588917,Corporate,3,5,2025-12-22 08:21:16.350,High,No,RM_B
C0671,Customer_671,Female,31,  pokhara  ,Koshi,Teacher,Bachelor,Unmarried,ACC100672,FIXED DEPOSIT,2024-07-01 08:21:16.320,Biratnagar Branch,104402,704,Closed,948111,Vehicle,6.46,11268,1356988,78435,54857,63,41,Yes,Yes,21,30544,27,26490,34430,1900940,Corporate,4,3,2025-12-12 08:21:16.320,Medium,No,RM_B
C0938,Customer_938,Male,59,Butwal,Gandaki,Student,+2,Unmarried,ACC100939,Savings,2024-12-14 08:21:16.356,Kathmandu Branch,165706,522,Active,1222021,Personal,13.87,43200,1899172,91697,90172,89,76,No,Yes,134,46682,20,99530,47162,68314,Corporate,5,3,2026-05-20 08:21:16.356,Medium,Yes,RM_D
C0929,Customer_929,Male,45,Lalitpur,Koshi,Banker,Master,Married,ACC100930,Savings,2025-09-22 08:21:16.355,Bhaktapur Branch,139747,680,,0,Education,9.34,44963,814504,56009,28735,98,52,Yes,No,97,878,4,660235,42133,507343,Corporate,3,2,2025-09-07 08:21:16.355,Medium,No,RM_A
C0558,Customer_558,Male,54,  chitwan  ,Lumbini,Doctor,+2,Married,ACC100559,SAVINGS,2025-01-31 08:21:16.307,Pokhara Branch,205105,783,Closed,1708651,Business,14.43,32763,1119619,148443,6388,94,24,Yes,No,82,7503,25,834104,20175,548305,Corporate,5,2,2026-03-04 08:21:16.307,Low,Yes,RM_A
C0637,Customer_637,Male,49,Biratnagar,Koshi,Analyst,Bachelor,Married,ACC100638,Savings,2022-08-05 08:21:16.316,Biratnagar Branch,39811 NPR,690,,0,Personal,12.11,48613,"NPR 907,050.00",85567,29711,13,37,No,No,42,4445,28,656571,8365,1483702,Corporate,1,8,2026-02-09 08:21:16.316,High,No,RM_D
C0834,Customer_834,Male,43,Bhaktapur,Bagmati,Doctor,+2,Unmarried,ACC100835,Current,2021-03-29 08:21:16.343,Kathmandu Branch,236135,841,,0,Home,9.19,43322,1604988,17138,37319,92,95,No,No,182,17682,18,188685,47206,1342562,Corporate,3,4,2026-04-02 08:21:16.343,Medium,No,RM_B
C0372,Customer_372,Male,20,Chitwan,Gandaki,Analyst,Bachelor,Unmarried,ACC100373,Current,2022-05-14 08:21:16.277,Butwal Branch,133994 NPR,826,Closed,121779,Personal,6.66,41579,"NPR 1,784,328.00",131471,42579,14,87,Yes,No,170,29432,30,725634,13085,659395,Corporate,1,4,2025-11-21 08:21:16.277,Medium,Yes,RM_B
C0835,Customer_835,Female,41,Bhaktapur,Gandaki,Doctor,Bachelor,Unmarried,ACC100836,Current,2025-06-20 08:21:16.343,Bhaktapur Branch,38124,672,Closed,74260,Business,10.34,46634,716959,13104,70150,53,84,No,Yes,18,12782,6,787226,26135,711314,Corporate,5,7,2025-11-07 08:21:16.343,Medium,No,RM_A
C0583,Customer_583,Male,59,Kathmandu,Koshi,Doctor,Master,Married,ACC100584,Current,2021-12-17 08:21:16.310,Chitwan Branch,56772,520,Closed,2283032,Education,6.4,24035,1506539,56160,89224,39,96,Yes,Yes,123,33471,13,693379,33152,926813,Retail,5,3,2026-01-12 08:21:16.310,Medium,No,RM_C
C0334,Customer_334,Male,59,  kathmandu  ,Gandaki,Banker,Master,Unmarried,ACC100335,FIXED DEPOSIT,2025-04-22 08:21:16.272,Chitwan Branch,173355,625,,0,Vehicle,14.57,11995,687693,118719,102761,45,67,No,Yes,96,38310,0,348705,48694,145065,Retail,3,8,2025-07-28 08:21:16.272,High,Yes,RM_A
C0946,Customer_946,Male,44,Bhaktapur,Gandaki,Engineer,Master,Married,ACC100947,Current,2021-07-25 08:21:16.357,Kathmandu Branch,126080,647,Active,2998966,Education,7.28,44416,640835,103620,2056,14,40,Yes,No,52,13037,29,124427,8710,1649111,Retail,3,6,2026-02-17 08:21:16.357,Low,Yes,RM_C
C0211,Customer_211,Male,55,Butwal,Lumbini,Banker,+2,Unmarried,ACC100212,Fixed Deposit,2022-05-03 08:21:16.256,Butwal Branch,162227 NPR,614,Active,156598,Home,6.55,46861,"NPR 1,296,843.00",99953,52004,61,85,No,Yes,125,9711,1,215387,47211,1125753,VIP,5,7,2026-03-20 08:21:16.256,Medium,No,RM_A
C0320,Customer_320,Female,47,Bhaktapur,Koshi,Doctor,+2,Married,ACC100321,Fixed Deposit,2022-11-15 08:21:16.270,Butwal Branch,103944 NPR,792,,0,Education,11.96,38767,"NPR 217,578.00",34790,54263,26,92,No,Yes,129,31105,18,996816,44128,570852,VIP,1,8,2025-10-12 08:21:16.270,Medium,No,RM_D
C0458,Customer_458,Female,47,Biratnagar,Bagmati,Student,Master,Married,ACC100459,Current,2026-03-05 08:21:16.289,Lalitpur Branch,77083,817,,0,Home,7.96,22992,1742003,52845,91551,91,12,Yes,No,148,12545,15,922914,35413,685502,Retail,5,8,2026-01-17 08:21:16.289,Low,Yes,RM_D
C0089,Customer_89,Male,33,Lalitpur,Lumbini,  ,+2,Unmarried,ACC100090,Current,2021-12-30 08:21:16.237,Chitwan Branch,129191,645,Closed,497182,Home,12.0,25541,1608120,58015,692,2,100,No,No,118,2376,29,609452,39690,1086760,VIP,2,6,2025-09-25 08:21:16.237,High,No,RM_D
C0880,Customer_880,Female,34,Lalitpur,Bagmati,Banker,+2,Unmarried,ACC100881,Savings,2022-10-20 08:21:16.349,Lalitpur Branch,147685 NPR,574,,0,Personal,12.73,30967,"NPR 1,613,668.00",30242,93833,37,39,No,Yes,84,18158,1,584978,32889,1441276,Retail,4,6,2025-12-09 08:21:16.349,High,No,RM_B
C0351,Customer_351,Male,28,  butwal  ,Koshi,Doctor,PhD,Unmarried,ACC100352,FIXED DEPOSIT,2020-04-30 08:21:16.274,Kathmandu Branch,39510,769,Active,608104,Personal,7.41,40060,1411518,81195,89453,52,38,No,Yes,36,29089,2,335190,6562,485787,VIP,2,5,2025-12-19 08:21:16.275,Low,No,RM_D
C0219,Customer_219,Female,25,Chitwan,Koshi,Unknown,Bachelor,Unmarried,ACC100220,Current,2023-01-13 08:21:16.257,Bhaktapur Branch,195812,622,,0,Personal,13.26,13956,349620,84678,96684,35,38,Yes,Yes,136,6137,26,518239,8742,1270950,Retail,5,8,2025-11-05 08:21:16.257,Low,Yes,RM_D
C0414,Customer_414,Male,36,Butwal,Lumbini,Banker,Bachelor,Unmarried,ACC100415,Savings,2021-07-07 08:21:16.284,Kathmandu Branch,246081,559,Closed,158104,Vehicle,7.19,29579,295047,74182,119756,98,90,No,Yes,130,37202,27,731805,26916,1956047,VIP,2,2,2026-05-08 08:21:16.284,Low,No,RM_D
C0278,Customer_278,Male,36,Pokhara,Koshi,Engineer,PhD,Married,ACC100279,Fixed Deposit,2021-01-19 08:21:16.265,Bhaktapur Branch,229951 NPR,556,Closed,2466755,Vehicle,12.62,31294,"NPR 1,694,170.00",73118,45070,26,40,No,No,160,7898,5,708868,8916,252630,Corporate,5,1,2026-02-16 08:21:16.265,Medium,No,RM_A
C0960,Customer_960,Female,46,Butwal,Gandaki,Student,,Unmarried,ACC100961,Fixed Deposit,2020-01-17 08:21:16.359,Kathmandu Branch,182406,488,,0,Home,9.38,36831,486865,14379,23967,67,95,Yes,Yes,118,4382,25,359571,5903,699028,Corporate,1,10,2025-06-26 08:21:16.359,High,No,RM_D
C0926,Customer_926,Male,24,  pokhara  ,Lumbini,Engineer,Master,Married,ACC100927,SAVINGS,2022-09-21 08:21:16.354,Bhaktapur Branch,191687,843,,0,Home,11.45,27033,704672,117633,90161,30,46,No,No,120,40527,21,581447,22520,1478816,VIP,1,10,2026-05-24 08:21:16.355,Medium,Yes,RM_C
C0214,Customer_214,Female,46,  pokhara  ,Bagmati,Teacher,PhD,Unmarried,ACC100215,SAVINGS,2026-03-14 08:21:16.256,Bhaktapur Branch,90794,780,,0,Education,9.79,46753,1702206,110302,75674,66,18,Yes,Yes,45,28135,15,488240,21202,622822,Corporate,2,10,2026-03-10 08:21:16.256,Medium,Yes,RM_D
C0097,Customer_97,Male,62,Kathmandu,Bagmati,Engineer,PhD,Unmarried,ACC100098,Fixed Deposit,2024-12-17 08:21:16.238,Biratnagar Branch,130449 NPR,781,Active,2055219,Education,8.04,39164,"NPR 85,672.00",102472,7262,23,79,No,Yes,123,5040,26,963065,25431,1528230,Corporate,3,1,2025-11-18 08:21:16.238,High,No,RM_C
C0079,Customer_79,Male,42,  biratnagar  ,Gandaki,Analyst,PhD,Unmarried,ACC100080,FIXED DEPOSIT,2022-02-11 08:21:16.235,Chitwan Branch,34755,622,Closed,506321,Business,6.95,31526,1024385,54565,12973,3,17,Yes,Yes,194,32928,18,782403,40590,380313,Retail,4,0,2025-06-23 08:21:16.235,High,Yes,RM_D
C0704,Customer_704,Male,39,Kathmandu,Gandaki,Engineer,+2,Unmarried,ACC100705,Savings,2024-09-03 08:21:16.325,Chitwan Branch,140904,770,Closed,2050693,Personal,14.73,24119,48121,126821,88767,63,9,Yes,No,28,1588,2,340341,28897,1881106,Retail,5,10,2025-11-10 08:21:16.325,Low,No,RM_C
C0137,Customer_137,Male,22,Kathmandu,Bagmati,Engineer,+2,Unmarried,ACC100138,Savings,2021-11-07 08:21:16.244,Biratnagar Branch,151926 NPR,648,,0,Vehicle,15.12,11270,"NPR 1,465,998.00",111064,104769,12,30,Yes,No,47,42771,22,151385,40374,402036,VIP,5,8,2025-11-25 08:21:16.244,High,Yes,RM_D
C0209,Customer_209,Female,49,  bhaktapur  ,Bagmati,Business,Master,Unmarried,ACC100210,CURRENT,2024-12-17 08:21:16.255,Lalitpur Branch,218976,783,,0,Vehicle,9.38,5926,1378068,116033,5028,82,76,No,Yes,177,4333,5,305709,42031,1045603,Retail,4,8,2026-05-24 08:21:16.255,Medium,No,RM_B
C0523,Customer_523,Female,60,Kathmandu,Lumbini,N/A,+2,Married,ACC100524,Savings,2022-04-13 08:21:16.300,Biratnagar Branch,146116,577,Closed,1477191,Education,13.03,48928,39455,31722,93716,22,5,No,Yes,75,26114,3,626800,48456,1914508,VIP,5,5,2025-07-14 08:21:16.300,High,Yes,RM_C
C0838,Customer_838,Male,53,Butwal,Bagmati,Business,Master,Married,ACC100839,Savings,2025-04-27 08:21:16.344,Lalitpur Branch,49856 NPR,491,,0,Business,13.8,39224,"NPR 898,845.00",10675,114866,50,38,No,Yes,138,24609,24,259980,47901,146176,Retail,5,6,2026-04-25 08:21:16.344,Medium,Yes,RM_B
C0733,Customer_733,Female,64,Bhaktapur,Lumbini,Banker,PhD,Married,ACC100734,Current,2025-02-01 08:21:16.328,Kathmandu Branch,187480,695,Closed,532599,Home,9.27,17209,908217,13393,51381,80,50,Yes,No,161,42520,0,790477,30613,1403309,Corporate,3,2,2026-01-22 08:21:16.328,Medium,Yes,RM_A
C0569,Customer_569,Female,59,Butwal,Lumbini,Teacher,Bachelor,Unmarried,ACC100570,Savings,2025-05-11 08:21:16.308,Kathmandu Branch,229448,463,,0,Home,9.88,7447,830524,54562,109768,95,65,No,No,121,36190,16,568373,30880,1238892,Corporate,1,4,2026-03-05 08:21:16.308,Low,No,RM_A
C0261,Customer_261,Female,23,Butwal,Koshi,Doctor,,Married,ACC100262,Fixed Deposit,2021-05-29 08:21:16.261,Chitwan Branch,238913,734,Active,1838620,Education,7.92,46023,720949,64987,42038,27,52,Yes,Yes,162,41018,5,631059,38246,1816671,Retail,1,10,2026-02-22 08:21:16.261,Low,No,RM_A
C0468,Customer_468,Female,58,Pokhara,Lumbini,Banker,+2,Unmarried,ACC100469,Current,2020-09-26 08:21:16.291,Butwal Branch,205677,533,,0,Vehicle,6.87,22321,815530,97768,31839,53,18,Yes,Yes,66,42757,29,780993,3918,683677,Retail,3,6,2026-05-29 08:21:16.291,Low,No,RM_B
C0040,Customer_40,Female,21,Pokhara,Gandaki,Unknown,+2,Married,ACC100041,Savings,2020-04-25 08:21:16.230,Pokhara Branch,112253,743,Active,418147,Home,10.73,36850,1887900,139283,114345,89,81,No,Yes,101,40943,8,321987,49405,1571208,VIP,1,4,2026-05-02 08:21:16.230,Low,Yes,RM_D
C0031,Customer_31,Male,64,Butwal,Lumbini,Banker,+2,Married,ACC100032,Savings,2024-11-21 08:21:16.229,Lalitpur Branch,149055 NPR,536,Closed,2851381,Business,14.45,9277,"NPR 1,228,048.00",50026,44012,82,32,Yes,No,185,4560,3,44875,38688,1466565,VIP,5,5,2026-05-17 08:21:16.229,Low,Yes,RM_C
C0698,Customer_698,Male,22,Lalitpur,Koshi,Doctor,PhD,Married,ACC100699,Fixed Deposit,2020-09-01 08:21:16.324,Pokhara Branch,238566,-999,Active,2617946,Vehicle,12.54,32974,721981,73601,47230,21,97,No,Yes,127,5459,16,746741,35277,379673,Corporate,3,9,2026-01-06 08:21:16.324,Low,Yes,RM_B
C0452,Customer_452,Female,54,Lalitpur,Gandaki,N/A,Bachelor,Married,ACC100453,Fixed Deposit,2020-05-28 08:21:16.289,Kathmandu Branch,174583,516,Closed,2407800,Vehicle,9.49,33637,678812,109349,35581,43,35,Yes,Yes,157,18166,19,215302,29148,1061222,VIP,4,6,2025-06-18 08:21:16.289,Low,Yes,RM_B
C0055,Customer_55,Male,65,Bhaktapur,Koshi,Analyst,+2,Married,ACC100056,Fixed Deposit,2026-01-24 08:21:16.232,Lalitpur Branch,181543 NPR,765,Closed,2650317,Business,12.89,32432,"NPR 343,431.00",36626,65292,56,4,Yes,No,117,27096,2,231584,7959,799026,Retail,2,6,2026-02-19 08:21:16.232,Medium,Yes,RM_A
C0024,Customer_24,Female,34,Chitwan,Bagmati,Business,PhD,Married,ACC100025,Fixed Deposit,2021-12-21 08:21:16.228,Lalitpur Branch,242688 NPR,607,Active,2870729,Personal,12.15,47171,"NPR 928,719.00",27068,22492,81,5,Yes,No,18,15672,19,907429,1108,1231038,VIP,3,10,2025-07-05 08:21:16.228,Medium,No,RM_C
C0514,Customer_514,Female,43,Chitwan,Gandaki,Analyst,+2,Married,ACC100515,Fixed Deposit,2021-04-17 08:21:16.299,Kathmandu Branch,194366 NPR,461,Active,95585,Business,11.99,18741,"NPR 808,170.00",73651,97705,38,72,No,No,153,36776,4,116407,33266,1604409,Retail,2,9,2026-03-07 08:21:16.299,Low,No,RM_A
C0114,Customer_114,Male,29,Kathmandu,Gandaki,Analyst,PhD,Married,ACC100115,Fixed Deposit,2022-05-17 08:21:16.241,Pokhara Branch,94559,529,,0,Personal,9.27,6047,1650419,59733,35486,29,97,Yes,Yes,68,9114,22,586955,46241,778845,Corporate,1,6,2026-01-13 08:21:16.241,Low,No,RM_A
C0110,Customer_110,Male,38,Kathmandu,Lumbini,Business,PhD,Married,ACC100111,Fixed Deposit,2025/31/12,Chitwan Branch,94196,536,Closed,1303536,Home,7.34,42223,1185592,65670,81359,66,54,Yes,No,144,39938,18,543236,17348,145126,Corporate,5,1,2026-02-07 08:21:16.241,Medium,Yes,RM_C
C0507,Customer_507,Female,45,Butwal,Lumbini,Student,Master,Unmarried,ACC100508,Savings,2020-01-04 08:21:16.298,Chitwan Branch,114733,837,Closed,1497898,Home,6.17,7505,967103,100245,10620,39,87,Yes,Yes,115,21456,12,430293,24325,343625,VIP,3,5,2025-12-12 08:21:16.298,Medium,No,RM_B
C0967,Customer_967,Male,29,Kathmandu,Gandaki,Doctor,Master,Unmarried,ACC100968,Current,2025-12-20 08:21:16.360,Bhaktapur Branch,76700,518,Closed,2673746,Education,8.73,36370,348066,144733,94158,27,3,No,Yes,20,21366,2,768362,2800,1425776,VIP,5,4,2026-02-22 08:21:16.360,Medium,No,RM_B
C0950,Customer_950,Male,59,Chitwan,Koshi,Engineer,PhD,Unmarried,ACC100951,Current,2023-04-27 08:21:16.357,Biratnagar Branch,198839,632,,0,Home,6.24,30426,1106254,45141,82433,15,59,Yes,No,123,42141,6,415690,15762,421987,Retail,1,5,2025-11-09 08:21:16.357,High,No,RM_D
C0004,Customer_4,Female,22,Chitwan,Gandaki,Doctor,Bachelor,Unmarried,ACC100005,Current,2025/31/12,Lalitpur Branch,79470,632,Closed,1978505,Personal,8.85,25827,1625226,142412,61372,58,22,No,Yes,137,18701,16,918753,19080,705472,VIP,5,2,2025-09-07 08:21:16.225,Low,No,RM_B
C0276,Customer_276,Male,62,Lalitpur,Bagmati,N/A,+2,Unmarried,ACC100277,Savings,2025-12-14 08:21:16.264,Kathmandu Branch,35355,699,,0,Home,6.82,31376,820279,147161,17861,21,18,No,No,38,8129,4,688298,34199,1907638,Retail,4,3,2025-06-26 08:21:16.264,Medium,Yes,RM_D
C0657,Customer_657,Male,35,  pokhara  ,Bagmati,Business,+2,Unmarried,ACC100658,CURRENT,2021-11-30 08:21:16.319,Bhaktapur Branch,112953,743,Active,1814520,Education,8.7,44813,1352579,4734,3945,90,32,Yes,Yes,104,24505,11,377548,46335,1853141,VIP,5,9,2025-10-09 08:21:16.319,Low,Yes,RM_D
C0785,Customer_785,Male,43,Biratnagar,Gandaki,Analyst,Bachelor,Married,ACC100786,Fixed Deposit,2024-05-20 08:21:16.336,Chitwan Branch,152664,544,Closed,2839072,Personal,15.44,39656,1159435,20143,18947,0,60,No,No,189,29502,25,468641,44681,1608911,VIP,3,6,2025-10-23 08:21:16.336,Medium,No,RM_A
C0855,Customer_855,Male,50,Kathmandu,Bagmati,Engineer,PhD,Married,ACC100856,Fixed Deposit,2023-12-19 08:21:16.345,Kathmandu Branch,187697,696,Active,947069,Education,8.85,32143,1037189,34732,113427,93,45,Yes,Yes,153,14724,15,579606,29253,1546476,Corporate,3,4,2026-04-15 08:21:16.346,Medium,No,RM_A
C0760,Customer_760,Female,31,Bhaktapur,Koshi,Analyst,PhD,Unmarried,ACC100761,Fixed Deposit,2024-03-10 08:21:16.331,Pokhara Branch,210154,684,,0,Home,14.91,47843,1407462,93312,79740,2,70,Yes,Yes,161,37368,8,586118,13275,1204322,VIP,5,8,2026-02-10 08:21:16.331,High,Yes,RM_D
C0797,Customer_797,Female,20,Chitwan,Koshi,Engineer,Bachelor,Married,ACC100798,Fixed Deposit,2025/31/12,Biratnagar Branch,248003,650,Closed,2291502,Home,9.72,13306,1740911,106905,119704,0,67,Yes,Yes,27,39734,30,927225,27145,873015,Corporate,5,7,2025-08-06 08:21:16.338,Low,No,RM_B
C0903,Customer_903,Female,48,Butwal,Bagmati,Business,Master,Unmarried,ACC100904,Savings,2019-08-18 08:21:16.352,Biratnagar Branch,68227 NPR,831,Active,81816,Personal,7.82,35676,"NPR 1,246,933.00",79651,108094,96,4,No,No,52,8181,27,155427,11735,1287962,Corporate,3,5,2026-02-19 08:21:16.352,Low,No,RM_A
C0395,Customer_395,Male,20,Bhaktapur,Bagmati,Doctor,Bachelor,Married,ACC100396,Current,2025-01-27 08:21:16.281,Lalitpur Branch,208632,646,,0,Personal,10.67,41817,1431666,103356,89196,88,28,Yes,Yes,126,33284,26,944359,30216,1393372,VIP,2,5,2026-02-09 08:21:16.281,High,Yes,RM_C
C0487,Customer_487,Male,54,Bhaktapur,Gandaki,Analyst,PhD,Married,ACC100488,Savings,2025-11-22 08:21:16.294,Chitwan Branch,35995,543,,-0.0,Personal,9.13,48546,557832,19744,89996,81,52,Yes,Yes,168,21500,22,387659,19422,183190,VIP,3,7,2025-12-26 08:21:16.294,Low,No,RM_B
C0615,Customer_615,Male,20,Kathmandu,Bagmati,Teacher,Master,Married,ACC100616,Fixed Deposit,2020-02-27 08:21:16.314,Butwal Branch,126424,763,Active,622411,Business,8.42,34693,1255886,16236,54793,88,90,No,No,48,21686,11,76764,22375,1220021,Corporate,2,6,2025-12-28 08:21:16.314,High,Yes,RM_D
C0878,Customer_878,Female,59,Lalitpur,Bagmati,Teacher,+2,Married,ACC100879,Current,2025-04-11 08:21:16.348,Butwal Branch,235846,698,,0,Personal,14.72,43345,1829020,12442,70281,80,80,No,No,187,10759,2,93753,19262,475522,Retail,1,8,2025-09-12 08:21:16.348,Low,Yes,RM_D
C0175,Customer_175,Female,48,Pokhara,Gandaki,Banker,Master,Married,ACC100176,Current,2023-03-21 08:21:16.248,Lalitpur Branch,77786 NPR,470,Active,911842,Education,7.88,38529,"NPR 700,859.00",64998,25817,8,87,Yes,No,149,40193,12,922666,27425,1259947,Corporate,4,2,2026-06-11 08:21:16.248,High,No,RM_D
C0918,Customer_918,Female,58,Kathmandu,Gandaki,Student,,Unmarried,ACC100919,Current,2026-05-13 08:21:16.354,Bhaktapur Branch,54571,591,,0,Personal,13.82,9206,520373,39415,4816,76,52,No,No,125,44513,9,293191,2545,1520241,Retail,1,2,2025-06-18 08:21:16.354,High,Yes,RM_D
C0059,Customer_59,Male,24,Kathmandu,Bagmati,Student,+2,Unmarried,ACC100060,Savings,2023-02-01 08:21:16.233,Biratnagar Branch,61081,680,Closed,869435,Home,10.69,33253,553725,117016,69411,12,85,No,Yes,169,5929,16,291391,11614,490346,Corporate,5,0,2026-01-10 08:21:16.233,High,Yes,RM_B
C0266,Customer_266,Female,45,Chitwan,Gandaki,Business,,Unmarried,ACC100267,Fixed Deposit,2023-06-03 08:21:16.262,Pokhara Branch,107025,654,Closed,91338,Personal,14.36,9649,906423,112403,95774,86,42,Yes,Yes,155,30672,19,299657,30622,340257,VIP,1,2,2025-08-05 08:21:16.262,Low,No,RM_A
C0064,Customer_64,Male,65,Butwal,Lumbini,N/A,PhD,Unmarried,ACC100065,Savings,2021-12-11 08:21:16.233,Kathmandu Branch,243194,609,Active,2491416,Vehicle,14.55,44465,553186,117877,20286,31,90,Yes,No,36,10528,4,129451,22873,1279631,VIP,5,9,2025-10-05 08:21:16.233,High,No,RM_B
C0790,Customer_790,Female,33,Butwal,Lumbini,Student,PhD,Unmarried,ACC100791,Current,2025/31/12,Chitwan Branch,88597,509,,0,Personal,8.92,33412,1458899,100883,67879,47,98,No,Yes,95,26920,18,855609,2605,1467441,Corporate,1,4,2026-06-12 08:21:16.337,High,Yes,RM_B
C0262,Customer_262,Male,56,Kathmandu,Koshi,Analyst,Bachelor,Unmarried,ACC100263,Savings,2025-11-05 08:21:16.262,Biratnagar Branch,135899 NPR,671,Closed,989361,Home,15.73,22348,"NPR 318,003.00",106398,31782,22,77,No,No,199,3489,0,852106,2067,1579549,Corporate,5,4,2026-05-12 08:21:16.262,Medium,No,RM_D
C0101,Customer_101,Male,63,Butwal,Gandaki,Engineer,PhD,Unmarried,ACC100102,Savings,2022-12-17 08:21:16.239,Lalitpur Branch,30799,718,Closed,1594981,Education,10.26,14111,905857,148882,104805,73,37,Yes,No,140,35212,22,542440,11428,1013489,Corporate,5,1,2025-10-20 08:21:16.239,Low,Yes,RM_D
C0925,Customer_925,Male,37,Butwal,Koshi,Analyst,Master,Married,ACC100926,Current,2022-08-10 08:21:16.354,Biratnagar Branch,214840 NPR,563,Active,186917,Vehicle,12.9,6210,"NPR 1,662,884.00",135893,55686,84,16,No,Yes,131,39491,4,899460,45307,675266,Retail,2,9,2026-06-07 08:21:16.354,High,Yes,RM_B
C0300,Customer_300,Male,54,Chitwan,Lumbini,Doctor,Master,Unmarried,ACC100301,Current,2024-06-07 08:21:16.267,Pokhara Branch,196605 NPR,453,Active,1678638,Personal,14.37,13884,"NPR 702,429.00",145016,4523,50,88,No,No,154,45488,9,663633,14682,1145168,Corporate,1,7,2025-11-07 08:21:16.267,Medium,No,RM_B
C0616,Customer_616,Male,61,Bhaktapur,Gandaki,Analyst,Bachelor,Married,ACC100617,Savings,2024-04-07 08:21:16.314,Kathmandu Branch,197443,457,,0,Education,11.02,42414,1959407,65892,42666,64,57,Yes,No,126,47492,2,269852,48913,1631810,VIP,5,9,2025-09-19 08:21:16.314,Low,Yes,RM_A
C0179,Customer_179,Female,56,Pokhara,Lumbini,Student,Bachelor,Unmarried,ACC100180,Current,2022-03-27 08:21:16.251,Lalitpur Branch,240869,773,Active,218316,Home,14.65,37441,717083,46653,763,49,35,Yes,No,72,16820,14,59317,4454,1749565,Retail,5,0,2026-04-20 08:21:16.251,Medium,Yes,RM_B
C0934,Customer_934,Female,37,Bhaktapur,Gandaki,Student,PhD,Married,ACC100935,Fixed Deposit,2023-12-26 08:21:16.356,Butwal Branch,144979,533,,0,Education,7.76,34495,939736,15866,112749,59,72,Yes,No,116,26850,4,378553,33143,975317,Corporate,2,0,2025-09-30 08:21:16.356,Low,Yes,RM_D
C0779,Customer_779,Female,25,Kathmandu,Lumbini,Student,PhD,Unmarried,ACC100780,Current,2023-12-11 08:21:16.335,Pokhara Branch,103511,690,Closed,1401518,Home,12.56,41639,793832,104432,39738,39,80,Yes,Yes,178,23314,9,555854,48088,719990,Retail,5,7,2025-12-17 08:21:16.335,Low,No,RM_A
C0140,Customer_140,Male,62,Pokhara,Lumbini,Banker,+2,Married,ACC100141,Fixed Deposit,2021-04-03 08:21:16.245,Biratnagar Branch,125971 NPR,769,Active,2540677,Home,6.43,17212,"NPR 828,022.00",7700,11440,59,49,No,No,161,20861,0,558415,43075,669823,Retail,4,6,2025-11-28 08:21:16.245,High,No,RM_C
C0804,Customer_804,Female,20,Lalitpur,Bagmati,Teacher,+2,Married,ACC100805,Fixed Deposit,2021-07-18 08:21:16.339,Biratnagar Branch,27657,451,Closed,2170838,Education,7.09,22873,613377,101387,6916,44,4,No,No,46,10831,14,673260,21916,1571234,Corporate,1,1,2025-09-24 08:21:16.339,High,Yes,RM_D
C0169,Customer_169,Female,25,Chitwan,Koshi,Business,,Married,ACC100170,Current,2024-09-16 08:21:16.248,Butwal Branch,134756,589,Closed,1720801,Home,8.85,17204,550785,130480,90377,68,9,No,No,5,2597,3,745691,44630,1284718,VIP,3,3,2026-03-03 08:21:16.248,Medium,Yes,RM_D
C0067,Customer_67,Female,63,Lalitpur,Bagmati,N/A,PhD,Unmarried,ACC100068,Fixed Deposit,2025-06-16 08:21:16.233,Chitwan Branch,30344,460,Closed,1469327,Home,6.23,30618,1955175,147656,9037,49,8,Yes,No,3,40611,20,85454,43445,211897,VIP,2,0,2025-10-01 08:21:16.233,Medium,No,RM_A
C0257,Customer_257,Female,21,Butwal,Gandaki,Unknown,PhD,Unmarried,ACC100258,Savings,2020-10-22 08:21:16.261,Butwal Branch,241347,733,Active,2225904,Home,13.03,3919,1281149,61898,64506,5,7,No,No,81,23330,30,484589,34868,1224282,VIP,5,8,2026-03-06 08:21:16.261,High,Yes,RM_B
C0068,Customer_68,Female,20,Lalitpur,Bagmati,N/A,Master,Unmarried,ACC100069,Current,2025-11-18 08:21:16.233,Biratnagar Branch,25073,583,Active,2943494,Vehicle,12.72,6548,653730,28871,93456,47,29,Yes,Yes,175,20956,8,722993,1122,812830,VIP,2,5,2025-08-06 08:21:16.234,Low,Yes,RM_D
C0987,Customer_987,Male,56,Lalitpur,Lumbini,Business,Master,Married,ACC100988,Fixed Deposit,2019-10-24 08:21:16.362,Chitwan Branch,222686 NPR,508,,0,Personal,11.42,28354,"NPR 1,719,872.00",91000,117318,28,76,No,Yes,131,6072,25,322724,38627,1295587,Corporate,5,10,2025-11-04 08:21:16.362,High,No,RM_A
C0013,Customer_13,Female,34,Chitwan,Bagmati,Analyst,+2,Unmarried,ACC100014,Savings,2022-07-01 08:21:16.226,Bhaktapur Branch,70745,718,Active,1289387,Education,8.29,17870,1109310,1795,31198,27,80,Yes,No,1,9707,18,480497,20943,994588,Corporate,2,3,2026-05-04 08:21:16.226,High,Yes,RM_A
C0532,Customer_532,Male,27,Biratnagar,Bagmati,Banker,Master,Married,ACC100533,Current,2021-03-17 08:21:16.301,Pokhara Branch,224703,522,Closed,1026199,Education,11.97,23312,828078,101069,74835,87,92,No,Yes,111,16399,8,931233,12230,1162185,Retail,4,7,2025-12-15 08:21:16.301,High,Yes,RM_D
C0320,Customer_320,Female,47,Bhaktapur,Koshi,Doctor,+2,Married,ACC100321,Fixed Deposit,2022-11-15 08:21:16.270,Butwal Branch,103944 NPR,792,,0,Education,11.96,38767,"NPR 217,578.00",34790,54263,26,92,No,Yes,129,31105,18,996816,44128,570852,VIP,1,8,2025-10-12 08:21:16.270,Medium,No,RM_D
C0985,Customer_985,Male,46,Lalitpur,Bagmati,Student,PhD,Unmarried,ACC100986,Fixed Deposit,2022-11-01 08:21:16.362,Butwal Branch,68665,567,Closed,70599,Vehicle,13.13,18739,1374755,34372,21025,6,51,No,Yes,57,45807,4,550956,13132,458262,VIP,5,5,2026-02-11 08:21:16.362,Low,No,RM_B
C0867,Customer_867,Female,36,Kathmandu,Lumbini,Student,Master,Married,ACC100868,Savings,2022-09-15 08:21:16.347,Butwal Branch,170782 NPR,548,Active,515542,Personal,13.3,14106,"NPR 159,401.00",126138,5473,83,3,No,No,124,43617,23,722467,14928,1590576,Corporate,3,0,2025-12-09 08:21:16.347,Low,Yes,RM_C
C0577,Customer_577,Female,28,Butwal,Bagmati,Engineer,Bachelor,Married,ACC100578,Fixed Deposit,2019-08-20 08:21:16.309,Butwal Branch,99270,759,Active,157955,Personal,9.53,47855,1676462,131062,99281,60,7,Yes,No,94,41537,16,583972,29672,1106879,VIP,1,0,2025-08-27 08:21:16.309,Medium,Yes,RM_C
C0335,Customer_335,Male,45,Bhaktapur,Gandaki,Teacher,PhD,Unmarried,ACC100336,Current,2024-01-19 08:21:16.272,Chitwan Branch,31470,468,,0,Vehicle,14.32,37349,1857814,111088,87636,85,22,Yes,No,176,41260,22,972916,591,318421,Retail,5,1,2025-10-18 08:21:16.272,High,Yes,RM_D
C0287,Customer_287,Female,45,Biratnagar,Lumbini,Banker,Master,Unmarried,ACC100288,Current,2025/31/12,Bhaktapur Branch,145199,795,Active,498081,Education,14.64,30297,1635195,93726,55268,74,9,Yes,Yes,101,15944,22,949707,19869,1718131,Corporate,3,6,2025-11-23 08:21:16.266,Medium,No,RM_A
C0912,Customer_912,Male,26,Bhaktapur,Gandaki,Doctor,PhD,Married,ACC100913,Current,2022-10-25 08:21:16.353,Chitwan Branch,92873,762,,0,Vehicle,10.88,41912,1511881,35774,80670,6,58,No,No,96,36359,6,304957,7497,734711,VIP,1,8,2026-03-25 08:21:16.353,Low,Yes,RM_D
C0324,Customer_324,Male,22,Biratnagar,Koshi,Student,+2,Unmarried,ACC100325,Fixed Deposit,2025/31/12,Kathmandu Branch,208817,520,Active,1293734,Vehicle,15.77,26629,646221,50520,47297,95,16,Yes,No,170,24821,17,266441,14902,1064472,Retail,2,5,2025-10-02 08:21:16.271,Medium,No,RM_C
C0891,Customer_891,Female,31,Kathmandu,Gandaki,Analyst,Bachelor,Unmarried,ACC100892,Savings,2025-04-19 08:21:16.350,Butwal Branch,110284,530,Active,438574,Education,10.35,5400,660423,107235,109024,33,3,No,No,103,7167,24,111721,42492,669834,Corporate,5,6,2025-09-17 08:21:16.350,High,Yes,RM_B
C0537,Customer_537,Male,53,  lalitpur  ,Gandaki,Teacher,PhD,Married,ACC100538,CURRENT,2024-12-12 08:21:16.302,Biratnagar Branch,164546,770,Active,1423805,Home,8.45,21754,1955632,118881,100820,57,6,Yes,Yes,188,13952,2,638228,36520,1915459,Corporate,3,5,2025-06-16 08:21:16.302,Low,Yes,RM_D
C0693,Customer_693,Female,65,Pokhara,Koshi,Doctor,+2,Married,ACC100694,Fixed Deposit,2023-12-06 08:21:16.323,Biratnagar Branch,34635 NPR,818,,0,Home,14.86,46067,"NPR 161,615.00",12218,19483,17,54,Yes,Yes,135,29229,4,931279,28550,1834597,Corporate,4,8,2026-04-04 08:21:16.323,Medium,Yes,RM_C
C0650,Customer_650,Male,42,Pokhara,Koshi,Teacher,Bachelor,Married,ACC100651,Fixed Deposit,2024-10-18 08:21:16.318,Kathmandu Branch,229383,-999,Active,224914,Personal,13.25,37996,1263248,21188,48015,72,91,Yes,Yes,104,40195,14,387221,40151,1338794,Corporate,2,4,2026-04-27 08:21:16.318,High,Yes,RM_A
C0529,Customer_529,Male,56,Pokhara,Bagmati,Analyst,,Married,ACC100530,Fixed Deposit,2021-12-05 08:21:16.301,Kathmandu Branch,119588,782,Active,2336644,Vehicle,15.83,17203,600163,89101,107152,4,71,Yes,Yes,163,5628,6,3498,37365,1044302,Retail,2,4,2026-03-19 08:21:16.301,High,Yes,RM_D
C0514,Customer_514,Female,43,Chitwan,Gandaki,Analyst,+2,Married,ACC100515,Fixed Deposit,2021-04-17 08:21:16.299,Kathmandu Branch,194366 NPR,461,Active,95585,Business,11.99,18741,"NPR 808,170.00",73651,97705,38,72,No,No,153,36776,4,116407,33266,1604409,Retail,2,9,2026-03-07 08:21:16.299,Low,No,RM_A
C0586,Customer_586,Male,29,Kathmandu,Bagmati,Business,PhD,Married,ACC100587,Current,2025-05-21 08:21:16.310,Chitwan Branch,33949,708,,0,Home,9.85,22176,1065992,112809,23897,10,4,No,No,89,5537,22,128908,30306,1649341,Corporate,5,9,2025-12-06 08:21:16.310,Low,No,RM_C
C0003,Customer_3,Male,53,  biratnagar  ,Koshi,Doctor,PhD,Married,ACC100004,CURRENT,2021-05-23 08:21:16.225,Bhaktapur Branch,207540,760,Active,973879,Business,9.88,28641,1880586,30104,110062,71,62,No,Yes,98,16963,21,134148,39789,433356,Retail,4,7,2025-12-13 08:21:16.225,Low,Yes,RM_B
C0446,Customer_446,Female,30,Lalitpur,Lumbini,Business,,Unmarried,ACC100447,Savings,2022-10-18 08:21:16.288,Biratnagar Branch,103105,529,,0,Home,10.54,19525,1568458,76178,64634,68,66,No,No,42,39655,13,623527,45410,152842,VIP,3,8,2026-04-05 08:21:16.288,High,Yes,RM_A
C0238,Customer_238,Female,29,Bhaktapur,Koshi,Student,,Married,ACC100239,Current,2023-11-18 08:21:16.259,Lalitpur Branch,53597,490,,0,Personal,12.33,40181,493876,48144,83919,2,9,No,No,5,39007,12,903074,6080,270463,VIP,5,10,2025-11-05 08:21:16.259,Low,Yes,RM_A
C0496,Customer_496,Female,42,  chitwan  ,Bagmati,Student,PhD,Married,ACC100497,CURRENT,2019-12-14 08:21:16.297,Biratnagar Branch,28872,520,Active,2328789,Education,10.17,28583,1209787,16183,22194,30,34,Yes,Yes,162,39899,22,282538,36135,230173,Corporate,3,7,2025-12-13 08:21:16.297,High,No,RM_B
C0782,Customer_782,Male,41,Chitwan,Bagmati,Business,+2,Married,ACC100783,Fixed Deposit,2020-01-05 08:21:16.335,Biratnagar Branch,162035,709,Active,1374120,Education,14.28,19220,1215339,33337,91153,43,1,Yes,Yes,94,12142,20,371238,39172,1557155,Retail,5,2,2025-07-30 08:21:16.336,Medium,No,RM_B
C0328,Customer_328,Male,37,Butwal,Koshi,Unknown,+2,Married,ACC100329,Current,2021-07-06 08:21:16.271,Chitwan Branch,49052,450,Active,763747,Personal,14.21,29191,749976,67278,54637,97,98,No,No,121,32255,17,119645,24296,1450703,Corporate,5,10,2025-06-27 08:21:16.271,Low,Yes,RM_B
C0548,Customer_548,Female,24,Biratnagar,Gandaki,Business,Master,Unmarried,ACC100549,Fixed Deposit,2024-03-01 08:21:16.305,Butwal Branch,248486,730,Closed,2494896,Vehicle,13.2,26367,704458,118714,23393,11,92,Yes,No,119,27623,25,915216,37892,1667427,Corporate,3,2,2025-08-22 08:21:16.305,Medium,Yes,RM_A
C0859,Customer_859,Female,56,Lalitpur,Koshi,Teacher,Bachelor,Married,ACC100860,Fixed Deposit,2025-04-07 08:21:16.346,Butwal Branch,52564,701,Closed,682452,Education,12.97,35298,1674388,37882,74367,10,86,No,Yes,1,41228,14,562404,38677,1290364,VIP,4,8,2026-05-05 08:21:16.346,Medium,No,RM_B
C0530,Customer_530,Female,51,Lalitpur,Lumbini,Doctor,,Unmarried,ACC100531,Fixed Deposit,2021-06-23 08:21:16.301,Pokhara Branch,100017,653,Active,524021,Business,9.76,23821,1671785,35222,45433,42,84,Yes,No,90,48690,12,241306,49521,714147,Retail,1,3,2026-06-06 08:21:16.301,High,Yes,RM_D
C0347,Customer_347,Male,41,Lalitpur,Koshi,Student,PhD,Married,ACC100348,Current,2019-12-20 08:21:16.274,Kathmandu Branch,166923 NPR,641,Active,2375828,Vehicle,7.3,31607,"NPR 1,565,365.00",41503,80126,11,25,Yes,No,98,43687,26,849132,31969,1461306,Corporate,2,8,2025-08-14 08:21:16.274,High,Yes,RM_B
C0884,Customer_884,Male,54,Pokhara,Lumbini,Doctor,PhD,Unmarried,ACC100885,Savings,2023-08-22 08:21:16.349,Butwal Branch,94704 NPR,641,Closed,2714346,Business,15.38,8128,"NPR 1,882,839.00",104478,30391,74,16,No,Yes,132,13053,27,606803,27844,1336873,Retail,5,0,2025-12-12 08:21:16.349,Low,Yes,RM_D
C0584,Customer_584,Male,29,Kathmandu,Gandaki,Student,,Unmarried,ACC100585,Fixed Deposit,2022-04-29 08:21:16.310,Bhaktapur Branch,161783,752,Closed,2436497,Business,8.03,21484,177828,72955,21726,84,73,No,No,168,38480,10,145591,49747,904622,VIP,3,1,2026-01-07 08:21:16.310,High,Yes,RM_A
C0594,Customer_594,Male,31,Butwal,Gandaki,Engineer,Master,Unmarried,ACC100595,Fixed Deposit,2024-07-04 08:21:16.311,Chitwan Branch,179745,506,,0,Personal,13.47,40934,1368496,21554,71493,42,70,Yes,Yes,80,1759,25,709192,16237,1537338,Corporate,2,2,2025-12-03 08:21:16.311,Low,Yes,RM_B
C0588,Customer_588,Female,22,Butwal,Gandaki,Banker,+2,Unmarried,ACC100589,Savings,2025/31/12,Chitwan Branch,204006,693,Active,1055158,Personal,12.27,41757,1726850,13542,34076,58,87,Yes,Yes,200,43052,8,508144,49727,227779,Retail,4,7,2025-08-09 08:21:16.311,High,No,RM_D
C0309,Customer_309,Female,46,Pokhara,Bagmati,Teacher,PhD,Unmarried,ACC100310,Savings,2021-05-21 08:21:16.269,Kathmandu Branch,118695,736,,0,Education,14.93,46445,1512297,86428,63243,59,36,No,No,136,38513,27,884890,45132,1817087,Corporate,4,9,2025-10-13 08:21:16.269,Low,Yes,RM_C
C0060,Customer_60,Male,38,Lalitpur,Lumbini,Engineer,Bachelor,Married,ACC100061,Fixed Deposit,2019-11-26 08:21:16.233,Chitwan Branch,89479 NPR,698,,0,Personal,7.71,39641,"NPR 1,673,663.00",65742,56114,70,89,No,Yes,194,15059,12,954042,28265,339704,Retail,1,0,2026-05-07 08:21:16.233,High,Yes,RM_A
C0994,Customer_994,Female,60,Butwal,Koshi,Doctor,+2,Unmarried,ACC100995,Current,2022-04-09 08:21:16.363,Pokhara Branch,131747,730,Closed,1744414,Personal,15.72,12940,1471906,144454,69752,6,69,Yes,No,75,1523,17,206332,18364,1140441,Retail,5,6,2026-05-10 08:21:16.363,High,No,RM_B
C0232,Customer_232,Male,65,  biratnagar  ,Gandaki,Doctor,Master,Married,ACC100233,FIXED DEPOSIT,2021-05-01 08:21:16.258,Butwal Branch,119051,637,Active,1842921,Vehicle,9.1,13626,89894,21417,110051,0,43,No,No,184,37316,3,371859,32714,1262549,Corporate,5,6,2026-01-12 08:21:16.258,Low,Yes,RM_B
C0630,Customer_630,Male,31,Lalitpur,Koshi,Business,Master,Unmarried,ACC100631,Current,2020-02-11 08:21:16.316,Kathmandu Branch,168957,538,Active,2267208,Vehicle,11.17,42605,646402,48958,15973,40,12,No,Yes,138,27585,5,301174,44553,937841,VIP,1,4,2025-11-23 08:21:16.316,High,Yes,RM_A
C0602,Customer_602,Female,33,Butwal,Lumbini,Doctor,Master,Married,ACC100603,Savings,2022-06-19 08:21:16.312,Bhaktapur Branch,130815 NPR,598,,0,Vehicle,6.89,20996,"NPR 1,675,337.00",102651,69022,9,94,No,Yes,137,5042,20,553081,15554,628859,Retail,2,3,2025-10-17 08:21:16.312,Low,No,RM_C
C0663,Customer_663,Male,63,Butwal,Gandaki,Analyst,Master,Married,ACC100664,Current,2023-10-09 08:21:16.319,Biratnagar Branch,154151 NPR,813,Closed,686807,Business,14.61,24851,"NPR 1,254,290.00",105864,86679,45,10,No,No,125,14200,18,299972,22999,1962201,VIP,2,5,2026-05-04 08:21:16.319,High,No,RM_A
C0137,Customer_137,Male,22,Kathmandu,Bagmati,Engineer,+2,Unmarried,ACC100138,Savings,2021-11-07 08:21:16.244,Biratnagar Branch,151926 NPR,648,,0,Vehicle,15.12,11270,"NPR 1,465,998.00",111064,104769,12,30,Yes,No,47,42771,22,151385,40374,402036,VIP,5,8,2025-11-25 08:21:16.244,High,Yes,RM_D
C0916,Customer_916,Male,53,Chitwan,Koshi,Business,Bachelor,Married,ACC100917,Fixed Deposit,2024-03-20 08:21:16.353,Kathmandu Branch,233662,710,Closed,1678579,Home,9.57,4307,1542529,100371,59210,73,72,No,No,162,4157,25,604629,10100,948957,Corporate,4,9,2026-05-27 08:21:16.353,Low,Yes,RM_B
C0315,Customer_315,Female,57,Lalitpur,Gandaki,Engineer,Master,Unmarried,ACC100316,Fixed Deposit,2022-08-22 08:21:16.269,Biratnagar Branch,84010,786,Active,-3472612.5,Education,12.33,24863,489973,135475,118628,19,56,Yes,No,56,2569,17,805848,35892,179567,Retail,2,1,2025-09-18 08:21:16.269,High,Yes,RM_B
C0107,Customer_107,Male,22,Chitwan,Koshi,Analyst,+2,Married,ACC100108,Savings,2024-01-01 08:21:16.241,Lalitpur Branch,41153,479,Closed,994878,Personal,7.99,25102,682809,118021,20860,25,56,No,Yes,83,7909,8,724798,19500,309672,VIP,3,6,2026-05-08 08:21:16.241,High,Yes,RM_D
C0824,Customer_824,Female,25,Butwal,Bagmati,Teacher,,Unmarried,ACC100825,Current,2020-04-15 08:21:16.342,Pokhara Branch,183873,748,Closed,228595,Personal,12.17,25981,1387729,45245,114955,32,42,Yes,No,118,43398,28,549063,11053,1337957,Retail,4,1,2025-10-02 08:21:16.342,High,No,RM_B
C0056,Customer_56,Male,150,Biratnagar,Gandaki,Business,PhD,Married,ACC100057,Fixed Deposit,2020-01-31 08:21:16.232,Kathmandu Branch,89878,771,Active,2081180,Business,9.68,6440,1570305,81475,47759,26,17,Yes,No,122,15842,12,80931,44523,1412038,VIP,5,1,2025-08-08 08:21:16.232,Low,No,RM_C
C0121,Customer_121,Female,140,Pokhara,Bagmati,Analyst,Bachelor,Unmarried,ACC100122,Fixed Deposit,2025-02-26 08:21:16.242,Pokhara Branch,217197,847,,0,Home,12.1,48661,314193,2642,75287,76,56,Yes,No,154,11163,2,168271,37726,586549,Retail,1,5,2025-11-15 08:21:16.242,Medium,Yes,RM_A
C0371,Customer_371,Female,21,Kathmandu,Gandaki,Engineer,Bachelor,Married,ACC100372,Fixed Deposit,2021-12-01 08:21:16.277,Chitwan Branch,130750 NPR,771,,0,Vehicle,10.47,45905,"NPR 1,735,857.00",72769,21695,91,53,Yes,No,16,34922,20,160330,37558,1369022,Corporate,5,0,2025-10-21 08:21:16.277,Low,Yes,RM_C
C0026,Customer_26,Female,-5,Chitwan,Gandaki,Student,+2,Married,ACC100027,Savings,2023-09-10 08:21:16.228,Chitwan Branch,60390,825,,0,Personal,15.77,32855,705369,145240,43525,36,16,Yes,No,90,11342,0,541104,963,1583652,Retail,2,2,2025-12-02 08:21:16.228,Medium,No,RM_D
C0073,Customer_73,Female,-1,Kathmandu,Gandaki,Doctor,Master,Married,ACC100074,Current,2022-03-26 08:21:16.235,Butwal Branch,212792,794,Closed,2428700,Education,15.98,43990,1107867,131193,30893,78,15,No,No,135,19268,11,768640,16312,1182104,VIP,1,3,2025-12-21 08:21:16.235,High,Yes,RM_C
C0550,Customer_550,Female,37,Lalitpur,Koshi,Student,Bachelor,Unmarried,ACC100551,Savings,2025-06-18 08:21:16.306,Biratnagar Branch,223260 NPR,759,Closed,2655868,Home,12.35,28442,"NPR 1,707,041.00",85582,119673,57,30,No,Yes,60,8554,15,983511,4151,964837,VIP,2,6,2025-10-29 08:21:16.306,Low,Yes,RM_A
C0045,Customer_45,Female,150,Pokhara,Gandaki,Business,+2,Married,ACC100046,Savings,2021-04-23 08:21:16.231,Butwal Branch,220337,617,Active,313603,Business,10.98,6043,1827666,79807,96911,14,98,No,Yes,189,39322,8,229452,25829,395332,VIP,2,2,2025-06-25 08:21:16.231,High,Yes,RM_B
C0297,Customer_297,Female,45,Butwal,Koshi,Student,Master,Married,ACC100298,Fixed Deposit,2021-11-03 08:21:16.267,Chitwan Branch,241836 NPR,582,Closed,1951555,Vehicle,7.67,4827,"NPR 520,626.00",18644,20436,12,28,Yes,Yes,48,2884,1,750703,37406,38351,Corporate,2,9,2026-02-17 08:21:16.267,High,No,RM_B
C0329,Customer_329,Female,48,Biratnagar,Gandaki,Business,Bachelor,Unmarried,ACC100330,Savings,2022-04-17 08:21:16.271,Kathmandu Branch,184255 NPR,549,Closed,1338903,Home,6.41,47716,"NPR 1,070,514.00",137216,8949,22,55,No,Yes,19,28375,25,325756,48067,17990,VIP,2,7,2026-03-12 08:21:16.271,High,Yes,RM_C
C0248,Customer_248,Female,-1,Lalitpur,Koshi,Doctor,Master,Unmarried,ACC100249,Current,2022-12-26 08:21:16.260,Chitwan Branch,66232,477,,0,Personal,9.05,18507,302513,86746,105366,4,17,Yes,Yes,149,29736,6,936320,35978,1124294,Retail,4,2,2026-04-18 08:21:16.260,Medium,Yes,RM_B
C0337,Customer_337,Female,27,Kathmandu,Gandaki,Banker,Bachelor,Unmarried,ACC100338,Savings,2025-11-01 08:21:16.272,Chitwan Branch,219694,845,,0,Education,14.02,15705,589268,144835,13836,32,58,Yes,No,142,48262,23,707635,2962,1141768,Corporate,3,9,2025-06-29 08:21:16.272,Medium,No,RM_A
C0352,Customer_352,Male,61,Chitwan,Koshi,  ,PhD,Married,ACC100353,Current,2025-11-07 08:21:16.275,Pokhara Branch,232613,696,,0,Home,15.88,39951,1422392,133088,61852,62,40,No,No,62,42174,1,222260,14934,61663,Corporate,5,8,2026-01-19 08:21:16.275,Low,No,RM_A
C0362,Customer_362,Female,64,Butwal,Bagmati,Analyst,Master,Unmarried,ACC100363,Savings,2021-06-04 08:21:16.276,Bhaktapur Branch,66212,463,Closed,-2701351.5,Vehicle,13.91,15761,140665,36519,35673,6,17,No,Yes,130,17411,17,775483,20545,1006598,Corporate,4,4,2025-07-10 08:21:16.276,Medium,Yes,RM_D
C0738,Customer_738,Male,37,Pokhara,Gandaki,Banker,Bachelor,Married,ACC100739,Savings,2022-12-23 08:21:16.329,Bhaktapur Branch,84689 NPR,798,,0,Home,8.5,39934,"NPR 823,667.00",105504,88996,71,92,No,No,186,3112,29,35894,28755,75119,Corporate,5,5,2025-10-06 08:21:16.329,High,No,RM_A
C0961,Customer_961,Male,20,Bhaktapur,Bagmati,Banker,+2,Married,ACC100962,Current,2019-12-09 08:21:16.359,Kathmandu Branch,128624,731,Active,1267123,Education,6.98,5206,201201,3842,17314,34,43,No,No,83,25619,25,662122,46269,832692,Corporate,3,2,2026-04-28 08:21:16.359,High,No,RM_C
C0421,Customer_421,Male,48,Biratnagar,Gandaki,Teacher,+2,Unmarried,ACC100422,Current,2022-10-26 08:21:16.285,Kathmandu Branch,154239,578,,0,Vehicle,8.74,30626,662423,108084,59608,85,7,No,No,11,40950,29,964426,16292,1790446,Corporate,5,0,2025-08-21 08:21:16.285,High,No,RM_C
C0382,Customer_382,Male,57,Kathmandu,Lumbini,Doctor,+2,Married,ACC100383,Savings,2025/31/12,Pokhara Branch,105855,742,Active,416198,Business,11.04,48161,1257340,110596,45353,69,64,No,No,2,40397,5,856384,18475,807495,Corporate,2,1,2026-02-17 08:21:16.279,Medium,No,RM_A
C0695,Customer_695,Female,27,Chitwan,Gandaki,Doctor,Master,Unmarried,ACC100696,Fixed Deposit,2024-07-03 08:21:16.323,Butwal Branch,155008,582,Active,486243,Education,7.39,12256,1642362,43298,23197,55,42,No,No,176,30276,14,836869,37355,1862066,Retail,5,9,2026-03-29 08:21:16.323,High,Yes,RM_A
C0540,Customer_540,Female,59,Bhaktapur,Gandaki,Banker,PhD,Unmarried,ACC100541,Fixed Deposit,2025-03-15 08:21:16.302,Biratnagar Branch,42528,636,,0,Vehicle,7.48,11855,107251,42527,90893,52,74,No,No,97,45563,3,407130,12975,763397,Retail,2,8,2025-07-06 08:21:16.302,High,Yes,RM_B
C0450,Customer_450,Female,21,Kathmandu,Lumbini,Banker,Master,Married,ACC100451,Current,2025/31/12,Butwal Branch,213771,573,Closed,285410,Personal,6.03,18934,1327468,38353,112727,89,14,No,Yes,6,43726,6,966928,5025,1266182,Corporate,4,1,2026-02-28 08:21:16.288,High,No,RM_A
C0623,Customer_623,Female,34,Butwal,Gandaki,Student,+2,Married,ACC100624,Savings,2025-08-23 08:21:16.315,Butwal Branch,123074,754,,0,Vehicle,13.22,4552,875430,134962,2285,54,16,No,Yes,61,9591,29,959572,16062,1723065,Corporate,5,10,2025-09-07 08:21:16.315,Medium,Yes,RM_C
C0210,Customer_210,Male,42,Biratnagar,Koshi,Engineer,Master,Married,ACC100211,Current,2023-10-17 08:21:16.256,Chitwan Branch,234345 NPR,709,Active,1652374,Education,6.93,46506,"NPR 1,717,511.00",46470,12070,78,95,No,No,193,15557,10,648285,43628,941266,Corporate,4,0,2025-12-17 08:21:16.256,Medium,No,RM_B
C0555,Customer_555,Male,20,Kathmandu,Bagmati,Banker,,Unmarried,ACC100556,Fixed Deposit,2022-11-17 08:21:16.306,Butwal Branch,82748,815,,0,Education,12.17,15031,990261,63291,103107,51,10,No,No,49,31162,27,211114,49383,1779202,Corporate,4,7,2026-02-08 08:21:16.306,Low,No,RM_B
C0637,Customer_637,Male,49,Biratnagar,Koshi,Analyst,Bachelor,Married,ACC100638,Savings,2022-08-05 08:21:16.316,Biratnagar Branch,39811 NPR,690,,0,Personal,12.11,48613,"NPR 907,050.00",85567,29711,13,37,No,No,42,4445,28,656571,8365,1483702,Corporate,1,8,2026-02-09 08:21:16.316,High,No,RM_D
C0482,Customer_482,Male,37,  lalitpur  ,Gandaki,Student,Master,Unmarried,ACC100483,CURRENT,2022-07-26 08:21:16.294,Kathmandu Branch,129232,627,,0,Education,11.3,36015,1431193,147315,41194,5,93,No,Yes,177,16742,14,893613,46504,1697978,VIP,2,6,2025-11-17 08:21:16.294,High,No,RM_C
C0433,Customer_433,Male,48,Pokhara,Gandaki,Business,,Unmarried,ACC100434,Savings,2019-08-14 08:21:16.286,Kathmandu Branch,162599,846,Closed,2244410,Education,12.09,38523,24392,145566,45938,100,51,No,Yes,145,6647,26,968531,17109,1861423,Retail,3,9,2025-06-15 08:21:16.286,Low,No,RM_A
C0627,Customer_627,Male,52,Butwal,Gandaki,Banker,Master,Unmarried,ACC100628,Savings,2025-02-16 08:21:16.315,Kathmandu Branch,81101 NPR,617,Active,2988747,Personal,11.26,23751,"NPR 30,992.00",7570,66621,22,90,Yes,Yes,163,38877,29,622476,27424,1833036,Retail,4,3,2025-06-30 08:21:16.315,High,No,RM_C
C0061,Customer_61,Male,60,Lalitpur,Lumbini,Doctor,Master,Married,ACC100062,Current,2023-03-07 08:21:16.233,Bhaktapur Branch,211379,-999,,0,Personal,8.92,11008,617814,113722,8289,44,62,Yes,No,21,22555,9,248202,2236,158459,Corporate,2,1,2026-01-23 08:21:16.233,High,Yes,RM_B
C0622,Customer_622,Male,62,Bhaktapur,Bagmati,Banker,Bachelor,Married,ACC100623,Current,2023-05-30 08:21:16.315,Lalitpur Branch,216367 NPR,845,,0,Business,6.54,26657,"NPR 1,919,008.00",73021,19910,69,15,Yes,No,194,13151,24,541664,8434,1277882,VIP,2,7,2025-12-26 08:21:16.315,High,Yes,RM_B
C0756,Customer_756,Female,22,Kathmandu,Gandaki,Engineer,+2,Married,ACC100757,Current,2019-12-14 08:21:16.331,Butwal Branch,31114,690,Active,152517,Vehicle,10.7,2508,1736252,23237,1966,72,35,No,Yes,77,10763,30,401743,2366,1484592,Retail,5,9,2025-12-27 08:21:16.331,Medium,No,RM_A
C0093,Customer_93,Male,58,Bhaktapur,Gandaki,Student,Master,Unmarried,ACC100094,Savings,2020-03-16 08:21:16.237,Lalitpur Branch,111122,772,Closed,2350235,Vehicle,13.9,34812,1317313,110563,48540,28,71,Yes,No,156,28017,28,740201,47764,743600,VIP,5,6,2025-11-11 08:21:16.237,Medium,No,RM_A
C0902,Customer_902,Male,22,Butwal,Bagmati,Analyst,Bachelor,Married,ACC100903,Fixed Deposit,2025-10-04 08:21:16.352,Butwal Branch,70481 NPR,704,,0,Education,6.29,25903,"NPR 169,707.00",140232,53943,91,72,Yes,No,118,2353,5,377316,7556,1786447,Corporate,5,3,2026-03-25 08:21:16.352,Low,No,RM_C
C0463,Customer_463,Female,43,Pokhara,Lumbini,Analyst,Master,Married,ACC100464,Savings,2025-10-05 08:21:16.290,Butwal Branch,173995,-999,Closed,1573234,Personal,8.84,21076,1396065,5505,54919,81,30,Yes,Yes,20,48709,1,157902,5034,669640,Retail,5,2,2026-01-15 08:21:16.290,Medium,No,RM_D
C0667,Customer_667,Male,39,Bhaktapur,Koshi,Banker,Bachelor,Unmarried,ACC100668,Fixed Deposit,2026-03-20 08:21:16.320,Bhaktapur Branch,178619,525,,0,Home,9.55,36086,644369,35966,9025,61,75,Yes,No,23,49772,29,641586,13330,190501,Retail,1,1,2025-10-27 08:21:16.320,Low,No,RM_B
C0977,Customer_977,Male,45,Kathmandu,Gandaki,Banker,+2,Unmarried,ACC100978,Savings,2020-05-27 08:21:16.361,Bhaktapur Branch,230589,660,Active,2740302,Vehicle,8.9,44727,31564,30928,102809,94,93,Yes,Yes,145,27753,3,68482,113,1798515,Corporate,5,10,2026-03-07 08:21:16.361,Low,Yes,RM_A
C0478,Customer_478,Female,33,Butwal,Bagmati,Teacher,Bachelor,Unmarried,ACC100479,Fixed Deposit,2023-09-06 08:21:16.293,Pokhara Branch,56243,615,Active,1912945,Education,12.52,8303,1288623,118185,8916,72,22,No,Yes,14,23841,27,173516,47697,584365,Retail,2,10,2025-09-23 08:21:16.293,High,Yes,RM_B
C0333,Customer_333,Male,64,  chitwan  ,Bagmati,Analyst,+2,Unmarried,ACC100334,SAVINGS,2021-04-27 08:21:16.272,Kathmandu Branch,249026,459,Active,345669,Home,11.7,8105,817500,44183,33342,3,83,No,Yes,153,17747,8,903663,16749,1683573,VIP,4,10,2025-12-20 08:21:16.272,Medium,No,RM_B
C0939,Customer_939,Female,49,Lalitpur,Lumbini,Engineer,+2,Unmarried,ACC100940,Savings,2021-10-16 08:21:16.356,Pokhara Branch,108123 NPR,787,Active,1160928,Home,7.8,24166,"NPR 1,929,115.00",55069,65218,37,59,No,Yes,67,44882,5,881838,3649,1171170,VIP,5,0,2025-10-21 08:21:16.356,High,No,RM_D
C0701,Customer_701,Female,59,Kathmandu,Koshi,Business,Master,Unmarried,ACC100702,Current,2020-10-16 08:21:16.324,Bhaktapur Branch,246796,520,Active,1898716,Business,8.33,49287,1080417,91966,28697,9,1,No,Yes,20,4806,9,106987,2879,1813357,VIP,1,4,2025-07-15 08:21:16.324,High,Yes,RM_A
C0465,Customer_465,Female,44,Butwal,Gandaki,Doctor,Master,Unmarried,ACC100466,Fixed Deposit,2025/31/12,Kathmandu Branch,106413,826,Closed,967623,Personal,10.13,9099,965401,4690,103549,58,44,No,Yes,25,42601,5,382617,12100,1435464,Corporate,5,0,2026-04-01 08:21:16.290,High,Yes,RM_D
C0356,Customer_356,Male,62,  chitwan  ,Gandaki,Business,Master,Unmarried,ACC100357,SAVINGS,2025-07-05 08:21:16.275,Lalitpur Branch,141537,516,,0,Home,9.04,24351,150036,136789,33310,25,97,Yes,No,123,18684,25,239955,13118,1199818,VIP,3,3,2025-10-23 08:21:16.275,Medium,Yes,RM_B
C0363,Customer_363,Male,50,Kathmandu,Lumbini,Doctor,Master,Married,ACC100364,Savings,2025/31/12,Lalitpur Branch,122428,480,Closed,1932589,Education,11.23,3218,1542492,87111,9534,38,8,Yes,Yes,155,13352,27,890471,49538,979370,VIP,1,0,2025-11-09 08:21:16.276,Low,No,RM_D
C0313,Customer_313,Female,41,Chitwan,Bagmati,Teacher,Bachelor,Married,ACC100314,Current,2024-06-06 08:21:16.269,Pokhara Branch,160840 NPR,612,Active,789859,Business,6.4,5170,"NPR 1,432,044.00",55440,115292,17,96,No,Yes,165,1153,29,378761,28742,1332714,Corporate,4,3,2026-02-22 08:21:16.269,High,Yes,RM_B
C0319,Customer_319,Female,24,Kathmandu,Koshi,  ,Master,Unmarried,ACC100320,Current,2025-07-02 08:21:16.270,Lalitpur Branch,72531,528,,0,Business,13.19,11517,1358470,89894,7125,70,99,Yes,No,125,49301,29,136960,39745,839909,Retail,5,2,2025-08-22 08:21:16.270,Medium,No,RM_D
C0974,Customer_974,Female,53,Chitwan,Lumbini,Student,PhD,Married,ACC100975,Fixed Deposit,2022-07-16 08:21:16.361,Bhaktapur Branch,40275 NPR,611,Active,628017,Business,7.94,5305,"NPR 787,828.00",55426,115438,84,77,Yes,Yes,8,2178,15,67871,19958,1192338,VIP,2,8,2026-03-17 08:21:16.361,Low,Yes,RM_D
C0381,Customer_381,Female,51,Kathmandu,Bagmati,Business,Master,Married,ACC100382,Fixed Deposit,2025/31/12,Butwal Branch,54579,645,Active,2040199,Education,12.18,27244,1300185,29608,48815,98,27,Yes,Yes,79,27906,6,450082,7536,41830,Corporate,1,7,2026-02-24 08:21:16.279,Medium,Yes,RM_A
C0183,Customer_183,Female,29,Bhaktapur,Gandaki,Doctor,PhD,Married,ACC100184,Current,2024-06-03 08:21:16.252,Bhaktapur Branch,168366,556,Active,1866485,Personal,15.98,49906,1505848,119493,114194,18,70,Yes,Yes,44,18903,3,622671,36127,1148483,Corporate,1,2,2026-02-02 08:21:16.252,Low,Yes,RM_D
C0717,Customer_717,Female,56,Chitwan,Bagmati,  ,Master,Married,ACC100718,Current,2026-03-14 08:21:16.326,Chitwan Branch,53492,831,,0,Business,15.75,46773,1289303,12124,28868,2,51,No,No,179,31630,2,165274,11652,1203184,VIP,4,0,2025-09-01 08:21:16.326,Low,Yes,RM_B
C0111,Customer_111,Male,53,Butwal,Gandaki,Analyst,Master,Unmarried,ACC100112,Current,2021-06-09 08:21:16.241,Butwal Branch,237740,594,Closed,-1952196.0,Personal,10.53,36971,1536797,108586,48505,69,55,Yes,No,16,23636,2,941326,49598,381040,Corporate,5,6,2025-11-12 08:21:16.241,High,Yes,RM_A
C0531,Customer_531,Female,52,Lalitpur,Koshi,Student,+2,Married,ACC100532,Current,2022-12-02 08:21:16.301,Chitwan Branch,150032,847,Closed,1978581,Education,7.12,26947,1612446,1925,42757,84,70,Yes,Yes,66,10047,25,354166,13478,1240436,VIP,5,2,2026-06-08 08:21:16.301,Medium,No,RM_B
C0378,Customer_378,Female,27,  butwal  ,Lumbini,Engineer,+2,Married,ACC100379,FIXED DEPOSIT,2026-04-28 08:21:16.278,Kathmandu Branch,141871,567,Closed,66241,Business,6.7,31287,627938,90198,65072,83,0,No,Yes,51,23642,3,563584,16470,1238109,VIP,5,7,2025-09-09 08:21:16.278,High,Yes,RM_C
C0714,Customer_714,Female,61,Chitwan,Koshi,Student,,Married,ACC100715,Current,2022-06-22 08:21:16.326,Chitwan Branch,86340,489,Closed,2708472,Education,9.3,39926,114645,137840,67024,89,6,Yes,No,12,25351,12,139675,47370,515198,VIP,3,2,2025-07-21 08:21:16.326,Medium,Yes,RM_A
C0873,Customer_873,Female,30,Kathmandu,Gandaki,Student,PhD,Unmarried,ACC100874,Current,2025-12-20 08:21:16.348,Chitwan Branch,37278,663,,0,Home,15.65,7588,234037,62571,27606,1,45,No,No,196,9738,8,616040,23918,357785,Retail,1,9,2025-07-25 08:21:16.348,Medium,Yes,RM_A
C0940,Customer_940,Female,57,Lalitpur,Gandaki,Teacher,Master,Unmarried,ACC100941,Savings,2020-11-27 08:21:16.356,Butwal Branch,44625,527,,0,Education,15.47,30439,1373779,122929,58898,62,100,Yes,Yes,7,17031,2,648838,1407,140355,Retail,3,3,2025-09-06 08:21:16.356,High,No,RM_C
C0732,Customer_732,Male,31,Butwal,Bagmati,Doctor,+2,Unmarried,ACC100733,Savings,2025/31/12,Biratnagar Branch,99487,850,Closed,1484260,Personal,13.01,40394,1666099,90385,73120,72,13,Yes,No,148,3281,9,162907,17538,827025,VIP,1,1,2026-01-05 08:21:16.328,Medium,Yes,RM_C
C0293,Customer_293,Male,21,Bhaktapur,Bagmati,Analyst,+2,Unmarried,ACC100294,Current,2022-03-12 08:21:16.266,Butwal Branch,182076 NPR,794,,0,Vehicle,14.55,43082,"NPR 1,369,779.00",36821,92950,91,95,Yes,Yes,22,43576,9,919894,9493,267867,VIP,3,4,2025-09-05 08:21:16.266,Medium,Yes,RM_A
C0437,Customer_437,Female,64,Lalitpur,Bagmati,Unknown,PhD,Unmarried,ACC100438,Current,2022-01-22 08:21:16.287,Chitwan Branch,198558,684,Active,2181078,Home,6.83,32109,709475,147289,38784,86,64,Yes,Yes,160,22646,11,221481,40764,755712,Retail,2,9,2026-04-04 08:21:16.287,Medium,No,RM_B
C0836,Customer_836,Male,44,Butwal,Lumbini,Student,+2,Unmarried,ACC100837,Current,2019-12-26 08:21:16.343,Pokhara Branch,154312,496,Active,1200220,Business,10.72,23450,1720419,123200,95631,80,94,Yes,Yes,136,35247,7,203782,48044,582387,Corporate,2,3,2026-04-06 08:21:16.343,Low,Yes,RM_B
C0308,Customer_308,Female,23,Biratnagar,Lumbini,  ,+2,Unmarried,ACC100309,Current,2022-05-04 08:21:16.269,Chitwan Branch,205646,636,Closed,465440,Vehicle,11.35,39085,1852797,82593,48696,63,95,Yes,Yes,28,21000,10,809337,41058,834698,Corporate,2,2,2026-01-24 08:21:16.269,Low,Yes,RM_D
C0290,Customer_290,Male,46,Lalitpur,Bagmati,Unknown,PhD,Unmarried,ACC100291,Savings,2023-12-30 08:21:16.266,Biratnagar Branch,233458,735,Active,2512656,Vehicle,15.16,12057,1585052,149203,24854,64,27,No,No,86,31219,6,818797,22673,335991,Retail,5,3,2025-08-24 08:21:16.266,High,No,RM_C
C0969,Customer_969,Male,57,Butwal,Bagmati,Analyst,+2,Married,ACC100970,Current,2020-12-29 08:21:16.360,Biratnagar Branch,167151,747,,0,Home,9.95,6836,406367,20596,46013,95,47,Yes,No,7,24964,6,984974,32206,964876,Corporate,1,10,2026-02-04 08:21:16.360,Low,Yes,RM_D
C0216,Customer_216,Male,-5,Bhaktapur,Gandaki,Business,Master,Married,ACC100217,Savings,2025-06-04 08:21:16.256,Kathmandu Branch,208616,515,,0,Vehicle,9.47,19827,1559571,5843,33412,54,48,No,Yes,65,23097,3,192941,47671,228877,Corporate,1,0,2025-11-14 08:21:16.256,Medium,Yes,RM_B
C0631,Customer_631,Male,48,Butwal,Lumbini,Banker,Bachelor,Married,ACC100632,Fixed Deposit,2020-09-09 08:21:16.316,Biratnagar Branch,41180,798,,0,Personal,10.71,39960,1109803,118009,17973,86,31,No,No,12,9926,20,892455,35015,1802243,Corporate,5,9,2026-01-26 08:21:16.316,Medium,Yes,RM_B
C0281,Customer_281,Female,36,Chitwan,Gandaki,Engineer,Bachelor,Married,ACC100282,Fixed Deposit,2025-02-20 08:21:16.265,Pokhara Branch,159947 NPR,599,Active,2035756,Vehicle,14.71,34096,"NPR 882,574.00",39974,8689,82,51,Yes,Yes,183,48653,0,295643,3381,558719,Corporate,5,1,2025-11-18 08:21:16.265,Low,No,RM_C
C0674,Customer_674,Female,36,Kathmandu,Bagmati,Banker,PhD,Married,ACC100675,Current,2021-08-15 08:21:16.321,Pokhara Branch,33130,722,Closed,2656601,Personal,11.18,38703,869510,70950,83159,88,100,No,Yes,67,21232,11,158969,46574,1276052,Retail,1,10,2026-03-26 08:21:16.321,Low,No,RM_B
C0451,Customer_451,Female,57,Chitwan,Bagmati,Student,+2,Unmarried,ACC100452,Fixed Deposit,2021-09-18 08:21:16.288,Lalitpur Branch,119149,569,Closed,2992092,Business,9.3,32536,1321598,18685,1200,75,48,Yes,Yes,176,27368,25,154747,20410,1541275,Retail,5,3,2025-11-30 08:21:16.288,High,No,RM_D
C0299,Customer_299,Male,48,Lalitpur,Lumbini,Analyst,Master,Married,ACC100300,Savings,2022-09-06 08:21:16.267,Biratnagar Branch,40243,584,,-0.0,Education,10.54,17583,789305,32364,28122,80,36,No,Yes,10,20087,16,92822,19047,255535,Retail,4,2,2026-03-08 08:21:16.267,Medium,No,RM_C
C0786,Customer_786,Male,26,Chitwan,Bagmati,Banker,+2,Unmarried,ACC100787,Fixed Deposit,2024-02-05 08:21:16.336,Chitwan Branch,157104,826,Active,975158,Vehicle,9.6,9305,1792717,33622,45548,23,9,No,Yes,185,28995,26,57282,3010,988049,Corporate,1,7,2026-04-04 08:21:16.336,Low,Yes,RM_A
C0138,Customer_138,Female,42,  bhaktapur  ,Koshi,Doctor,PhD,Married,ACC100139,FIXED DEPOSIT,2023-09-16 08:21:16.245,Bhaktapur Branch,117622,797,Active,2616909,Vehicle,13.25,13190,323729,77319,71468,19,46,No,Yes,62,12925,28,317463,43052,693677,Corporate,2,1,2025-06-23 08:21:16.245,Medium,Yes,RM_A
C0306,Customer_306,Female,43,  bhaktapur  ,Gandaki,Teacher,+2,Unmarried,ACC100307,FIXED DEPOSIT,2024-10-26 08:21:16.268,Chitwan Branch,112369,800,Closed,2895497,Vehicle,11.88,32620,1095791,29877,48846,29,78,Yes,Yes,69,25569,24,466002,47211,820009,Corporate,2,0,2026-05-30 08:21:16.269,Medium,Yes,RM_D
C0808,Customer_808,Female,35,Chitwan,Gandaki,Analyst,+2,Unmarried,ACC100809,Current,2024-09-08 08:21:16.339,Chitwan Branch,220558,454,,0,Education,14.86,33357,1805363,73088,21329,16,1,Yes,No,63,45928,14,633248,31551,1075447,Retail,2,3,2025-10-08 08:21:16.339,Low,No,RM_C
C0295,Customer_295,Male,63,Bhaktapur,Gandaki,Doctor,,Married,ACC100296,Savings,2025-06-10 08:21:16.267,Butwal Branch,70574,614,Active,510290,Education,9.65,2616,1724365,40993,8239,16,71,No,Yes,150,15730,12,841737,42641,95245,Corporate,1,2,2025-11-11 08:21:16.267,Low,No,RM_A
C0600,Customer_600,Female,58,Biratnagar,Lumbini,Doctor,,Married,ACC100601,Savings,2023-04-05 08:21:16.312,Biratnagar Branch,35851,741,Active,929992,Personal,13.65,38695,1857906,94820,99336,57,35,No,No,21,49086,30,436862,47534,1568381,Corporate,5,3,2026-05-29 08:21:16.312,High,No,RM_B
C0582,Customer_582,Female,31,Pokhara,Koshi,Business,Bachelor,Unmarried,ACC100583,Current,2019-08-15 08:21:16.310,Pokhara Branch,144055,600,Active,1037711,Personal,8.11,14657,558745,69175,80664,97,63,Yes,Yes,14,16971,1,327536,10477,927248,Corporate,1,7,2026-04-30 08:21:16.310,Low,No,RM_B
C0030,Customer_30,Male,59,  biratnagar  ,Koshi,Student,Master,Married,ACC100031,FIXED DEPOSIT,2022-05-04 08:21:16.229,Biratnagar Branch,210427,491,Closed,1961415,Business,9.83,32370,893401,113710,104468,66,13,Yes,Yes,130,17556,5,813524,14472,1921066,Corporate,5,9,2025-08-08 08:21:16.229,Low,No,RM_C
C0166,Customer_166,Female,23,  bhaktapur  ,Koshi,Banker,Bachelor,Married,ACC100167,FIXED DEPOSIT,2024-08-17 08:21:16.248,Pokhara Branch,222674,555,Active,1337928,Business,10.44,20406,208658,54583,104126,37,87,Yes,Yes,152,13986,7,759472,29598,1720699,Retail,3,0,2026-01-05 08:21:16.248,High,No,RM_A
C0249,Customer_249,Male,62,Biratnagar,Bagmati,Teacher,Bachelor,Married,ACC100250,Savings,2022-04-06 08:21:16.260,Butwal Branch,57534,778,Closed,554565,Home,6.14,29119,1907033,92881,110518,81,48,Yes,Yes,77,16944,16,80009,49982,1658802,Corporate,5,4,2025-06-21 08:21:16.260,High,Yes,RM_B
C0311,Customer_311,Male,28,Pokhara,Koshi,Doctor,Bachelor,Married,ACC100312,Savings,2026-02-20 08:21:16.269,Butwal Branch,165647,460,Closed,-4183620.0,Business,10.31,39413,165729,118934,55985,23,96,No,Yes,50,2511,24,233507,38396,1582315,Corporate,3,7,2026-05-15 08:21:16.269,Medium,No,RM_C
C0686,Customer_686,Female,30,Pokhara,Bagmati,Student,Bachelor,Married,ACC100687,Fixed Deposit,2025-07-20 08:21:16.322,Kathmandu Branch,169330,497,Active,433528,Education,6.62,49415,1432070,90879,25311,34,56,No,No,54,47484,16,422419,23393,1262656,Corporate,1,10,2026-02-01 08:21:16.322,Low,Yes,RM_C
C0844,Customer_844,Female,20,Butwal,Lumbini,Doctor,Bachelor,Unmarried,ACC100845,Current,2025-02-19 08:21:16.344,Pokhara Branch,202850,603,Closed,2114151,Education,11.31,8561,1697643,99213,39238,39,91,Yes,No,63,49394,10,962149,5180,63999,Corporate,4,8,2026-02-25 08:21:16.344,Low,Yes,RM_D
C0343,Customer_343,Male,42,Bhaktapur,Koshi,Teacher,Bachelor,Married,ACC100344,Fixed Deposit,2025-03-14 08:21:16.273,Biratnagar Branch,101856,545,,0,Vehicle,7.56,45435,1780556,56958,90420,78,24,Yes,Yes,70,38346,10,666506,756,381531,Corporate,3,0,2025-09-17 08:21:16.273,Medium,Yes,RM_C
C0606,Customer_606,Male,25,Bhaktapur,Lumbini,Student,Master,Unmarried,ACC100607,Current,2024-08-23 08:21:16.313,Lalitpur Branch,242460,540,Closed,2593665,Education,7.41,46523,706629,122840,33431,44,62,Yes,No,146,33191,20,476112,45989,1554015,Corporate,1,9,2025-12-17 08:21:16.313,Medium,No,RM_A
C0527,Customer_527,Female,56,  pokhara  ,Bagmati,Engineer,Master,Married,ACC100528,CURRENT,2020-05-11 08:21:16.300,Lalitpur Branch,71413,681,,0,Personal,12.62,44616,1344521,146919,32894,38,47,No,No,102,11839,11,281607,10452,1283378,Retail,3,5,2025-10-18 08:21:16.301,High,No,RM_C
C0066,Customer_66,Male,60,  butwal  ,Gandaki,Business,PhD,Unmarried,ACC100067,SAVINGS,2019-11-11 08:21:16.233,Lalitpur Branch,246172,750,,0,Personal,10.09,48786,490568,21694,35016,41,38,No,No,96,10560,23,246348,26793,1967034,Retail,2,10,2025-06-26 08:21:16.233,Medium,No,RM_A
C0632,Customer_632,Female,53,Pokhara,Lumbini,Engineer,Master,Unmarried,ACC100633,Savings,2025/31/12,Kathmandu Branch,34857,551,,0,Home,11.46,46950,1427136,81048,39345,89,56,Yes,Yes,28,12437,28,665908,42103,864290,Corporate,4,9,2025-06-13 08:21:16.316,Low,No,RM_B
C0892,Customer_892,Male,38,Lalitpur,Koshi,Analyst,Master,Married,ACC100893,Savings,2023-03-30 08:21:16.350,Biratnagar Branch,200745,618,Closed,1248507,Vehicle,13.18,32496,513068,7837,97142,99,73,Yes,No,21,9383,28,743160,24989,1629603,Retail,2,9,2026-05-05 08:21:16.350,High,Yes,RM_D
C0255,Customer_255,Female,35,Biratnagar,Gandaki,Banker,+2,Married,ACC100256,Fixed Deposit,2022-05-18 08:21:16.261,Kathmandu Branch,93397,704,,-0.0,Education,15.56,23305,1303738,16780,105175,27,9,No,No,171,45274,1,973650,6490,251916,Corporate,1,8,2025-10-12 08:21:16.261,High,No,RM_D
C0719,Customer_719,Female,22,Bhaktapur,Bagmati,Teacher,PhD,Unmarried,ACC100720,Current,2021-11-11 08:21:16.326,Lalitpur Branch,38164,455,Closed,556354,Home,11.03,48999,1016008,13922,77445,72,96,Yes,Yes,76,2132,3,156511,14977,1212589,Corporate,2,2,2025-11-16 08:21:16.326,Medium,Yes,RM_D
C0771,Customer_771,Female,55,Butwal,Bagmati,Teacher,+2,Married,ACC100772,Fixed Deposit,2020-01-24 08:21:16.334,Bhaktapur Branch,39491,593,,0,Vehicle,14.08,47922,432592,58054,12817,26,70,Yes,No,50,49392,4,583762,27017,707169,Corporate,5,2,2026-03-04 08:21:16.334,High,No,RM_A
C0222,Customer_222,Male,52,Lalitpur,Bagmati,Doctor,+2,Married,ACC100223,Current,2024-02-04 08:21:16.257,Kathmandu Branch,39714 NPR,761,Closed,557330,Business,12.68,40163,"NPR 328,496.00",96184,57162,57,56,Yes,No,110,29836,10,688575,27258,1601919,Corporate,3,6,2025-08-30 08:21:16.257,Low,Yes,RM_A
C0236,Customer_236,Female,53,Pokhara,Bagmati,Business,PhD,Unmarried,ACC100237,Current,2025-12-20 08:21:16.259,Lalitpur Branch,217183 NPR,768,Active,2548642,Home,11.92,7535,"NPR 1,081,583.00",54978,90318,3,82,No,No,109,34458,19,619063,906,1108589,Corporate,4,8,2025-11-05 08:21:16.259,High,No,RM_B
C0430,Customer_430,Female,65,Butwal,Lumbini,Engineer,+2,Married,ACC100431,Fixed Deposit,2024-06-15 08:21:16.286,Chitwan Branch,145861,-999,Active,1940121,Vehicle,12.45,26127,1346682,26456,9099,99,30,Yes,No,43,19316,5,762075,11639,1170157,VIP,4,10,2026-05-02 08:21:16.286,Medium,Yes,RM_D
C0544,Customer_544,Male,27,Lalitpur,Lumbini,Banker,Master,Unmarried,ACC100545,Current,2022-03-04 08:21:16.303,Lalitpur Branch,93824 NPR,642,,0,Home,12.45,26007,"NPR 1,104,284.00",18608,46441,16,26,Yes,No,188,8457,29,260353,5596,518834,VIP,1,2,2026-01-10 08:21:16.303,High,Yes,RM_C
C0441,Customer_441,Female,46,Bhaktapur,Bagmati,Doctor,Bachelor,Unmarried,ACC100442,Fixed Deposit,2020-04-27 08:21:16.287,Bhaktapur Branch,75463,580,Closed,2790308,Personal,10.22,37507,487700,10629,87313,90,67,Yes,Yes,78,35260,19,13681,2426,907941,Retail,2,1,2025-07-28 08:21:16.287,High,Yes,RM_B
C0589,Customer_589,Male,23,Pokhara,Koshi,Analyst,Bachelor,Married,ACC100590,Current,2023-04-05 08:21:16.311,Pokhara Branch,141122,588,Closed,2330566,Home,7.0,36455,1255027,64580,41199,25,43,No,Yes,70,8635,11,767143,6381,254943,Corporate,3,7,2026-02-25 08:21:16.311,Low,No,RM_D
C0973,Customer_973,Male,41,Butwal,Lumbini,Doctor,Bachelor,Unmarried,ACC100974,Savings,2019-08-13 08:21:16.360,Pokhara Branch,234949,660,Closed,2702428,Education,7.02,17484,678230,22898,48475,54,66,Yes,No,97,44080,2,633117,38635,90602,VIP,1,7,2025-12-22 08:21:16.361,Medium,Yes,RM_D
C0250,Customer_250,Female,46,  pokhara  ,Bagmati,Student,Master,Married,ACC100251,SAVINGS,2024-04-02 08:21:16.260,Chitwan Branch,249237,472,,0,Home,13.62,47514,425856,28152,66030,57,81,Yes,Yes,163,45891,6,13830,13554,327575,VIP,2,2,2026-02-27 08:21:16.260,Low,Yes,RM_A
C0579,Customer_579,Female,21,Lalitpur,Lumbini,Engineer,PhD,Married,ACC100580,Current,2024-01-06 08:21:16.310,Bhaktapur Branch,64358 NPR,827,Closed,1096202,Personal,8.33,40329,"NPR 721,504.00",101942,8718,63,7,Yes,No,134,24663,24,67418,33210,1913890,Retail,1,3,2025-09-19 08:21:16.310,Medium,Yes,RM_A
C0410,Customer_410,Male,57,Chitwan,Lumbini,Business,+2,Married,ACC100411,Savings,2025-01-24 08:21:16.283,Pokhara Branch,244794,717,Closed,2060718,Vehicle,10.02,12090,208188,142729,38217,47,32,Yes,No,58,25939,11,309565,2614,1115909,Corporate,1,2,2025-06-17 08:21:16.283,Low,Yes,RM_D
C0072,Customer_72,Female,23,Lalitpur,Koshi,Business,+2,Married,ACC100073,Fixed Deposit,2026-03-24 08:21:16.235,Pokhara Branch,194231,771,Closed,2714398,Vehicle,13.38,39115,349638,30493,75404,96,85,Yes,No,190,19010,24,89815,32969,1693361,Retail,3,10,2025-06-18 08:21:16.235,Medium,Yes,RM_C
C0095,Customer_95,Female,61,Pokhara,Lumbini,Doctor,+2,Married,ACC100096,Current,2022-05-19 08:21:16.237,Lalitpur Branch,61686,584,Active,1367597,Personal,13.83,48937,309024,96680,112960,9,65,No,No,54,24365,15,599864,37695,282418,Retail,5,6,2026-05-18 08:21:16.237,Medium,No,RM_A
C0034,Customer_34,Female,42,  bhaktapur  ,Gandaki,Analyst,Master,Unmarried,ACC100035,CURRENT,2022-07-10 08:21:16.230,Lalitpur Branch,155038,572,Closed,124406,Home,12.97,9380,1653795,110881,73076,99,65,No,No,127,2610,26,461830,2312,1407226,VIP,4,9,2026-06-05 08:21:16.230,Low,Yes,RM_C
C0645,Customer_645,Male,56,Butwal,Gandaki,Teacher,,Unmarried,ACC100646,Fixed Deposit,2021-05-07 08:21:16.317,Bhaktapur Branch,238675,537,,0,Personal,15.67,39354,1874670,106130,34740,74,29,No,No,112,43067,16,167380,5130,526629,Retail,1,7,2026-01-03 08:21:16.317,Medium,No,RM_D
C0260,Customer_260,Female,59,Kathmandu,Lumbini,Student,Bachelor,Married,ACC100261,Savings,2022-03-23 08:21:16.261,Kathmandu Branch,76189,653,Active,-3462289.5,Education,10.64,6505,1337986,9854,15709,21,1,Yes,Yes,120,10939,4,852135,14559,1620979,Retail,2,3,2026-04-19 08:21:16.261,Medium,No,RM_D
C0205,Customer_205,Male,64,Lalitpur,Gandaki,Analyst,Master,Married,ACC100206,Fixed Deposit,2025/31/12,Biratnagar Branch,64511,750,Active,2118661,Home,14.85,9848,546290,147252,88717,81,60,No,No,34,28779,13,488853,41441,1129621,Corporate,2,4,2025-09-02 08:21:16.254,Low,No,RM_C
C0799,Customer_799,Male,64,Biratnagar,Bagmati,Doctor,Bachelor,Married,ACC100800,Fixed Deposit,2025/31/12,Bhaktapur Branch,203023,452,,0,Personal,15.63,43167,1614082,89956,90883,73,46,No,No,4,40645,12,753453,31660,1317514,Retail,1,2,2026-02-15 08:21:16.338,High,No,RM_C
C0621,Customer_621,Male,45,Pokhara,Gandaki,Analyst,PhD,Married,ACC100622,Savings,2023-05-31 08:21:16.315,Butwal Branch,200492,747,,0,Education,6.78,10161,1701588,136785,38051,71,46,No,Yes,144,45983,11,870919,6126,1380784,Corporate,4,0,2026-05-12 08:21:16.315,Medium,No,RM_A
C0366,Customer_366,Male,47,  bhaktapur  ,Koshi,Student,PhD,Married,ACC100367,SAVINGS,2024-05-13 08:21:16.277,Pokhara Branch,77052,844,Active,1773483,Education,14.28,2342,1460550,128530,48009,28,69,No,No,161,11350,22,100305,35158,355531,Retail,1,10,2025-06-29 08:21:16.277,Medium,No,RM_B
C0078,Customer_78,Female,44,Kathmandu,Gandaki,Teacher,Bachelor,Married,ACC100079,Fixed Deposit,2025/31/12,Bhaktapur Branch,61486,578,Active,1518586,Vehicle,9.85,29961,1209939,125100,52356,77,15,No,No,46,2678,23,508209,2639,1651008,Corporate,3,7,2025-08-12 08:21:16.235,Medium,Yes,RM_D
C0085,Customer_85,Female,32,Pokhara,Bagmati,Analyst,PhD,Unmarried,ACC100086,Savings,2025/31/12,Kathmandu Branch,242963,766,Active,1552643,Education,7.43,14082,938326,80588,71992,6,50,Yes,Yes,178,9346,7,81679,28794,811646,Retail,2,4,2026-04-28 08:21:16.236,Low,Yes,RM_D
C0995,Customer_995,Female,38,  chitwan  ,Koshi,Business,Bachelor,Unmarried,ACC100996,SAVINGS,2022-02-18 08:21:16.363,Pokhara Branch,214454,675,Closed,1190375,Business,15.74,31108,232538,124901,56750,11,53,Yes,Yes,28,7840,16,174171,11423,504853,Corporate,2,4,2025-09-10 08:21:16.363,High,No,RM_B
C0083,Customer_83,Female,65,Chitwan,Lumbini,Business,PhD,Married,ACC100084,Fixed Deposit,2025/31/12,Lalitpur Branch,45964,617,Active,1128050,Education,6.36,19152,1621493,7423,52872,75,8,No,Yes,17,46993,14,958250,32554,1127117,Retail,1,2,2025-09-29 08:21:16.236,High,No,RM_D
C0526,Customer_526,Male,54,Bhaktapur,Lumbini,Business,+2,Unmarried,ACC100527,Savings,2025-07-14 08:21:16.300,Chitwan Branch,210415,772,,0,Education,7.74,3465,1520312,112333,46456,4,87,Yes,Yes,145,26759,5,734948,25385,1314436,Corporate,2,0,2025-12-07 08:21:16.300,Low,No,RM_D
C0440,Customer_440,Male,32,Chitwan,Gandaki,Teacher,PhD,Unmarried,ACC100441,Current,2022-03-19 08:21:16.287,Lalitpur Branch,223701 NPR,479,Closed,2219626,Vehicle,9.32,22912,"NPR 930,753.00",79385,36157,81,90,Yes,Yes,26,12950,2,359776,2795,1279680,Retail,4,2,2026-02-11 08:21:16.287,Low,Yes,RM_D
C0568,Customer_568,Male,47,Butwal,Gandaki,Teacher,PhD,Unmarried,ACC100569,Fixed Deposit,2021-10-29 08:21:16.308,Kathmandu Branch,44684,562,Closed,1407492,Vehicle,9.54,25267,813577,58027,105427,26,55,Yes,No,174,25385,25,414698,42053,414858,Retail,3,0,2025-09-04 08:21:16.308,Medium,No,RM_C
C0561,Customer_561,Male,62,Biratnagar,Gandaki,Business,+2,Married,ACC100562,Savings,2020-08-05 08:21:16.307,Biratnagar Branch,162437,640,Closed,1499395,Education,14.96,2035,813167,122024,624,48,48,No,Yes,47,1936,27,355053,2092,580583,VIP,1,8,2026-01-22 08:21:16.307,Medium,Yes,RM_A
C0543,Customer_543,Male,22,Bhaktapur,Koshi,Analyst,Master,Unmarried,ACC100544,Savings,2022-01-24 08:21:16.303,Pokhara Branch,150814 NPR,737,Active,2701898,Personal,7.21,30149,"NPR 750,032.00",37915,33640,88,76,Yes,Yes,142,5726,5,40797,5360,49028,Retail,4,7,2026-05-27 08:21:16.303,Low,Yes,RM_A
C0888,Customer_888,Male,29,Kathmandu,Gandaki,Doctor,Master,Married,ACC100889,Current,2023-10-01 08:21:16.350,Pokhara Branch,25546,808,,0,Home,13.69,21594,1049209,25267,104030,60,53,No,Yes,173,21325,5,659671,23877,420269,Corporate,3,1,2025-10-16 08:21:16.350,High,No,RM_B
C0332,Customer_332,Male,53,  butwal  ,Gandaki,Business,Bachelor,Unmarried,ACC100333,SAVINGS,2025-10-24 08:21:16.272,Lalitpur Branch,181673,624,,0,Home,6.02,47040,1565863,88806,87649,47,36,No,Yes,38,26293,3,165702,43938,1199257,Retail,5,3,2025-10-16 08:21:16.272,Medium,No,RM_A
C0006,Customer_6,Male,54,Kathmandu,Gandaki,Business,PhD,Unmarried,ACC100007,Current,2025/31/12,Butwal Branch,210493,761,Active,2778003,Education,14.75,19993,847419,120073,76627,7,99,Yes,Yes,163,17478,10,591789,4920,264943,VIP,1,7,2026-04-27 08:21:16.225,Medium,Yes,RM_D
C0480,Customer_480,Female,39,Lalitpur,Bagmati,Teacher,Bachelor,Married,ACC100481,Current,2024-03-31 08:21:16.294,Pokhara Branch,98426,678,Closed,-1678996.5,Home,7.09,48235,1217819,125716,63098,63,58,No,No,51,18750,4,219872,15938,442355,VIP,2,10,2025-06-23 08:21:16.294,High,Yes,RM_A
C0105,Customer_105,Female,64,Kathmandu,Lumbini,Engineer,PhD,Unmarried,ACC100106,Fixed Deposit,2025-03-09 08:21:16.240,Pokhara Branch,141044,842,,0,Vehicle,15.64,8558,732468,10708,21482,39,98,No,No,74,6959,4,791203,43661,1881349,VIP,3,5,2025-12-14 08:21:16.240,High,Yes,RM_C
C0098,Customer_98,Male,22,Chitwan,Koshi,Banker,+2,Married,ACC100099,Current,2025/31/12,Lalitpur Branch,35530,716,Active,1908998,Education,13.61,22202,198900,78329,97189,26,82,Yes,No,66,7850,25,25751,25948,1088799,VIP,5,3,2025-09-20 08:21:16.239,Low,Yes,RM_A
C0833,Customer_833,Male,42,Butwal,Bagmati,Student,PhD,Married,ACC100834,Fixed Deposit,2021-02-04 08:21:16.343,Bhaktapur Branch,227068,473,,0,Home,9.07,10957,1105369,76282,9454,11,0,Yes,No,44,28452,9,344034,38993,729041,VIP,4,5,2025-09-10 08:21:16.343,High,Yes,RM_C
C0788,Customer_788,Male,47,Kathmandu,Bagmati,Unknown,PhD,Unmarried,ACC100789,Fixed Deposit,2020-09-10 08:21:16.336,Butwal Branch,149426,746,Active,840724,Home,8.0,31207,1605296,89107,56569,29,88,Yes,No,177,35362,9,948782,30951,314747,Retail,4,7,2026-02-27 08:21:16.336,Low,No,RM_B
C0425,Customer_425,Male,30,Bhaktapur,Gandaki,Business,Bachelor,Married,ACC100426,Savings,2020-07-31 08:21:16.285,Pokhara Branch,41644,569,,0,Personal,13.02,34191,1258869,93119,81011,21,24,Yes,No,191,14601,1,468542,35153,1106123,Corporate,2,0,2026-03-05 08:21:16.285,Medium,Yes,RM_A
C0935,Customer_935,Female,64,Kathmandu,Lumbini,Banker,Master,Married,ACC100936,Current,2022-08-04 08:21:16.356,Kathmandu Branch,218222,511,Closed,2412820,Home,11.05,7536,114967,24813,92921,73,15,No,Yes,57,22729,9,709576,30060,1197812,Retail,2,10,2025-12-28 08:21:16.356,Low,No,RM_C
C0282,Customer_282,Female,-5,Biratnagar,Gandaki,Banker,Master,Married,ACC100283,Current,2021-10-19 08:21:16.265,Biratnagar Branch,137218,708,Closed,2323258,Business,6.63,28039,794121,50634,78130,27,75,Yes,No,112,23912,24,756938,14505,214504,Retail,1,8,2026-03-22 08:21:16.265,Low,Yes,RM_D
C0267,Customer_267,Female,46,Butwal,Bagmati,Engineer,+2,Married,ACC100268,Fixed Deposit,2025/31/12,Pokhara Branch,40243,466,Closed,2648644,Vehicle,13.01,6337,378036,20048,106097,32,32,Yes,No,83,4959,17,459357,26443,499730,Corporate,5,6,2025-09-25 08:21:16.262,Low,No,RM_A
C0535,Customer_535,Male,20,Bhaktapur,Gandaki,Engineer,,Married,ACC100536,Savings,2023-07-31 08:21:16.301,Bhaktapur Branch,173606,740,,0,Personal,9.05,46072,1646680,115654,39801,48,67,No,No,175,23999,22,548783,3637,753846,Retail,5,1,2025-11-04 08:21:16.301,High,Yes,RM_C
C0454,Customer_454,Male,31,Biratnagar,Bagmati,Teacher,+2,Married,ACC100455,Savings,2021-02-26 08:21:16.289,Bhaktapur Branch,88360,782,Closed,1105326,Business,15.67,27537,1486987,88806,105606,71,88,No,No,60,27161,21,714976,5647,1248272,Corporate,3,6,2026-01-03 08:21:16.289,Low,Yes,RM_A
C0360,Customer_360,Female,31,Butwal,Gandaki,Student,Master,Unmarried,ACC100361,Savings,2025/31/12,Pokhara Branch,100418,596,,0,Education,14.48,15120,1610327,61492,28732,11,96,Yes,Yes,150,49934,21,149204,13784,1566363,Corporate,3,1,2026-01-25 08:21:16.276,High,No,RM_B
C0491,Customer_491,Female,47,Chitwan,Koshi,Banker,Master,Married,ACC100492,Current,2025/31/12,Kathmandu Branch,144124,545,,0,Business,12.7,46647,739233,146295,97252,21,49,No,Yes,114,4144,5,119924,29273,1911136,VIP,5,2,2026-04-03 08:21:16.295,High,No,RM_C
C0992,Customer_992,Female,23,Kathmandu,Koshi,Analyst,Master,Unmarried,ACC100993,Current,2025/31/12,Kathmandu Branch,143701,691,,0,Home,15.14,23140,1292767,30801,92835,20,59,No,No,17,15905,25,563770,20853,694320,Retail,4,0,2026-05-09 08:21:16.363,Medium,Yes,RM_A
C0817,Customer_817,Male,55,Chitwan,Koshi,Doctor,,Married,ACC100818,Current,2025-05-04 08:21:16.340,Pokhara Branch,52324,850,,0,Home,7.07,2355,691836,30387,97891,98,52,No,Yes,33,39150,18,935222,46949,1595685,Corporate,4,0,2025-09-26 08:21:16.340,Medium,No,RM_A
C0119,Customer_119,Female,47,Kathmandu,Lumbini,Teacher,Master,Unmarried,ACC100120,Savings,2025/31/12,Kathmandu Branch,62689,703,,0,Business,11.5,17134,102507,138304,109521,97,59,Yes,No,6,4360,1,875346,42892,720050,Corporate,4,8,2026-06-12 08:21:16.242,Medium,Yes,RM_B
C0635,Customer_635,Male,42,Lalitpur,Lumbini,Banker,+2,Married,ACC100636,Fixed Deposit,2022-01-29 08:21:16.316,Kathmandu Branch,240512,786,Active,1434804,Education,6.69,22911,341528,91633,25001,98,41,No,No,106,7078,15,873288,36815,352160,Corporate,5,0,2026-02-06 08:21:16.316,High,Yes,RM_A
C0251,Customer_251,Female,44,Bhaktapur,Lumbini,Analyst,Bachelor,Unmarried,ACC100252,Current,2025/31/12,Pokhara Branch,230992,456,Closed,507067,Business,15.53,24210,1000204,125159,65915,18,60,Yes,No,85,14624,20,154080,28603,1563032,Retail,1,1,2026-05-05 08:21:16.260,Medium,Yes,RM_B
C0406,Customer_406,Male,27,Lalitpur,Koshi,Analyst,PhD,Married,ACC100407,Current,2020-03-12 08:21:16.283,Pokhara Branch,134486,535,,0,Home,7.81,36571,1596229,126688,25289,14,33,No,No,146,39560,18,648921,20454,1517369,VIP,4,6,2026-02-23 08:21:16.283,Medium,Yes,RM_A
C0718,Customer_718,Female,52,Butwal,Lumbini,Teacher,Bachelor,Unmarried,ACC100719,Fixed Deposit,2025/31/12,Lalitpur Branch,56948,583,Closed,579394,Business,15.41,7194,546596,101848,64134,45,28,No,No,84,25568,6,881972,16223,490335,Retail,2,0,2025-08-24 08:21:16.326,Low,No,RM_B
C0705,Customer_705,Female,27,Kathmandu,Lumbini,Teacher,PhD,Unmarried,ACC100706,Savings,2021-06-08 08:21:16.325,Kathmandu Branch,161901,468,Active,632548,Home,10.12,36447,1492895,105142,109284,56,81,No,No,49,31905,12,249242,27212,740790,Corporate,5,9,2025-06-14 08:21:16.325,Medium,No,RM_C
C0010,Customer_10,Male,29,Butwal,Koshi,Student,PhD,Married,ACC100011,Savings,2025/31/12,Chitwan Branch,62892,474,,0,Business,6.4,29881,537409,69600,47515,18,19,Yes,No,158,10876,0,791858,30739,372719,Retail,1,9,2025-06-28 08:21:16.226,Low,No,RM_D
C0860,Customer_860,Female,37,Bhaktapur,Koshi,Business,PhD,Unmarried,ACC100861,Current,2021-06-05 08:21:16.346,Biratnagar Branch,39324 NPR,525,,0,Personal,10.52,12288,"NPR 838,829.00",60310,26755,29,66,No,Yes,162,26840,17,326670,48143,588773,Corporate,1,6,2025-11-07 08:21:16.346,High,Yes,RM_B
C0197,Customer_197,Male,28,Butwal,Gandaki,Business,Master,Married,ACC100198,Savings,2025/31/12,Lalitpur Branch,136473,507,Closed,2655469,Home,13.04,26136,212021,32855,9599,27,6,Yes,Yes,154,41077,28,4720,16370,1812878,VIP,3,4,2025-08-25 08:21:16.253,High,Yes,RM_D
C0653,Customer_653,Male,59,Chitwan,Koshi,N/A,+2,Married,ACC100654,Savings,2021-09-26 08:21:16.318,Pokhara Branch,113011,458,Closed,1854028,Home,10.77,49702,840255,40236,25415,29,51,No,Yes,190,34013,3,959679,9980,1256349,Retail,1,5,2025-12-25 08:21:16.318,Low,Yes,RM_C
C0082,Customer_82,Male,20,Biratnagar,Bagmati,Engineer,Bachelor,Unmarried,ACC100083,Fixed Deposit,2025/31/12,Butwal Branch,81565,529,Closed,629176,Business,13.27,14819,665048,94703,118020,53,91,No,Yes,197,19893,17,457061,44103,1678539,Retail,4,5,2026-05-14 08:21:16.236,Medium,No,RM_B
C0448,Customer_448,Female,35,Butwal,Gandaki,Engineer,+2,Unmarried,ACC100449,Fixed Deposit,2023-06-20 08:21:16.288,Biratnagar Branch,184249,768,,0,Vehicle,6.8,3679,1053130,20124,87880,49,6,No,Yes,200,4242,29,644807,13894,486810,Corporate,4,2,2026-03-28 08:21:16.288,High,Yes,RM_D
C0534,Customer_534,Female,63,Bhaktapur,Koshi,Doctor,+2,Unmarried,ACC100535,Savings,2024-09-12 08:21:16.301,Biratnagar Branch,119096,728,Active,2963610,Vehicle,10.02,42275,796569,89609,117360,99,49,No,No,137,5707,20,112977,49515,1775014,VIP,3,3,2026-05-22 08:21:16.301,Low,Yes,RM_D
C0669,Customer_669,Female,42,Lalitpur,Bagmati,Student,Bachelor,Unmarried,ACC100670,Savings,2019-10-19 08:21:16.320,Pokhara Branch,39789,780,Active,-2358327.0,Vehicle,12.29,24451,190622,24849,4218,45,93,Yes,No,107,25137,30,213660,31788,165169,VIP,1,1,2026-01-29 08:21:16.320,Medium,Yes,RM_A
C0240,Customer_240,Female,46,Chitwan,Bagmati,Banker,Bachelor,Unmarried,ACC100241,Fixed Deposit,2025/31/12,Pokhara Branch,91678,809,Active,2441044,Vehicle,6.03,12711,415945,87060,16830,47,61,No,No,191,17324,2,539231,24204,551757,Corporate,4,3,2026-03-07 08:21:16.259,High,No,RM_B
C0412,Customer_412,Male,21,Chitwan,Gandaki,Banker,PhD,Unmarried,ACC100413,Savings,2025-06-05 08:21:16.283,Chitwan Branch,63739 NPR,514,Active,879975,Vehicle,12.66,24105,"NPR 1,579,605.00",59842,98601,88,42,No,Yes,36,28557,1,693082,11872,1917887,Retail,4,5,2025-08-08 08:21:16.283,Low,Yes,RM_D
C0212,Customer_212,Male,61,Lalitpur,Gandaki,Student,PhD,Unmarried,ACC100213,Savings,2025/31/12,Pokhara Branch,34778,708,Active,1142064,Business,8.27,25836,104053,106240,56831,59,10,No,No,36,19229,11,845664,191,305458,Corporate,1,2,2025-11-14 08:21:16.256,High,Yes,RM_A
C0774,Customer_774,Male,27,Bhaktapur,Gandaki,Banker,PhD,Married,ACC100775,Savings,2020-09-28 08:21:16.335,Bhaktapur Branch,96964,464,Closed,61874,Vehicle,7.76,13919,1577236,139458,86264,18,20,No,No,96,43968,6,414017,18676,1721340,VIP,5,4,2025-08-28 08:21:16.335,High,No,RM_A
C0546,Customer_546,Male,22,Biratnagar,Bagmati,Banker,Bachelor,Married,ACC100547,Savings,2020-07-19 08:21:16.304,Pokhara Branch,61120,759,,0,Business,8.72,32215,1813382,135023,115933,24,55,No,Yes,52,13922,29,856131,45913,444176,Corporate,2,6,2025-08-04 08:21:16.304,Medium,No,RM_A
C0520,Customer_520,Male,31,Butwal,Gandaki,Teacher,PhD,Unmarried,ACC100521,Savings,2025/31/12,Pokhara Branch,152663,681,,0,Personal,10.8,45057,1061785,48849,15720,0,6,No,Yes,193,42380,0,863282,11657,473751,Retail,5,6,2025-08-27 08:21:16.300,High,No,RM_D
C0228,Customer_228,Female,36,Butwal,Koshi,Banker,PhD,Married,ACC100229,Savings,2025/31/12,Pokhara Branch,211911,811,Closed,2147470,Vehicle,6.92,4827,1650658,51546,9204,75,100,Yes,No,70,5163,6,343963,23922,1331134,Retail,5,10,2025-08-23 08:21:16.258,Medium,Yes,RM_A
C0923,Customer_923,Female,39,Biratnagar,Koshi,Student,+2,Unmarried,ACC100924,Current,2025/31/12,Chitwan Branch,185641,490,Closed,1487343,Vehicle,7.77,41840,375363,91393,1826,34,100,No,Yes,177,35452,23,988773,14711,1155721,VIP,2,10,2026-03-13 08:21:16.354,Low,No,RM_A
C0405,Customer_405,Female,23,Bhaktapur,Bagmati,Business,PhD,Unmarried,ACC100406,Fixed Deposit,2021-03-05 08:21:16.283,Bhaktapur Branch,207162,722,,0,Vehicle,15.0,21944,869657,48450,41425,26,4,No,No,163,3058,4,921223,5209,1739308,Corporate,5,0,2025-09-17 08:21:16.283,High,Yes,RM_C
C0890,Customer_890,Female,27,Biratnagar,Lumbini,Analyst,PhD,Unmarried,ACC100891,Savings,2025-02-19 08:21:16.350,Pokhara Branch,80792,669,Active,1037316,Business,6.12,42905,700716,86214,101882,58,11,No,Yes,91,49385,0,382567,37400,423426,VIP,3,10,2026-01-30 08:21:16.350,Low,No,RM_C
C0178,Customer_178,Female,33,Kathmandu,Lumbini,Student,Master,Unmarried,ACC100179,Savings,2025-08-08 08:21:16.251,Kathmandu Branch,228509,637,,0,Personal,6.5,37474,1397582,32968,63335,97,55,Yes,No,136,42247,6,857748,33049,907849,Corporate,1,5,2025-07-25 08:21:16.251,Low,No,RM_B
C0627,Customer_627,Male,52,Butwal,Gandaki,Banker,Master,Unmarried,ACC100628,Savings,2025-02-16 08:21:16.315,Kathmandu Branch,81101 NPR,617,Active,2988747,Personal,11.26,23751,"NPR 30,992.00",7570,66621,22,90,Yes,Yes,163,38877,29,622476,27424,1833036,Retail,4,3,2025-06-30 08:21:16.315,High,No,RM_C
C0466,Customer_466,Female,35,Kathmandu,Bagmati,Student,Master,Married,ACC100467,Fixed Deposit,2025/31/12,Pokhara Branch,211197,724,,0,Home,13.14,30258,258138,62820,12866,30,64,Yes,No,58,44490,12,273447,5047,1329860,VIP,1,6,2025-08-15 08:21:16.290,Low,Yes,RM_A
C0431,Customer_431,Male,64,Bhaktapur,Bagmati,Analyst,PhD,Married,ACC100432,Fixed Deposit,2025/31/12,Lalitpur Branch,209094,686,Closed,2890112,Education,15.75,49943,955680,121279,93800,45,18,No,Yes,110,28246,12,298590,29417,1314598,VIP,2,1,2026-06-02 08:21:16.286,Low,Yes,RM_D
C0533,Customer_533,Female,25,Pokhara,Gandaki,Student,+2,Married,ACC100534,Current,2023-07-21 08:21:16.301,Butwal Branch,95752,844,Closed,525498,Personal,9.42,13071,1061740,4399,99496,88,91,No,Yes,21,44890,6,886579,519,1057544,Retail,2,2,2025-07-28 08:21:16.301,High,No,RM_C
C0696,Customer_696,Male,31,  biratnagar  ,Bagmati,Analyst,PhD,Unmarried,ACC100697,CURRENT,2022-12-12 08:21:16.324,Lalitpur Branch,126954,589,Closed,2941791,Vehicle,8.29,13339,611146,67754,93243,72,97,Yes,No,74,29272,28,952583,32619,1234002,VIP,5,2,2026-03-04 08:21:16.324,High,Yes,RM_B
C0479,Customer_479,Male,60,Butwal,Bagmati,Teacher,PhD,Unmarried,ACC100480,Savings,2019-12-15 08:21:16.293,Lalitpur Branch,27888,675,,0,Personal,8.12,40245,675467,97395,5418,1,8,Yes,Yes,173,17889,10,668072,14784,537019,VIP,5,5,2025-12-06 08:21:16.293,High,Yes,RM_D
C0689,Customer_689,Female,22,Kathmandu,Koshi,Student,PhD,Married,ACC100690,Current,2022-05-14 08:21:16.322,Pokhara Branch,87408,584,Closed,888675,Business,10.95,48582,1055942,109698,73108,85,35,No,No,55,25823,27,76958,12455,1093042,Corporate,2,2,2026-04-21 08:21:16.323,High,No,RM_B
C0008,Customer_8,Male,42,Lalitpur,Gandaki,Banker,PhD,Unmarried,ACC100009,Current,2025/31/12,Pokhara Branch,40616,476,Active,930640,Home,15.19,45297,1255967,41134,52831,27,7,No,No,1,4910,18,367099,40229,491090,Corporate,1,7,2026-05-12 08:21:16.225,Medium,Yes,RM_C
C0156,Customer_156,Male,37,Lalitpur,Bagmati,Teacher,PhD,Married,ACC100157,Savings,2025/31/12,Kathmandu Branch,225101,731,Closed,1042202,Home,9.47,33249,12032,3842,31544,43,63,No,No,137,30168,23,978019,9552,1284951,Corporate,1,7,2025-08-21 08:21:16.246,High,Yes,RM_A
C0358,Customer_358,Male,54,Chitwan,Lumbini,Analyst,+2,Unmarried,ACC100359,Current,2025/31/12,Kathmandu Branch,215083,728,Active,2317716,Education,9.4,37156,675731,123928,26961,76,40,No,Yes,73,42332,28,217315,10395,264072,VIP,1,5,2025-08-28 08:21:16.276,High,Yes,RM_C
C0585,Customer_585,Male,21,Chitwan,Lumbini,Student,Bachelor,Married,ACC100586,Savings,2020-09-24 08:21:16.310,Bhaktapur Branch,32242 NPR,472,Closed,488301,Personal,7.86,39590,"NPR 494,332.00",9622,72692,48,38,Yes,Yes,46,6397,23,249570,36056,1324848,Corporate,1,10,2025-12-17 08:21:16.310,High,No,RM_B
C0224,Customer_224,Male,29,Kathmandu,Gandaki,Teacher,Bachelor,Unmarried,ACC100225,Fixed Deposit,2020-03-16 08:21:16.257,Kathmandu Branch,202069,661,Closed,624561,Home,14.33,36158,1288220,85001,49962,30,19,No,No,71,47581,24,580949,44669,1189502,Retail,5,6,2025-10-22 08:21:16.257,High,No,RM_B
C0330,Customer_330,Female,49,Biratnagar,Lumbini,Doctor,+2,Married,ACC100331,Current,2020-07-11 08:21:16.271,Butwal Branch,249009,460,Closed,2068083,Education,11.04,40676,1014179,86739,97964,49,75,Yes,Yes,96,14732,13,2194,1328,1414568,Retail,3,3,2026-03-19 08:21:16.271,High,Yes,RM_A
C0634,Customer_634,Female,20,Chitwan,Bagmati,Analyst,+2,Unmarried,ACC100635,Fixed Deposit,2019-09-06 08:21:16.316,Biratnagar Branch,227583,740,Active,1866066,Education,6.9,48184,234814,40353,97530,52,21,Yes,Yes,40,34442,4,621019,7768,271007,VIP,3,0,2025-10-27 08:21:16.316,High,Yes,RM_D
C0823,Customer_823,Female,-1,Bhaktapur,Gandaki,Student,+2,Married,ACC100824,Savings,2022-12-01 08:21:16.341,Pokhara Branch,184864,690,Active,683734,Vehicle,13.63,24021,511430,100110,68897,89,25,Yes,Yes,91,22963,12,168988,26791,830375,Retail,1,1,2026-03-06 08:21:16.341,Medium,Yes,RM_D
C0869,Customer_869,Male,62,Lalitpur,Bagmati,Banker,Bachelor,Unmarried,ACC100870,Fixed Deposit,2025/31/12,Lalitpur Branch,189317,570,Active,2387661,Personal,6.98,34228,1823717,15058,41915,86,45,No,Yes,175,47896,29,18336,14776,1591852,Corporate,4,1,2025-10-14 08:21:16.347,Low,Yes,RM_C
C0612,Customer_612,Female,54,Bhaktapur,Lumbini,Engineer,PhD,Married,ACC100613,Current,2021-10-07 08:21:16.313,Kathmandu Branch,183045,840,Closed,2458100,Vehicle,7.61,24726,1847727,96465,106911,78,15,Yes,No,170,1081,26,666288,23339,1077500,Corporate,4,2,2026-05-31 08:21:16.313,Low,Yes,RM_B
C0097,Customer_97,Male,62,Kathmandu,Bagmati,Engineer,PhD,Unmarried,ACC100098,Fixed Deposit,2024-12-17 08:21:16.238,Biratnagar Branch,130449 NPR,781,Active,2055219,Education,8.04,39164,"NPR 85,672.00",102472,7262,23,79,No,Yes,123,5040,26,963065,25431,1528230,Corporate,3,1,2025-11-18 08:21:16.238,High,No,RM_C
C0747,Customer_747,Female,43,Biratnagar,Gandaki,Analyst,Master,Married,ACC100748,Fixed Deposit,2022-08-28 08:21:16.330,Kathmandu Branch,146816,743,Closed,1639728,Business,6.85,15115,1862810,70080,88641,85,53,Yes,No,8,44243,3,804747,45308,1423232,Corporate,5,9,2025-07-30 08:21:16.330,Medium,Yes,RM_D
C0679,Customer_679,Male,41,Bhaktapur,Bagmati,Engineer,Bachelor,Married,ACC100680,Fixed Deposit,2024-01-31 08:21:16.321,Lalitpur Branch,87936 NPR,569,,0,Home,10.49,5150,"NPR 1,341,724.00",132169,14120,40,59,Yes,No,148,15801,14,52176,39858,1501277,Corporate,4,8,2026-01-07 08:21:16.321,High,Yes,RM_C
C0810,Customer_810,Male,29,Kathmandu,Lumbini,Doctor,Master,Unmarried,ACC100811,Current,2025-10-01 08:21:16.339,Kathmandu Branch,51469,690,Closed,2567347,Education,11.48,25238,247560,133473,37714,63,18,Yes,No,133,5332,30,825746,49921,529049,VIP,4,2,2026-03-21 08:21:16.339,Low,Yes,RM_B
C0495,Customer_495,Male,58,  biratnagar  ,Lumbini,Teacher,PhD,Unmarried,ACC100496,CURRENT,2021-12-04 08:21:16.296,Lalitpur Branch,191724,553,Closed,2800337,Personal,6.69,44936,306824,103588,21475,87,19,Yes,Yes,65,32603,13,757792,43705,1062215,Retail,1,7,2025-11-14 08:21:16.296,Low,No,RM_A
C0573,Customer_573,Female,32,Biratnagar,Gandaki,Engineer,PhD,Unmarried,ACC100574,Current,2023-05-01 08:21:16.309,Kathmandu Branch,204752,722,Closed,190088,Education,13.49,41309,1630450,73873,66235,87,34,Yes,Yes,60,45468,14,692010,41121,1310955,Corporate,3,2,2025-09-23 08:21:16.309,Low,Yes,RM_A
C0629,Customer_629,Female,36,Kathmandu,Koshi,Doctor,+2,Unmarried,ACC100630,Fixed Deposit,2020-04-21 08:21:16.316,Butwal Branch,113294,795,,0,Business,15.74,30861,108407,145851,21167,2,45,No,Yes,85,12946,22,171520,208,599010,Retail,3,4,2026-03-23 08:21:16.316,Medium,No,RM_A
C0763,Customer_763,Male,27,Bhaktapur,Gandaki,Student,+2,Married,ACC100764,Savings,2020-04-03 08:21:16.332,Butwal Branch,114316,473,Closed,2812123,Home,7.45,44944,1417094,3377,109829,51,98,Yes,Yes,199,26637,27,139844,19025,1237810,VIP,4,0,2025-09-30 08:21:16.332,High,No,RM_A
C0959,Customer_959,Female,43,Chitwan,Bagmati,Engineer,PhD,Unmarried,ACC100960,Savings,2025-02-19 08:21:16.359,Chitwan Branch,207190,700,,0,Personal,9.42,2665,1596171,34391,69426,30,91,Yes,No,58,39816,8,26981,1678,1624863,Corporate,5,4,2025-09-09 08:21:16.359,High,Yes,RM_A
C0164,Customer_164,Female,63,Chitwan,Bagmati,Student,Bachelor,Married,ACC100165,Current,2022-02-28 08:21:16.247,Pokhara Branch,178707,803,Closed,391117,Home,6.78,23235,182890,101920,86022,1,62,No,Yes,179,39964,26,631008,48909,1299461,Retail,5,8,2026-04-22 08:21:16.247,Low,Yes,RM_C
C0229,Customer_229,Female,42,Bhaktapur,Gandaki,Business,+2,Married,ACC100230,Current,2019-09-30 08:21:16.258,Biratnagar Branch,93055,688,,0,Business,13.29,47068,1182665,136732,11112,12,60,Yes,Yes,28,11455,2,151582,19466,1189834,VIP,5,10,2026-02-23 08:21:16.258,Low,No,RM_D
C0524,Customer_524,Female,55,Kathmandu,Gandaki,Student,Master,Unmarried,ACC100525,Current,2025/31/12,Kathmandu Branch,136970,590,Closed,2761704,Personal,7.39,34400,219197,1414,68562,11,82,No,No,60,45523,7,118941,3035,3468,Retail,5,1,2025-09-12 08:21:16.300,Low,No,RM_C
C0787,Customer_787,Female,61,Bhaktapur,Bagmati,Teacher,+2,Married,ACC100788,Current,2021-10-03 08:21:16.336,Chitwan Branch,161680,727,,0,Business,14.94,49675,1108706,107084,85513,17,59,No,Yes,58,38815,23,485502,14133,1663934,Corporate,1,3,2026-05-09 08:21:16.336,Medium,Yes,RM_D
C0213,Customer_213,Female,40,Butwal,Lumbini,Teacher,Bachelor,Unmarried,ACC100214,Fixed Deposit,2020-12-20 08:21:16.256,Chitwan Branch,35485,468,Closed,2476677,Education,9.59,41070,791933,73925,65052,75,23,Yes,Yes,96,22704,1,216651,17347,29616,VIP,1,1,2026-06-05 08:21:16.256,Medium,Yes,RM_B
C0826,Customer_826,Female,39,Bhaktapur,Gandaki,Student,PhD,Unmarried,ACC100827,Fixed Deposit,2023-09-24 08:21:16.342,Biratnagar Branch,159688,473,,0,Vehicle,7.63,36636,1297909,47188,83560,10,28,Yes,Yes,106,46872,2,711274,28247,960187,Corporate,2,8,2025-06-27 08:21:16.342,Low,Yes,RM_C
C0080,Customer_80,Female,47,Bhaktapur,Koshi,Business,Master,Married,ACC100081,Fixed Deposit,2022-10-31 08:21:16.236,Kathmandu Branch,116261,740,,0,Personal,15.78,30161,878726,5878,22535,99,59,No,Yes,95,5364,8,338728,45836,1351925,Retail,5,0,2025-10-04 08:21:16.236,Medium,Yes,RM_C
C0149,Customer_149,Female,41,Biratnagar,Gandaki,Doctor,PhD,Married,ACC100150,Fixed Deposit,2025-04-19 08:21:16.246,Bhaktapur Branch,238771,766,,0,Personal,11.67,49563,1213520,56448,90531,58,84,Yes,No,191,23944,5,4493,33538,692132,Retail,2,2,2025-12-24 08:21:16.246,Low,Yes,RM_B
C0303,Customer_303,Female,41,Pokhara,Lumbini,Teacher,+2,Married,ACC100304,Savings,2019-11-11 08:21:16.268,Bhaktapur Branch,214685,686,,0,Education,15.64,37053,434638,27154,88183,69,14,No,No,40,37273,20,621776,8942,1095241,Retail,4,9,2025-10-03 08:21:16.268,Medium,Yes,RM_A
C0449,Customer_449,Male,62,Chitwan,Bagmati,Student,+2,Unmarried,ACC100450,Current,2025-03-23 08:21:16.288,Biratnagar Branch,195115,766,Closed,2122337,Personal,8.34,41014,180027,89472,97321,6,3,No,Yes,91,19842,23,507651,6809,1842491,Retail,3,0,2025-09-19 08:21:16.288,Low,No,RM_A
C0502,Customer_502,Female,38,Chitwan,Koshi,Doctor,+2,Married,ACC100503,Savings,2025/31/12,Chitwan Branch,95779,801,Active,2281582,Home,10.67,20999,362321,29339,25963,12,17,Yes,No,36,40784,26,963861,36550,430335,VIP,2,8,2026-03-16 08:21:16.297,High,Yes,RM_C
C0549,Customer_549,Male,39,Lalitpur,Lumbini,  ,Bachelor,Unmarried,ACC100550,Fixed Deposit,2024-03-08 08:21:16.305,Pokhara Branch,39104,713,,0,Education,6.69,13767,827071,7207,45484,84,55,No,Yes,144,8699,28,803454,9487,1063976,Corporate,5,5,2025-10-26 08:21:16.305,Low,Yes,RM_D
C0842,Customer_842,Female,41,Biratnagar,Gandaki,Engineer,Master,Married,ACC100843,Current,2021-03-21 08:21:16.344,Lalitpur Branch,165779,666,Closed,1654414,Home,6.53,19039,1203456,48353,90000,61,25,No,No,153,28973,1,706731,24882,1841175,VIP,2,1,2025-10-27 08:21:16.344,Low,No,RM_A
C0044,Customer_44,Female,21,Bhaktapur,Lumbini,Engineer,+2,Married,ACC100045,Current,2022-10-06 08:21:16.231,Lalitpur Branch,248000,782,Closed,805400,Vehicle,10.59,49798,1705294,38389,27425,79,7,No,Yes,119,23806,16,617202,13498,1885934,VIP,2,3,2025-09-26 08:21:16.231,Low,Yes,RM_C
C0494,Customer_494,Female,55,Bhaktapur,Gandaki,Business,PhD,Married,ACC100495,Savings,2023-04-03 08:21:16.296,Biratnagar Branch,193637 NPR,504,Closed,1232784,Home,12.07,8405,"NPR 69,625.00",82152,99911,74,77,Yes,Yes,156,17741,11,468448,41196,834614,Corporate,5,10,2026-04-29 08:21:16.296,Low,No,RM_B
C0134,Customer_134,Male,51,Bhaktapur,Bagmati,Doctor,PhD,Unmarried,ACC100135,Savings,2023-12-21 08:21:16.244,Lalitpur Branch,194212,777,Closed,848983,Education,8.38,46472,467367,34055,62196,69,95,Yes,No,186,33922,25,911113,31160,971112,VIP,3,0,2026-02-09 08:21:16.244,Low,Yes,RM_B
C0595,Customer_595,Male,23,Butwal,Koshi,Banker,Bachelor,Unmarried,ACC100596,Fixed Deposit,2023-06-09 08:21:16.311,Kathmandu Branch,218980,738,Closed,1505558,Education,15.08,42736,885936,39329,64982,22,97,Yes,Yes,136,2579,17,756039,1947,649865,VIP,3,6,2026-05-04 08:21:16.311,Medium,No,RM_D
C0312,Customer_312,Female,35,Biratnagar,Koshi,Business,Master,Married,ACC100313,Savings,2022-02-25 08:21:16.269,Biratnagar Branch,225613,536,Closed,156176,Business,6.37,14227,1456607,56785,77004,26,62,Yes,No,192,4907,14,597514,6075,165928,Retail,4,9,2026-03-10 08:21:16.269,High,No,RM_B
C0508,Customer_508,Female,53,Butwal,Lumbini,Analyst,+2,Married,ACC100509,Current,2023-12-30 08:21:16.298,Kathmandu Branch,200955,611,Active,1406331,Education,14.78,47352,1019534,43623,71455,6,30,Yes,No,21,1603,22,325073,40934,1479775,VIP,2,0,2025-07-12 08:21:16.298,Medium,No,RM_D
C0656,Customer_656,Female,33,  biratnagar  ,Koshi,Doctor,Master,Unmarried,ACC100657,SAVINGS,2023-01-28 08:21:16.319,Biratnagar Branch,114381,833,Active,571012,Vehicle,6.69,11586,149606,56229,101413,71,58,No,No,141,13552,28,952438,28254,804516,Retail,5,4,2025-11-19 08:21:16.319,Low,No,RM_A
C0517,Customer_517,Male,31,Bhaktapur,Gandaki,Analyst,+2,Married,ACC100518,Current,2026-03-23 08:21:16.299,Lalitpur Branch,85896,607,Closed,364905,Vehicle,11.86,20145,1349009,52633,22750,58,1,Yes,Yes,151,42801,10,294790,5339,1012070,Retail,1,1,2026-03-08 08:21:16.299,Low,Yes,RM_C
C0850,Customer_850,Female,21,Biratnagar,Gandaki,Teacher,,Married,ACC100851,Savings,2022-04-22 08:21:16.345,Lalitpur Branch,228057,789,,0,Home,14.85,26539,399540,117274,23396,63,84,Yes,No,132,34967,1,92067,32196,72790,VIP,1,8,2025-11-23 08:21:16.345,Medium,No,RM_C
C0812,Customer_812,Female,48,Lalitpur,Bagmati,Doctor,+2,Married,ACC100813,Current,2021-07-04 08:21:16.339,Butwal Branch,203184 NPR,609,Closed,414033,Home,8.58,38513,"NPR 1,248,335.00",61641,49942,99,73,Yes,Yes,181,30707,25,841487,19242,1564924,Corporate,2,3,2025-06-23 08:21:16.340,Low,Yes,RM_B
C0001,Customer_1,Male,47,Pokhara,Gandaki,Business,+2,Unmarried,ACC100002,Current,2024-10-01 08:21:16.224,Biratnagar Branch,193846,585,,0,Business,8.16,35867,804869,42693,108982,58,62,No,Yes,112,24533,2,250100,11949,611742,Retail,5,2,2025-08-17 08:21:16.224,Low,Yes,RM_B
C0783,Customer_783,Male,41,Chitwan,Bagmati,Doctor,+2,Married,ACC100784,Current,2026-01-09 08:21:16.336,Lalitpur Branch,47545,722,,0,Business,12.37,11488,78147,131375,17566,44,18,Yes,Yes,154,1823,9,259483,23290,1372202,VIP,3,4,2025-10-12 08:21:16.336,High,Yes,RM_B
C0383,Customer_383,Female,60,Biratnagar,Lumbini,  ,PhD,Married,ACC100384,Fixed Deposit,2022-07-08 08:21:16.279,Biratnagar Branch,205974,646,Closed,75199,Business,8.13,30248,1041839,112341,109457,95,28,No,Yes,168,20426,28,46423,33262,1711882,Corporate,2,6,2025-12-13 08:21:16.279,High,No,RM_A
C0317,Customer_317,Female,40,Kathmandu,Lumbini,Doctor,Bachelor,Married,ACC100318,Fixed Deposit,2022-05-04 08:21:16.270,Lalitpur Branch,103611,583,Active,618108,Education,12.34,47100,1112306,136492,112277,2,11,No,Yes,155,7445,20,245544,8231,874966,Corporate,2,8,2025-12-04 08:21:16.270,Low,Yes,RM_D
C0762,Customer_762,Male,65,Butwal,Gandaki,Analyst,Master,Married,ACC100763,Savings,2022-05-31 08:21:16.331,Butwal Branch,155652 NPR,674,Closed,1180668,Education,10.91,21762,"NPR 637,714.00",29833,53204,15,68,Yes,Yes,181,38077,1,407915,43321,920344,VIP,4,7,2026-05-24 08:21:16.332,Medium,Yes,RM_D
C0592,Customer_592,Female,65,Lalitpur,Lumbini,Banker,Master,Married,ACC100593,Savings,2021-11-24 08:21:16.311,Lalitpur Branch,90007,763,,0,Business,13.66,16160,1710190,117978,62282,95,26,Yes,No,47,47527,29,985923,23510,439237,Corporate,5,8,2026-06-07 08:21:16.311,Low,Yes,RM_B
C0409,Customer_409,Male,44,  biratnagar  ,Koshi,Engineer,Master,Married,ACC100410,CURRENT,2024-06-23 08:21:16.283,Biratnagar Branch,100498,597,Closed,1097296,Business,14.61,26050,339856,102237,2121,67,37,Yes,Yes,152,5350,25,109091,5683,1947151,Retail,1,10,2026-02-18 08:21:16.283,High,Yes,RM_C
C0942,Customer_942,Female,21,Kathmandu,Lumbini,Analyst,Master,Unmarried,ACC100943,Savings,2025-03-31 08:21:16.357,Lalitpur Branch,48635,-999,,0,Vehicle,13.83,12181,1550154,42683,91229,2,32,Yes,Yes,6,33979,0,696854,39330,1814782,VIP,1,3,2025-10-08 08:21:16.357,Medium,Yes,RM_B
C0412,Customer_412,Male,21,Chitwan,Gandaki,Banker,PhD,Unmarried,ACC100413,Savings,2025-06-05 08:21:16.283,Chitwan Branch,63739 NPR,514,Active,879975,Vehicle,12.66,24105,"NPR 1,579,605.00",59842,98601,88,42,No,Yes,36,28557,1,693082,11872,1917887,Retail,4,5,2025-08-08 08:21:16.283,Low,Yes,RM_D
C0751,Customer_751,Female,52,Chitwan,Bagmati,Student,Bachelor,Unmarried,ACC100752,Current,2021-02-14 08:21:16.330,Chitwan Branch,132379,641,Closed,2349822,Personal,10.27,41961,128413,126982,51399,3,73,Yes,No,194,9660,24,996147,26356,1569923,Retail,4,10,2025-07-16 08:21:16.330,High,No,RM_B
C0173,Customer_173,Female,54,Chitwan,Koshi,Analyst,+2,Married,ACC100174,Savings,2020-12-01 08:21:16.248,Chitwan Branch,31252,816,Active,1918944,Business,9.19,16455,1611763,55712,63902,94,6,No,No,34,27257,1,989477,21071,184123,VIP,4,2,2025-07-02 08:21:16.248,High,Yes,RM_C
C0126,Customer_126,Male,36,Bhaktapur,Koshi,Banker,PhD,Unmarried,ACC100127,Current,2024-01-16 08:21:16.243,Lalitpur Branch,95165,577,Active,298848,Business,8.66,9468,329713,56105,110761,9,79,Yes,Yes,20,2623,23,167822,28502,426533,Retail,5,0,2026-06-07 08:21:16.243,Low,Yes,RM_A
C0697,Customer_697,Male,49,Biratnagar,Lumbini,Analyst,+2,Married,ACC100698,Fixed Deposit,2026-04-14 08:21:16.324,Butwal Branch,30780,731,Closed,1716535,Education,13.31,38330,1910905,72919,41416,0,77,No,No,11,5196,8,780456,33005,1278871,VIP,1,5,2026-02-04 08:21:16.324,Low,No,RM_D
C0500,Customer_500,Female,36,Lalitpur,Koshi,Analyst,PhD,Unmarried,ACC100501,Savings,2020-02-25 08:21:16.297,Bhaktapur Branch,208811 NPR,741,,0,Education,7.5,30392,"NPR 584,783.00",37766,25537,49,80,No,Yes,113,16270,18,16110,35929,1871666,Corporate,2,3,2025-09-13 08:21:16.297,Medium,Yes,RM_A
C0597,Customer_597,Male,38,  butwal  ,Bagmati,Doctor,Master,Unmarried,ACC100598,SAVINGS,2020-07-21 08:21:16.312,Kathmandu Branch,182047,479,Active,210022,Business,12.94,26192,1491734,55176,11538,94,83,No,No,90,23222,13,496235,15159,215275,Corporate,1,9,2026-04-17 08:21:16.312,Low,Yes,RM_A
C0972,Customer_972,Female,56,Pokhara,Lumbini,Banker,+2,Married,ACC100973,Savings,2025-08-26 08:21:16.360,Lalitpur Branch,123817,631,,0,Personal,15.3,35105,1774368,123136,42260,49,91,Yes,No,188,14804,24,790517,35368,317623,Retail,2,9,2026-04-22 08:21:16.360,High,No,RM_B
C0091,Customer_91,Male,64,Pokhara,Lumbini,Doctor,Master,Unmarried,ACC100092,Fixed Deposit,2025-04-14 08:21:16.237,Bhaktapur Branch,237613,750,,0,Business,13.64,46042,1363648,62699,75104,41,10,No,No,138,12046,5,992382,36240,1188564,Corporate,1,10,2026-02-04 08:21:16.237,Medium,Yes,RM_C
C0812,Customer_812,Female,48,Lalitpur,Bagmati,Doctor,+2,Married,ACC100813,Current,2021-07-04 08:21:16.339,Butwal Branch,203184 NPR,609,Closed,414033,Home,8.58,38513,"NPR 1,248,335.00",61641,49942,99,73,Yes,Yes,181,30707,25,841487,19242,1564924,Corporate,2,3,2025-06-23 08:21:16.340,Low,Yes,RM_B
C0182,Customer_182,Male,22,Kathmandu,Gandaki,Engineer,Bachelor,Unmarried,ACC100183,Fixed Deposit,2020-05-23 08:21:16.252,Pokhara Branch,141052,515,Closed,386018,Business,6.57,7175,1161271,78554,39676,52,60,Yes,No,99,38247,20,782994,35612,224757,Corporate,3,6,2025-06-15 08:21:16.252,Medium,Yes,RM_B
C0364,Customer_364,Male,21,Bhaktapur,Lumbini,Engineer,Bachelor,Unmarried,ACC100365,Current,2020-06-12 08:21:16.276,Chitwan Branch,135212,612,Closed,-1949230.5,Personal,11.14,42610,38556,64063,106551,17,91,Yes,Yes,21,45197,24,841155,38385,1890341,VIP,1,8,2025-10-04 08:21:16.276,High,No,RM_C
C0275,Customer_275,Female,61,Chitwan,Gandaki,Teacher,Bachelor,Married,ACC100276,Fixed Deposit,2019-12-26 08:21:16.264,Biratnagar Branch,230854,467,,0,Education,12.46,27138,504823,1676,83945,75,5,No,Yes,7,46179,7,277272,26430,1710958,Retail,5,10,2026-02-08 08:21:16.264,High,Yes,RM_A
C0753,Customer_753,Female,62,Kathmandu,Gandaki,Business,Master,Married,ACC100754,Savings,2022-06-27 08:21:16.330,Biratnagar Branch,245636,764,Closed,2460318,Vehicle,11.2,41163,1714094,115423,108520,74,14,No,No,145,49580,15,107765,15666,999660,Retail,4,2,2025-11-01 08:21:16.330,Low,Yes,RM_D
C0963,Customer_963,Male,32,Bhaktapur,Gandaki,Engineer,Master,Married,ACC100964,Fixed Deposit,2022-07-02 08:21:16.359,Chitwan Branch,65476,515,Closed,1799832,Home,10.09,31173,1599999,110693,95604,11,19,No,Yes,104,47593,21,467452,38221,1823802,Retail,2,2,2025-12-27 08:21:16.359,Low,No,RM_B
C0070,Customer_70,Female,37,Bhaktapur,Lumbini,Banker,+2,Married,ACC100071,Current,2021-10-14 08:21:16.234,Kathmandu Branch,119393,576,Active,1487103,Education,15.79,48213,1036544,63190,42610,3,7,No,No,83,12582,17,21642,46064,717528,Corporate,3,7,2025-09-11 08:21:16.234,Low,No,RM_A
C0292,Customer_292,Female,22,Chitwan,Koshi,Student,Bachelor,Married,ACC100293,Fixed Deposit,2021-04-20 08:21:16.266,Bhaktapur Branch,150290,648,,0,Education,12.27,42041,1971344,46874,25610,16,53,No,Yes,49,13375,6,335038,46432,1163142,Retail,4,7,2025-10-20 08:21:16.266,Medium,No,RM_C
C0132,Customer_132,Male,55,Chitwan,Gandaki,Banker,Master,Unmarried,ACC100133,Savings,2021-09-20 08:21:16.244,Kathmandu Branch,135290,695,Active,1944346,Home,7.68,17159,1394312,13334,56445,27,80,Yes,No,7,5991,9,372744,32139,1613495,VIP,4,8,2026-01-13 08:21:16.244,Medium,No,RM_A
C0301,Customer_301,Male,34,Bhaktapur,Gandaki,Business,Master,Married,ACC100302,Current,2019-09-16 08:21:16.268,Biratnagar Branch,231073,789,,0,Vehicle,7.58,18961,1741789,136664,34830,69,27,No,Yes,139,5341,17,87876,33910,1312048,Corporate,4,0,2026-02-14 08:21:16.268,Low,Yes,RM_B
C0713,Customer_713,Male,63,Chitwan,Gandaki,Business,Master,Married,ACC100714,Current,2025-08-27 08:21:16.326,Chitwan Branch,36530,555,Closed,1203278,Business,9.11,5788,394552,17371,12449,49,17,No,Yes,152,27914,1,859584,22008,1265141,Corporate,5,9,2026-05-20 08:21:16.326,Low,No,RM_D
C0327,Customer_327,Female,43,Butwal,Bagmati,Teacher,PhD,Married,ACC100328,Current,2020-10-28 08:21:16.271,Pokhara Branch,61786,778,Closed,1886336,Home,14.65,12231,129174,86478,85639,97,52,Yes,Yes,157,14928,22,90615,47854,352775,Retail,3,8,2026-04-11 08:21:16.271,Medium,No,RM_C
C0145,Customer_145,Female,40,Bhaktapur,Koshi,Business,Bachelor,Married,ACC100146,Fixed Deposit,2024-03-21 08:21:16.245,Chitwan Branch,241414,641,Active,995442,Personal,13.78,23909,597507,110784,9543,6,2,Yes,Yes,127,38038,29,185846,23779,589982,Corporate,5,10,2026-01-19 08:21:16.245,Medium,Yes,RM_C
C0522,Customer_522,Male,47,Lalitpur,Bagmati,Student,Bachelor,Unmarried,ACC100523,Current,2022-07-31 08:21:16.300,Pokhara Branch,145388 NPR,565,,0,Home,10.9,3735,"NPR 909,025.00",110402,106247,14,37,No,No,7,14986,16,606542,41079,166802,Retail,1,5,2025-12-05 08:21:16.300,Low,No,RM_D
C0964,Customer_964,Male,65,  butwal  ,Koshi,Student,Bachelor,Married,ACC100965,SAVINGS,2024-07-18 08:21:16.359,Lalitpur Branch,127492,706,,0,Home,11.05,11398,1938228,144247,106399,77,92,Yes,No,44,6894,9,214348,20319,1453428,Retail,1,3,2025-11-14 08:21:16.359,Low,Yes,RM_D
C0887,Customer_887,Female,32,Chitwan,Bagmati,Banker,Bachelor,Unmarried,ACC100888,Fixed Deposit,2021-07-13 08:21:16.350,Biratnagar Branch,223018,699,Closed,682848,Business,11.38,6364,608994,12887,16001,55,58,Yes,Yes,14,35470,19,870772,13469,1219036,VIP,5,8,2026-04-03 08:21:16.350,High,Yes,RM_B
C0136,Customer_136,Male,61,Butwal,Bagmati,Analyst,Bachelor,Married,ACC100137,Current,2021-08-01 08:21:16.244,Chitwan Branch,142282,657,,0,Business,10.24,49848,1831979,69144,73050,59,21,Yes,No,8,20215,2,596592,1172,618959,Retail,5,8,2025-08-04 08:21:16.244,High,Yes,RM_B
C0997,Customer_997,Female,42,Kathmandu,Gandaki,Analyst,PhD,Married,ACC100998,Savings,2021-04-12 08:21:16.363,Kathmandu Branch,158899,723,Closed,1933417,Business,13.85,19549,1566641,103306,112297,67,44,Yes,No,1,10091,4,281304,4022,1715424,VIP,2,7,2026-04-21 08:21:16.363,Low,Yes,RM_A
C0723,Customer_723,Female,21,Butwal,Koshi,Doctor,+2,Married,ACC100724,Savings,2023-03-12 08:21:16.327,Kathmandu Branch,93690,532,Closed,1901043,Business,12.0,39633,1073752,63681,57051,88,82,Yes,Yes,187,30674,2,871680,2063,1016486,Corporate,5,2,2026-01-03 08:21:16.327,High,Yes,RM_D
C0165,Customer_165,Male,25,Pokhara,Gandaki,Doctor,PhD,Unmarried,ACC100166,Savings,2025-09-14 08:21:16.247,Lalitpur Branch,116527,789,Closed,1937114,Personal,6.05,48507,1759880,97651,89688,13,14,No,No,136,49179,20,929972,7018,732275,Retail,4,9,2025-11-27 08:21:16.247,High,Yes,RM_B
C0029,Customer_29,Male,47,Butwal,Bagmati,Analyst,PhD,Married,ACC100030,Savings,2026-01-26 08:21:16.229,Butwal Branch,162058,710,Closed,1235653,Vehicle,15.07,21138,703095,80791,91182,76,33,No,No,76,11236,26,885734,3860,166868,Corporate,4,3,2026-04-07 08:21:16.229,High,No,RM_C
C0680,Customer_680,Female,36,Lalitpur,Gandaki,N/A,PhD,Unmarried,ACC100681,Fixed Deposit,2020-12-22 08:21:16.321,Biratnagar Branch,127115,800,,0,Education,9.75,46988,1751872,35364,111629,25,93,No,Yes,89,30115,20,661926,48763,1915068,Corporate,4,7,2025-09-30 08:21:16.321,Medium,No,RM_B
C0194,Customer_194,Female,41,Kathmandu,Koshi,Banker,+2,Unmarried,ACC100195,Savings,2020-02-07 08:21:16.253,Lalitpur Branch,136284,741,Closed,733474,Home,15.57,35554,1340878,110966,10287,93,92,No,No,153,41040,30,200379,16581,1501347,Retail,5,10,2026-06-05 08:21:16.253,High,No,RM_C
C0903,Customer_903,Female,48,Butwal,Bagmati,Business,Master,Unmarried,ACC100904,Savings,2019-08-18 08:21:16.352,Biratnagar Branch,68227 NPR,831,Active,81816,Personal,7.82,35676,"NPR 1,246,933.00",79651,108094,96,4,No,No,52,8181,27,155427,11735,1287962,Corporate,3,5,2026-02-19 08:21:16.352,Low,No,RM_A
C0814,Customer_814,Female,41,Lalitpur,Bagmati,Teacher,+2,Married,ACC100815,Current,2023-05-10 08:21:16.340,Chitwan Branch,208279,713,Closed,1592627,Business,7.69,23354,1456254,52338,56390,18,73,No,No,67,19493,26,22739,45955,1706001,Retail,1,8,2026-05-26 08:21:16.340,Medium,No,RM_C
C0434,Customer_434,Female,25,Biratnagar,Bagmati,Banker,+2,Unmarried,ACC100435,Fixed Deposit,2023-05-10 08:21:16.286,Bhaktapur Branch,147084,474,Closed,1773679,Business,12.29,49018,1577018,146850,44911,63,52,No,No,80,37837,22,183722,34687,1326934,Corporate,5,6,2026-03-29 08:21:16.286,High,No,RM_B
C0988,Customer_988,Male,24,Butwal,Gandaki,Business,PhD,Married,ACC100989,Savings,2020-10-17 08:21:16.362,Chitwan Branch,148915,524,Closed,2953439,Personal,14.37,7629,196133,52826,31943,93,39,No,Yes,78,39311,11,140386,44557,1066088,Retail,4,10,2025-11-02 08:21:16.362,Low,Yes,RM_C
C0170,Customer_170,Female,61,Biratnagar,Lumbini,Business,PhD,Unmarried,ACC100171,Fixed Deposit,2024-12-02 08:21:16.248,Pokhara Branch,121071,536,Active,2720909,Home,12.73,23343,1628356,123871,68358,14,57,Yes,No,28,28901,16,323139,29723,1568143,VIP,1,8,2025-06-14 08:21:16.248,Medium,Yes,RM_A
C0542,Customer_542,Male,45,Biratnagar,Koshi,Student,Bachelor,Married,ACC100543,Current,2025-03-26 08:21:16.303,Lalitpur Branch,238541,795,,0,Business,13.28,19189,1542431,56384,25247,79,79,Yes,Yes,178,46600,30,489115,40457,14939,Corporate,3,1,2026-04-07 08:21:16.303,Medium,Yes,RM_B
C0141,Customer_141,Male,35,Chitwan,Bagmati,Student,Bachelor,Married,ACC100142,Fixed Deposit,2024-12-04 08:21:16.245,Lalitpur Branch,185421,823,,0,Personal,14.47,47125,1395484,17749,57926,5,71,No,No,199,3339,20,305017,39156,465926,Corporate,1,2,2025-12-17 08:21:16.245,Medium,Yes,RM_C
C0174,Customer_174,Female,45,Lalitpur,Gandaki,Teacher,+2,Married,ACC100175,Fixed Deposit,2024-09-26 08:21:16.248,Chitwan Branch,217931,822,,0,Personal,11.77,45591,490201,70742,95250,19,6,Yes,Yes,155,4951,3,737487,5307,1957823,VIP,3,3,2025-09-20 08:21:16.248,High,Yes,RM_A
C0007,Customer_7,Female,46,Pokhara,Bagmati,Student,PhD,Unmarried,ACC100008,Savings,2020-02-18 08:21:16.225,Chitwan Branch,190848,759,Active,441396,Personal,10.35,2513,1355172,64193,8425,44,89,No,Yes,179,7159,19,502578,30855,1050192,VIP,1,10,2025-07-01 08:21:16.225,Low,Yes,RM_B
C0821,Customer_821,Male,38,Pokhara,Koshi,Doctor,Bachelor,Unmarried,ACC100822,Current,2023-04-30 08:21:16.341,Lalitpur Branch,59345 NPR,603,Closed,942062,Vehicle,8.87,34316,"NPR 1,429,392.00",86146,108114,53,47,Yes,No,38,17860,5,288762,19364,1559016,Retail,3,3,2025-11-07 08:21:16.341,Low,No,RM_C
C0536,Customer_536,Female,25,  lalitpur  ,Bagmati,Doctor,+2,Unmarried,ACC100537,SAVINGS,2024-10-14 08:21:16.302,Bhaktapur Branch,52944,572,,0,Personal,6.03,37342,1740552,5039,40968,37,95,Yes,No,49,42623,5,402368,2141,1392975,Corporate,2,5,2025-11-07 08:21:16.302,High,No,RM_B
C0962,Customer_962,Male,49,Bhaktapur,Gandaki,Business,+2,Unmarried,ACC100963,Fixed Deposit,2022-04-26 08:21:16.359,Biratnagar Branch,27804,649,Closed,423549,Personal,12.24,12016,1782918,46760,76306,4,2,No,No,156,20360,15,239792,30468,1862825,Retail,1,8,2025-08-27 08:21:16.359,Medium,No,RM_D
C0856,Customer_856,Female,60,Chitwan,Koshi,Teacher,Master,Married,ACC100857,Savings,2021-06-30 08:21:16.346,Pokhara Branch,211582,664,Active,507300,Vehicle,8.27,25420,107131,46535,45269,71,44,No,No,145,3641,8,401706,23215,15587,Retail,5,3,2026-04-02 08:21:16.346,Low,No,RM_B
C0074,Customer_74,Male,46,Chitwan,Bagmati,Banker,Master,Married,ACC100075,Savings,2025-03-04 08:21:16.235,Bhaktapur Branch,88771,568,Closed,2811471,Personal,7.58,22372,1484605,56533,108167,83,55,Yes,No,162,30150,14,610453,28448,1719607,Corporate,4,5,2025-11-14 08:21:16.235,Low,Yes,RM_D
C0738,Customer_738,Male,37,Pokhara,Gandaki,Banker,Bachelor,Married,ACC100739,Savings,2022-12-23 08:21:16.329,Bhaktapur Branch,84689 NPR,798,,0,Home,8.5,39934,"NPR 823,667.00",105504,88996,71,92,No,No,186,3112,29,35894,28755,75119,Corporate,5,5,2025-10-06 08:21:16.329,High,No,RM_A
C0528,Customer_528,Male,40,Butwal,Lumbini,Doctor,PhD,Married,ACC100529,Savings,2022-07-08 08:21:16.301,Chitwan Branch,32229 NPR,806,Closed,1189703,Education,12.5,4949,"NPR 1,925,243.00",92968,20712,75,39,No,No,123,23890,19,624887,14550,1535431,Retail,1,8,2026-05-17 08:21:16.301,Low,Yes,RM_A
C0239,Customer_239,Male,20,Butwal,Bagmati,Student,Bachelor,Married,ACC100240,Current,2020-11-01 08:21:16.259,Chitwan Branch,123386,591,Active,2443550,Home,9.84,26830,804490,42008,38317,4,27,Yes,No,126,48337,18,981666,49990,47539,Corporate,3,8,2025-12-28 08:21:16.259,Medium,Yes,RM_B
C0146,Customer_146,Male,44,Pokhara,Lumbini,Business,Bachelor,Unmarried,ACC100147,Savings,2023-10-10 08:21:16.245,Butwal Branch,87592,821,,0,Vehicle,13.85,17637,272427,13182,51945,34,92,Yes,Yes,64,38619,20,207629,43066,39071,VIP,5,5,2025-09-10 08:21:16.245,Medium,Yes,RM_D
C0853,Customer_853,Female,32,Lalitpur,Bagmati,Engineer,+2,Married,ACC100854,Fixed Deposit,2021-07-19 08:21:16.345,Butwal Branch,227603,724,Active,2144728,Business,6.66,40153,1440966,144306,114792,50,29,No,No,173,25062,29,550621,28914,446132,Corporate,2,6,2026-04-13 08:21:16.345,High,No,RM_D
C0235,Customer_235,Female,40,Bhaktapur,Gandaki,Banker,+2,Unmarried,ACC100236,Fixed Deposit,2021-07-01 08:21:16.259,Lalitpur Branch,128151,646,,0,Personal,10.51,10308,588915,111396,98607,40,68,No,Yes,53,19149,2,823143,27306,693285,Corporate,2,7,2025-09-25 08:21:16.259,Medium,No,RM_A
C0221,Customer_221,Female,30,Chitwan,Gandaki,Engineer,+2,Married,ACC100222,Current,2026-03-26 08:21:16.257,Lalitpur Branch,90732,580,Active,1206391,Education,7.02,31451,851060,5157,26142,10,57,No,No,140,1179,7,263499,2404,341372,VIP,1,9,2026-01-26 08:21:16.257,High,No,RM_C
C0215,Customer_215,Female,46,Biratnagar,Koshi,Analyst,Master,Married,ACC100216,Savings,2022-04-11 08:21:16.256,Butwal Branch,155922,496,Active,2719777,Business,9.06,22205,1899873,137638,117568,66,14,Yes,No,56,28956,5,138626,31570,717163,Corporate,3,8,2025-10-07 08:21:16.256,Low,No,RM_B
C0712,Customer_712,Female,57,Biratnagar,Gandaki,Analyst,Master,Married,ACC100713,Current,2024-10-01 08:21:16.325,Chitwan Branch,102326,723,Active,888201,Business,7.43,30110,1565014,91808,17458,53,68,No,No,152,35659,23,232429,24125,1982924,Retail,2,4,2025-08-11 08:21:16.325,Low,No,RM_D
C0133,Customer_133,Female,40,Kathmandu,Lumbini,Teacher,Master,Married,ACC100134,Current,2026-04-10 08:21:16.244,Kathmandu Branch,158195,636,Active,1316249,Home,13.36,40441,1051728,47860,112730,9,12,No,No,185,8947,2,700649,18070,24619,Retail,3,5,2026-04-17 08:21:16.244,Low,No,RM_A
C0602,Customer_602,Female,33,Butwal,Lumbini,Doctor,Master,Married,ACC100603,Savings,2022-06-19 08:21:16.312,Bhaktapur Branch,130815 NPR,598,,0,Vehicle,6.89,20996,"NPR 1,675,337.00",102651,69022,9,94,No,Yes,137,5042,20,553081,15554,628859,Retail,2,3,2025-10-17 08:21:16.312,Low,No,RM_C
C0907,Customer_907,Male,39,Chitwan,Gandaki,Student,Bachelor,Married,ACC100908,Savings,2022-05-25 08:21:16.352,Pokhara Branch,85496,647,Active,1509021,Education,8.77,17254,363045,54182,8548,31,56,Yes,No,164,7336,8,568766,16339,1131553,Corporate,2,10,2026-06-06 08:21:16.352,High,No,RM_B
C0708,Customer_708,Female,26,Lalitpur,Koshi,Doctor,+2,Married,ACC100709,Fixed Deposit,2026-05-06 08:21:16.325,Pokhara Branch,155710,658,Active,592777,Education,6.41,28091,1142484,99101,2133,54,4,Yes,Yes,84,7822,1,983798,41853,1238191,VIP,2,10,2026-06-08 08:21:16.325,High,No,RM_B
C0423,Customer_423,Male,52,Pokhara,Lumbini,Engineer,+2,Married,ACC100424,Savings,2021-01-14 08:21:16.285,Biratnagar Branch,130444,522,,0,Business,8.61,30539,752429,17197,64683,0,38,No,Yes,68,39906,23,984246,462,814480,Corporate,4,3,2026-05-24 08:21:16.285,Medium,No,RM_D
C0186,Customer_186,Male,62,Butwal,Lumbini,Analyst,Master,Unmarried,ACC100187,Savings,2024-03-30 08:21:16.252,Chitwan Branch,76892,759,Active,2223227,Vehicle,9.71,37800,827956,15976,7103,47,27,Yes,No,10,7610,15,792181,15509,1432805,VIP,2,5,2025-08-02 08:21:16.252,Medium,No,RM_B
C0042,Customer_42,Male,56,Bhaktapur,Lumbini,Business,Master,Married,ACC100043,Savings,2022-07-11 08:21:16.231,Pokhara Branch,62844,828,,0,Vehicle,8.08,21122,1846416,10761,7285,76,92,Yes,No,20,17024,7,755070,26371,1270751,Corporate,3,6,2026-04-13 08:21:16.231,Low,Yes,RM_A
C0768,Customer_768,Male,38,Chitwan,Lumbini,Engineer,PhD,Unmarried,ACC100769,Savings,2021-08-04 08:21:16.334,Biratnagar Branch,40984,-999,,0,Business,13.8,16285,1047604,144238,32442,60,43,No,No,106,10054,27,170861,12500,554579,Retail,3,8,2025-11-21 08:21:16.334,Low,Yes,RM_D
C0109,Customer_109,Female,24,Chitwan,Gandaki,Banker,Bachelor,Unmarried,ACC100110,Fixed Deposit,2020-09-05 08:21:16.241,Chitwan Branch,227123,764,Active,2505383,Education,8.51,27367,1532693,25249,115017,58,13,No,No,191,41456,15,10737,29521,794707,Corporate,5,8,2025-09-12 08:21:16.241,Low,No,RM_C
C0636,Customer_636,Male,58,Kathmandu,Bagmati,N/A,Master,Married,ACC100637,Fixed Deposit,2026-05-08 08:21:16.316,Pokhara Branch,196037,598,Closed,2795390,Home,9.96,24626,1354288,53718,33641,2,20,Yes,No,188,49199,7,797176,36584,67749,Corporate,2,0,2025-11-22 08:21:16.316,Low,No,RM_D
C0057,Customer_57,Female,49,Butwal,Gandaki,Teacher,Bachelor,Married,ACC100058,Savings,2026-02-15 08:21:16.232,Biratnagar Branch,243981,488,Active,1789400,Home,14.44,13730,1322453,27104,70828,48,91,Yes,Yes,59,24518,21,9024,43663,821478,VIP,2,2,2026-01-01 08:21:16.232,Low,No,RM_D
C0483,Customer_483,Male,37,Lalitpur,Bagmati,Engineer,Bachelor,Married,ACC100484,Fixed Deposit,2023-05-15 08:21:16.294,Biratnagar Branch,148671,779,Active,382466,Vehicle,9.92,17487,1623143,77878,42574,60,29,No,Yes,15,16740,20,998205,3084,1949239,VIP,3,8,2025-07-21 08:21:16.294,High,Yes,RM_B
C0754,Customer_754,Male,23,Kathmandu,Koshi,  ,PhD,Married,ACC100755,Savings,2024-04-07 08:21:16.331,Butwal Branch,58189,560,,0,Business,8.78,16011,1328321,17851,105734,84,26,Yes,Yes,76,24557,15,675385,44052,767982,VIP,4,5,2026-01-21 08:21:16.331,Low,Yes,RM_D
C0794,Customer_794,Male,37,Butwal,Bagmati,Doctor,PhD,Unmarried,ACC100795,Savings,2021-06-25 08:21:16.337,Lalitpur Branch,189168,512,,0,Education,13.26,31828,450232,62812,96679,75,94,Yes,Yes,64,29137,2,695004,17443,188825,Retail,3,10,2025-06-29 08:21:16.337,Medium,No,RM_A
C0469,Customer_469,Male,21,Chitwan,Lumbini,Analyst,+2,Married,ACC100470,Current,2025/31/12,Pokhara Branch,84471,520,,0,Business,7.51,2441,1345075,16754,79104,97,13,No,No,82,27476,6,186211,2717,858247,Retail,4,3,2026-06-03 08:21:16.291,Low,Yes,RM_A
C0927,Customer_927,Female,43,Pokhara,Bagmati,Banker,Bachelor,Married,ACC100928,Current,2019-10-16 08:21:16.355,Pokhara Branch,239781,804,Active,664016,Home,14.0,34425,1260489,74432,4585,84,89,No,No,146,39065,13,415791,43973,391859,Retail,1,8,2026-03-01 08:21:16.355,Low,Yes,RM_D
C0436,Customer_436,Female,60,Butwal,Koshi,Doctor,Master,Unmarried,ACC100437,Savings,2021-03-19 08:21:16.286,Chitwan Branch,248277,573,Active,304877,Vehicle,10.69,29468,1893542,59862,86935,43,35,No,Yes,39,43316,22,94768,20076,1442155,Retail,3,1,2026-03-22 08:21:16.287,Medium,No,RM_C
C0025,Customer_25,Female,22,Pokhara,Bagmati,Teacher,Bachelor,Married,ACC100026,Savings,2026-01-07 08:21:16.228,Biratnagar Branch,102979,655,Active,85550,Home,11.79,33359,667015,27003,10174,9,73,Yes,Yes,2,46915,12,57984,14438,131082,Retail,1,9,2025-09-06 08:21:16.228,Low,Yes,RM_C
C0550,Customer_550,Female,37,Lalitpur,Koshi,Student,Bachelor,Unmarried,ACC100551,Savings,2025-06-18 08:21:16.306,Biratnagar Branch,223260 NPR,759,Closed,2655868,Home,12.35,28442,"NPR 1,707,041.00",85582,119673,57,30,No,Yes,60,8554,15,983511,4151,964837,VIP,2,6,2025-10-29 08:21:16.306,Low,Yes,RM_A
C0519,Customer_519,Male,51,Bhaktapur,Koshi,Banker,Bachelor,Married,ACC100520,Current,2019-08-19 08:21:16.299,Lalitpur Branch,248855,816,Closed,2700969,Personal,14.38,16621,135672,19280,42899,29,1,Yes,No,131,31674,22,157742,8677,606510,VIP,4,7,2026-03-04 08:21:16.299,Low,No,RM_C
C0838,Customer_838,Male,53,Butwal,Bagmati,Business,Master,Married,ACC100839,Savings,2025-04-27 08:21:16.344,Lalitpur Branch,49856 NPR,491,,0,Business,13.8,39224,"NPR 898,845.00",10675,114866,50,38,No,Yes,138,24609,24,259980,47901,146176,Retail,5,6,2026-04-25 08:21:16.344,Medium,Yes,RM_B
C0668,Customer_668,Male,23,Butwal,Bagmati,Business,PhD,Married,ACC100669,Savings,2026-03-10 08:21:16.320,Pokhara Branch,96821,527,Closed,387538,Personal,6.15,48527,1108071,93801,27708,44,14,No,Yes,77,12875,10,194484,49879,1463042,Corporate,4,3,2025-12-29 08:21:16.320,Medium,No,RM_B
C0175,Customer_175,Female,48,Pokhara,Gandaki,Banker,Master,Married,ACC100176,Current,2023-03-21 08:21:16.248,Lalitpur Branch,77786 NPR,470,Active,911842,Education,7.88,38529,"NPR 700,859.00",64998,25817,8,87,Yes,No,149,40193,12,922666,27425,1259947,Corporate,4,2,2026-06-11 08:21:16.248,High,No,RM_D
C0998,Customer_998,Female,25,Kathmandu,Gandaki,Engineer,PhD,Unmarried,ACC100999,Fixed Deposit,2023-06-02 08:21:16.364,Chitwan Branch,235870,729,,0,Vehicle,9.91,10273,1863949,47037,12988,66,38,Yes,No,150,35902,14,507214,4782,206047,Retail,4,0,2025-07-23 08:21:16.364,Medium,Yes,RM_A
C0339,Customer_339,Male,36,Chitwan,Bagmati,Analyst,PhD,Married,ACC100340,Current,2021-09-01 08:21:16.272,Pokhara Branch,156936,737,,0,Vehicle,10.95,28770,905637,27778,46253,0,100,No,Yes,185,10478,18,43197,38057,94608,Retail,5,3,2026-06-10 08:21:16.272,Low,No,RM_A
C0052,Customer_52,Male,57,Pokhara,Gandaki,Business,Bachelor,Unmarried,ACC100053,Current,2020-09-01 08:21:16.232,Pokhara Branch,140623,758,,0,Business,13.89,42860,723879,133456,25381,40,98,Yes,No,66,20716,9,49598,37280,1067130,Corporate,3,2,2025-08-01 08:21:16.232,Low,Yes,RM_B
C0384,Customer_384,Male,62,Lalitpur,Bagmati,Banker,+2,Unmarried,ACC100385,Savings,2021-07-13 08:21:16.279,Butwal Branch,213721,669,Closed,1414813,Vehicle,10.57,31157,1225130,123495,93798,54,81,No,No,20,34385,10,547265,18848,1637462,Corporate,1,4,2026-05-08 08:21:16.279,Medium,No,RM_C
C0862,Customer_862,Female,48,Chitwan,Lumbini,Analyst,+2,Married,ACC100863,Fixed Deposit,2025-04-22 08:21:16.347,Bhaktapur Branch,138461,591,Active,1343781,Education,6.43,42628,1893146,107344,88933,6,54,No,Yes,188,45369,14,514974,46979,615392,Corporate,5,0,2025-08-13 08:21:16.347,High,No,RM_C
C0990,Customer_990,Male,33,Chitwan,Bagmati,Student,Master,Unmarried,ACC100991,Fixed Deposit,2025-09-15 08:21:16.363,Chitwan Branch,208406,764,,-0.0,Business,7.57,41324,1734241,119542,33336,13,16,No,No,162,40033,25,247890,48717,802728,VIP,2,5,2025-08-07 08:21:16.363,High,Yes,RM_C
C0683,Customer_683,Male,43,Pokhara,Bagmati,Analyst,Master,Married,ACC100684,Fixed Deposit,2022-09-11 08:21:16.322,Kathmandu Branch,176515,612,Closed,520716,Vehicle,10.47,24081,966934,67558,5570,33,100,No,No,195,30682,11,304644,26994,1817571,Corporate,1,6,2026-01-28 08:21:16.322,Low,Yes,RM_C
C0996,Customer_996,Female,21,Kathmandu,Gandaki,Student,,Married,ACC100997,Fixed Deposit,2024-04-05 08:21:16.363,Chitwan Branch,77899,525,Active,2495774,Business,10.06,45956,432845,36784,109147,20,55,No,No,70,20704,6,856584,33306,1248852,VIP,4,10,2025-11-02 08:21:16.363,Medium,No,RM_A
C0265,Customer_265,Male,38,Chitwan,Bagmati,Teacher,PhD,Unmarried,ACC100266,Current,2025-07-01 08:21:16.262,Chitwan Branch,120507,524,Closed,404627,Business,13.22,40920,543506,107567,49556,70,86,Yes,Yes,46,8893,3,498599,26975,59291,Corporate,3,4,2025-07-14 08:21:16.262,High,Yes,RM_D
C0709,Customer_709,Female,61,  lalitpur  ,Bagmati,Doctor,Master,Married,ACC100710,CURRENT,2025-03-15 08:21:16.325,Pokhara Branch,78061,505,Active,1964403,Personal,8.56,34010,1464741,23840,110601,61,51,No,No,52,32319,7,759251,20785,236785,VIP,1,9,2025-12-06 08:21:16.325,Low,No,RM_B
C0766,Customer_766,Female,39,Butwal,Bagmati,Doctor,Bachelor,Unmarried,ACC100767,Fixed Deposit,2025-09-17 08:21:16.333,Chitwan Branch,166899,788,,0,Education,12.71,5523,605860,91502,26974,45,91,Yes,Yes,165,38042,4,392423,25959,1402522,Retail,3,4,2025-08-28 08:21:16.333,High,No,RM_B
C0737,Customer_737,Female,22,Pokhara,Lumbini,Doctor,PhD,Married,ACC100738,Fixed Deposit,2021-06-10 08:21:16.328,Chitwan Branch,145645,456,,0,Vehicle,15.01,14026,1829489,73273,118336,32,21,Yes,No,113,19580,6,774966,10114,1388076,Retail,4,5,2026-03-29 08:21:16.328,Low,Yes,RM_B
C0445,Customer_445,Female,46,Butwal,Gandaki,Doctor,Master,Unmarried,ACC100446,Savings,2023-12-14 08:21:16.288,Pokhara Branch,49577,778,Active,2512170,Personal,10.32,12580,510514,92045,58623,57,24,Yes,No,58,34593,27,419866,40792,535900,VIP,3,7,2026-03-23 08:21:16.288,High,Yes,RM_C
C0396,Customer_396,Male,56,Biratnagar,Bagmati,Banker,+2,Married,ACC100397,Fixed Deposit,2026-05-09 08:21:16.281,Lalitpur Branch,34392,796,Active,719248,Home,10.41,11222,1089455,58915,62885,51,32,No,No,173,19562,15,945699,24123,1076229,Corporate,3,0,2025-11-21 08:21:16.281,High,No,RM_A
C0559,Customer_559,Male,48,Biratnagar,Bagmati,Banker,Bachelor,Unmarried,ACC100560,Fixed Deposit,2022-03-29 08:21:16.307,Bhaktapur Branch,73821,697,Closed,1662365,Home,15.74,26024,1047005,20359,94269,9,18,No,No,190,6693,21,366145,37212,1676595,Corporate,5,7,2026-02-14 08:21:16.307,High,Yes,RM_A
C0177,Customer_177,Female,41,Biratnagar,Bagmati,Analyst,Bachelor,Unmarried,ACC100178,Current,2023-04-23 08:21:16.249,Butwal Branch,174982,816,Active,534344,Home,12.54,47078,718807,122565,47129,75,52,No,Yes,95,22079,7,488274,36910,1112217,Corporate,1,9,2026-02-05 08:21:16.249,Medium,Yes,RM_A
C0019,Customer_19,Male,48,Bhaktapur,Bagmati,Banker,+2,Married,ACC100020,Current,2020-01-06 08:21:16.227,Pokhara Branch,82209,757,,0,Education,7.42,49909,688306,42351,43167,11,87,No,Yes,115,31144,19,409646,1870,41187,Corporate,1,6,2026-03-05 08:21:16.227,High,No,RM_B
C0980,Customer_980,Male,25,Bhaktapur,Bagmati,Teacher,+2,Unmarried,ACC100981,Current,2023-05-10 08:21:16.361,Butwal Branch,226818,483,,0,Personal,12.26,42770,674096,62189,97646,88,83,No,Yes,171,42842,18,457105,32545,1018921,Corporate,4,0,2025-09-18 08:21:16.361,Low,Yes,RM_A
C0539,Customer_539,Male,62,Chitwan,Gandaki,Analyst,PhD,Unmarried,ACC100540,Savings,2026-01-16 08:21:16.302,Kathmandu Branch,202105,618,Closed,456384,Home,10.32,49273,1814614,88877,59164,20,51,Yes,Yes,123,36323,14,237591,30228,1270031,Corporate,4,6,2026-01-11 08:21:16.302,Low,No,RM_B
C0614,Customer_614,Female,40,  biratnagar  ,Koshi,Teacher,Master,Unmarried,ACC100615,FIXED DEPOSIT,2023-02-18 08:21:16.314,Butwal Branch,168956,563,Active,2230753,Education,15.66,11178,192748,89196,71849,3,1,No,No,36,39023,0,267457,20504,322694,VIP,3,1,2026-03-10 08:21:16.314,Low,Yes,RM_B
C0591,Customer_591,Female,44,Biratnagar,Koshi,Business,PhD,Unmarried,ACC100592,Savings,2025-08-09 08:21:16.311,Biratnagar Branch,91284 NPR,574,,0,Business,7.21,4093,"NPR 1,225,756.00",138941,68783,44,22,No,Yes,21,9796,24,797585,34215,538360,Corporate,1,0,2026-04-07 08:21:16.311,High,No,RM_A
C0368,Customer_368,Male,41,Bhaktapur,Koshi,Doctor,Bachelor,Married,ACC100369,Savings,2020-12-24 08:21:16.277,Butwal Branch,142047,544,Active,802926,Education,11.77,2889,1980023,21996,60794,46,47,Yes,No,74,45726,10,530568,1551,1190369,VIP,1,9,2025-08-13 08:21:16.277,Low,Yes,RM_D
C0084,Customer_84,Female,49,Bhaktapur,Koshi,Engineer,Bachelor,Unmarried,ACC100085,Fixed Deposit,2025-12-30 08:21:16.236,Chitwan Branch,240425,636,,0,Vehicle,7.46,15576,401983,131040,119006,40,9,No,Yes,99,3956,17,736787,18891,1445908,VIP,3,7,2025-12-04 08:21:16.236,Low,No,RM_A
C0062,Customer_62,Male,49,Bhaktapur,Lumbini,Student,PhD,Married,ACC100063,Current,2024-11-04 08:21:16.233,Lalitpur Branch,92620,786,,0,Personal,13.81,5571,798757,128663,66796,61,57,Yes,Yes,192,15195,2,738424,32620,1328846,Corporate,5,7,2026-01-25 08:21:16.233,High,No,RM_B
C0515,Customer_515,Female,46,Bhaktapur,Gandaki,Engineer,+2,Unmarried,ACC100516,Savings,2025/31/12,Butwal Branch,176473,847,Active,2498157,Personal,8.0,43432,1143998,67971,108389,6,18,No,No,7,27656,13,202344,24626,18088,Retail,2,2,2025-07-09 08:21:16.299,High,No,RM_D
C0273,Customer_273,Female,25,Kathmandu,Koshi,Teacher,+2,Married,ACC100274,Savings,2023-06-12 08:21:16.263,Kathmandu Branch,75636,490,Closed,2799492,Business,11.44,20460,1010487,14725,15510,25,39,Yes,No,130,16817,0,976917,35886,1631621,Retail,4,4,2026-01-05 08:21:16.263,Medium,Yes,RM_A
C0286,Customer_286,Male,60,Bhaktapur,Koshi,Teacher,Master,Married,ACC100287,Fixed Deposit,2022-07-19 08:21:16.266,Chitwan Branch,224282,495,Closed,1646919,Vehicle,12.4,36536,833265,21157,73163,96,0,Yes,No,106,11986,25,324321,16982,1862843,Corporate,3,8,2025-10-13 08:21:16.266,High,Yes,RM_B
C0361,Customer_361,Male,30,Chitwan,Lumbini,Doctor,+2,Married,ACC100362,Savings,2020-03-22 08:21:16.276,Bhaktapur Branch,119233,636,Active,215136,Home,7.98,37340,855710,44183,59817,52,85,No,Yes,143,39953,28,368905,31493,1572482,Retail,1,6,2026-05-25 08:21:16.276,High,No,RM_D
C0355,Customer_355,Male,59,Lalitpur,Bagmati,Analyst,+2,Married,ACC100356,Savings,2024-06-17 08:21:16.275,Lalitpur Branch,54611,562,Closed,566533,Personal,7.57,44640,407501,80460,80671,85,17,Yes,No,132,5914,29,403484,1021,669637,Retail,5,5,2026-05-08 08:21:16.275,Medium,Yes,RM_B
C0952,Customer_952,Male,62,Butwal,Koshi,Business,+2,Unmarried,ACC100953,Fixed Deposit,2025-06-18 08:21:16.358,Chitwan Branch,229107,591,,0,Education,7.44,38993,108022,99877,19094,99,57,Yes,No,127,33762,24,896879,23613,1279603,VIP,2,6,2025-08-27 08:21:16.358,High,Yes,RM_D
C0279,Customer_279,Female,41,Pokhara,Gandaki,Engineer,+2,Unmarried,ACC100280,Fixed Deposit,2021-02-19 08:21:16.265,Biratnagar Branch,35874,607,Active,2378698,Personal,13.14,36899,627805,94450,35936,57,88,No,No,53,14861,25,291148,33050,695125,Retail,3,4,2025-08-22 08:21:16.265,Medium,Yes,RM_C
C0369,Customer_369,Male,55,Butwal,Gandaki,Business,Master,Married,ACC100370,Fixed Deposit,2023-05-03 08:21:16.277,Biratnagar Branch,144272,756,Active,2395932,Education,6.38,28006,1218319,120802,7667,37,41,No,Yes,130,5640,19,190897,23418,1367905,Corporate,3,3,2025-11-23 08:21:16.277,High,No,RM_C
C0665,Customer_665,Female,61,  chitwan  ,Lumbini,Business,Bachelor,Married,ACC100666,SAVINGS,2023-04-29 08:21:16.320,Butwal Branch,121789,759,Active,1707808,Business,7.75,17971,1181336,104790,16680,89,39,Yes,No,65,43967,19,672812,42142,1305722,Retail,1,6,2026-01-11 08:21:16.320,Medium,Yes,RM_A
C0619,Customer_619,Female,57,Butwal,Koshi,Banker,Bachelor,Married,ACC100620,Savings,2024-04-17 08:21:16.314,Bhaktapur Branch,146441,548,Closed,401232,Personal,9.99,11567,1856740,104734,4039,37,10,Yes,Yes,146,27470,6,563369,5730,916093,Retail,4,1,2026-02-23 08:21:16.315,High,No,RM_D
C0590,Customer_590,Male,31,Kathmandu,Gandaki,N/A,Bachelor,Unmarried,ACC100591,Current,2025-02-13 08:21:16.311,Butwal Branch,207423,744,Active,2511432,Vehicle,7.22,13355,584377,92536,10478,6,36,No,Yes,13,26075,13,198374,29862,708962,Corporate,5,3,2026-02-21 08:21:16.311,Medium,No,RM_A
C0658,Customer_658,Female,65,Biratnagar,Koshi,Engineer,PhD,Unmarried,ACC100659,Current,2021-08-12 08:21:16.319,Kathmandu Branch,91314,493,,0,Personal,9.26,35239,1998662,65702,20592,94,99,Yes,Yes,30,32985,27,719745,42834,1501429,Retail,3,2,2025-10-09 08:21:16.319,High,Yes,RM_D
C0762,Customer_762,Male,65,Butwal,Gandaki,Analyst,Master,Married,ACC100763,Savings,2022-05-31 08:21:16.331,Butwal Branch,155652 NPR,674,Closed,1180668,Education,10.91,21762,"NPR 637,714.00",29833,53204,15,68,Yes,Yes,181,38077,1,407915,43321,920344,VIP,4,7,2026-05-24 08:21:16.332,Medium,Yes,RM_D
C0457,Customer_457,Female,47,Butwal,Lumbini,Teacher,PhD,Unmarried,ACC100458,Savings,2024-03-26 08:21:16.289,Kathmandu Branch,172605,719,,0,Business,13.36,8911,1905385,56925,22288,45,85,Yes,No,193,30852,25,438009,37629,1631638,Retail,2,9,2026-03-06 08:21:16.289,Low,No,RM_B
C0394,Customer_394,Female,26,Pokhara,Bagmati,Student,Bachelor,Married,ACC100395,Current,2023-03-16 08:21:16.281,Kathmandu Branch,26411,715,Active,1731537,Education,14.87,23713,1428197,67822,104095,82,25,No,Yes,72,7032,21,8125,3256,1760846,Corporate,2,10,2026-04-26 08:21:16.281,Medium,No,RM_C
C0685,Customer_685,Female,32,Biratnagar,Bagmati,Engineer,+2,Unmarried,ACC100686,Current,2021-12-15 08:21:16.322,Kathmandu Branch,99694,515,Closed,1412036,Personal,11.47,40182,1558581,25093,52243,1,75,No,No,151,38359,17,492794,16122,20590,VIP,1,0,2025-10-30 08:21:16.322,High,Yes,RM_D
C0724,Customer_724,Female,27,Bhaktapur,Koshi,Student,Bachelor,Married,ACC100725,Savings,2020-05-02 08:21:16.327,Lalitpur Branch,243816,626,Closed,2794035,Business,8.0,28409,1937994,113737,75631,29,12,Yes,Yes,41,20227,18,284666,16080,949456,Corporate,1,7,2025-10-30 08:21:16.327,High,No,RM_D
C0376,Customer_376,Female,49,Bhaktapur,Koshi,Banker,PhD,Unmarried,ACC100377,Current,2025-05-26 08:21:16.278,Kathmandu Branch,95810,509,Active,146172,Business,15.99,16605,750854,92264,116545,72,13,No,Yes,101,36357,16,854287,45353,1644569,Corporate,1,7,2026-02-10 08:21:16.278,High,Yes,RM_C
C0413,Customer_413,Male,58,Pokhara,Koshi,Doctor,+2,Married,ACC100414,Current,2022-04-18 08:21:16.284,Butwal Branch,125603,577,Active,267349,Business,15.16,4185,129510,52526,28872,9,8,No,No,71,27461,3,629719,21020,207909,Retail,5,10,2025-06-22 08:21:16.284,Medium,Yes,RM_D
C0075,Customer_75,Male,58,Biratnagar,Bagmati,Doctor,+2,Married,ACC100076,Savings,2025-09-23 08:21:16.235,Biratnagar Branch,64443,629,,0,Home,10.03,38122,1567559,103074,22980,0,62,No,Yes,15,46302,22,903598,8973,1136839,VIP,2,9,2026-01-06 08:21:16.235,High,No,RM_C
C0948,Customer_948,Female,46,Kathmandu,Bagmati,Doctor,PhD,Unmarried,ACC100949,Fixed Deposit,2019-08-11 08:21:16.357,Kathmandu Branch,70642 NPR,524,,0,Personal,13.8,5522,"NPR 945,462.00",84717,59404,66,7,Yes,No,128,19243,23,496326,24822,1587435,VIP,5,7,2025-10-24 08:21:16.357,High,Yes,RM_D
C0501,Customer_501,Male,30,Bhaktapur,Koshi,Analyst,Bachelor,Married,ACC100502,Savings,2025-06-01 08:21:16.297,Kathmandu Branch,36667,458,,0,Business,13.26,30948,1759157,81189,19160,73,61,Yes,Yes,59,6117,5,445221,44805,784267,Corporate,3,9,2025-08-13 08:21:16.297,Low,Yes,RM_B
C0605,Customer_605,Male,20,Butwal,Bagmati,Engineer,PhD,Married,ACC100606,Fixed Deposit,2021-07-17 08:21:16.313,Kathmandu Branch,220561 NPR,803,,0,Personal,11.29,4716,"NPR 1,274,662.00",25280,24752,60,50,Yes,Yes,90,14558,9,907995,48016,409860,Retail,5,6,2026-04-22 08:21:16.313,Medium,Yes,RM_C
C0115,Customer_115,Male,62,Pokhara,Bagmati,Banker,Master,Married,ACC100116,Current,2020-06-29 08:21:16.242,Lalitpur Branch,96737,782,,0,Business,15.09,32129,40579,113573,109574,61,82,No,Yes,23,19041,18,596712,46738,1692747,Retail,3,3,2026-03-17 08:21:16.242,Low,Yes,RM_A
C0418,Customer_418,Female,39,Bhaktapur,Lumbini,Doctor,Bachelor,Married,ACC100419,Savings,2022-12-18 08:21:16.284,Pokhara Branch,80592,768,Active,75376,Home,11.62,18048,730305,117443,57780,11,12,No,Yes,133,20148,21,670749,38289,1069109,VIP,4,10,2025-10-21 08:21:16.284,Low,No,RM_C
C0090,Customer_90,Female,23,Lalitpur,Koshi,Teacher,Bachelor,Married,ACC100091,Savings,2026-03-27 08:21:16.237,Bhaktapur Branch,87783,688,,0,Home,14.02,26732,1213775,90883,35233,7,94,No,No,104,36085,13,274493,36137,1610113,VIP,4,8,2025-12-27 08:21:16.237,Low,Yes,RM_B
C0991,Customer_991,Female,48,Bhaktapur,Bagmati,Analyst,PhD,Unmarried,ACC100992,Current,2020-06-11 08:21:16.363,Biratnagar Branch,223354,668,Closed,1757664,Home,8.15,3324,425389,65114,17798,34,18,Yes,Yes,110,9079,7,251739,41981,519812,Corporate,2,8,2026-01-10 08:21:16.363,Medium,No,RM_D
C0933,Customer_933,Female,56,Bhaktapur,Koshi,Banker,+2,Unmarried,ACC100934,Savings,2022-07-23 08:21:16.355,Pokhara Branch,181990,508,,0,Vehicle,10.98,34362,421011,138121,22617,22,17,No,No,4,9281,25,324466,12662,1465872,Retail,1,9,2026-05-11 08:21:16.355,Medium,No,RM_A
C0875,Customer_875,Female,22,Bhaktapur,Koshi,Teacher,Master,Married,ACC100876,Savings,2023-10-05 08:21:16.348,Butwal Branch,138987,674,,0,Business,13.68,4327,1395263,143590,95281,76,44,Yes,No,41,18590,27,244048,1480,503057,Retail,5,5,2026-05-22 08:21:16.348,High,No,RM_C
C0661,Customer_661,Male,32,Pokhara,Koshi,Engineer,+2,Married,ACC100662,Fixed Deposit,2026-01-15 08:21:16.319,Butwal Branch,79239 NPR,714,,0,Business,7.09,11962,"NPR 793,973.00",75778,6385,10,6,No,Yes,20,42077,10,292400,10390,1565105,VIP,2,1,2025-11-17 08:21:16.319,Low,Yes,RM_B
C0012,Customer_12,Female,23,Biratnagar,Bagmati,Teacher,PhD,Married,ACC100013,Savings,2022-02-27 08:21:16.226,Chitwan Branch,243208,840,Closed,564017,Vehicle,7.41,39330,1878315,128669,81110,26,6,Yes,Yes,118,48376,16,508489,42047,741383,Retail,4,10,2025-10-29 08:21:16.226,High,No,RM_B
C0397,Customer_397,Male,42,Chitwan,Bagmati,Business,PhD,Unmarried,ACC100398,Savings,2024-07-15 08:21:16.281,Pokhara Branch,53971,780,,0,Education,6.37,21840,20578,75541,28330,52,77,No,Yes,173,32462,24,551035,3652,739621,Retail,3,5,2025-08-20 08:21:16.281,Medium,Yes,RM_D
C0576,Customer_576,Female,63,  bhaktapur  ,Lumbini,Engineer,+2,Unmarried,ACC100577,SAVINGS,2020-11-09 08:21:16.309,Biratnagar Branch,40779,605,,0,Business,7.88,26466,911056,111906,114738,79,61,No,Yes,186,26147,0,177707,1984,1169922,Retail,3,8,2025-12-27 08:21:16.309,High,Yes,RM_D
C0043,Customer_43,Male,57,Pokhara,Gandaki,Teacher,Bachelor,Married,ACC100044,Savings,2022-07-09 08:21:16.231,Pokhara Branch,187368,551,,0,Business,6.88,43140,1098451,122723,49522,1,29,Yes,No,171,7937,16,672769,37254,1683553,Corporate,3,2,2026-05-14 08:21:16.231,High,Yes,RM_A
C0168,Customer_168,Female,24,Lalitpur,Koshi,Doctor,Master,Unmarried,ACC100169,Fixed Deposit,2024-08-11 08:21:16.248,Kathmandu Branch,115162,525,Active,648235,Education,15.79,20126,1610328,95747,26635,5,10,Yes,No,88,20224,28,856996,27468,1692997,Corporate,2,9,2025-12-19 08:21:16.248,High,No,RM_C
C0417,Customer_417,Male,25,Bhaktapur,Koshi,Teacher,Bachelor,Unmarried,ACC100418,Current,2026-01-20 08:21:16.284,Kathmandu Branch,245084,491,Closed,2899251,Business,9.24,22936,1787744,11671,113522,80,27,Yes,Yes,160,6934,23,280,1401,767998,Corporate,2,7,2025-11-21 08:21:16.284,Low,No,RM_B
C0968,Customer_968,Female,57,Kathmandu,Gandaki,Doctor,Bachelor,Unmarried,ACC100969,Savings,2026-02-21 08:21:16.360,Biratnagar Branch,211861,549,Active,1548082,Home,15.19,15084,1509760,46422,96627,70,51,Yes,Yes,76,20722,14,467756,29276,851585,Retail,3,8,2025-11-15 08:21:16.360,Medium,Yes,RM_D
C0427,Customer_427,Female,47,Chitwan,Gandaki,Business,+2,Married,ACC100428,Savings,2025-12-27 08:21:16.285,Kathmandu Branch,52956,485,,0,Personal,13.07,9653,1695031,21879,75434,85,77,Yes,No,21,21575,14,870406,49173,1549618,VIP,4,3,2026-01-28 08:21:16.285,High,Yes,RM_C
C0545,Customer_545,Female,41,  butwal  ,Bagmati,Analyst,+2,Married,ACC100546,CURRENT,2026-02-28 08:21:16.303,Butwal Branch,79747,819,Active,531206,Business,12.82,3412,72250,52375,29150,89,35,Yes,No,56,5151,5,90709,43075,369880,VIP,2,2,2025-11-23 08:21:16.303,Low,Yes,RM_C
C0949,Customer_949,Female,41,  chitwan  ,Gandaki,Business,+2,Married,ACC100950,SAVINGS,2023-10-11 08:21:16.357,Chitwan Branch,39198,638,Active,2937623,Education,7.46,12370,302977,33894,114825,8,61,No,No,153,35582,2,29380,28912,1879100,VIP,4,5,2025-12-12 08:21:16.357,Medium,Yes,RM_B
C0347,Customer_347,Male,41,Lalitpur,Koshi,Student,PhD,Married,ACC100348,Current,2019-12-20 08:21:16.274,Kathmandu Branch,166923 NPR,641,Active,2375828,Vehicle,7.3,31607,"NPR 1,565,365.00",41503,80126,11,25,Yes,No,98,43687,26,849132,31969,1461306,Corporate,2,8,2025-08-14 08:21:16.274,High,Yes,RM_B
C0905,Customer_905,Male,39,  kathmandu  ,Bagmati,Analyst,Bachelor,Unmarried,ACC100906,FIXED DEPOSIT,2021-11-07 08:21:16.352,Kathmandu Branch,193078,682,Active,2637138,Home,15.37,15701,109792,116829,18585,44,56,Yes,No,8,10239,29,90591,32121,267677,Retail,2,8,2025-08-26 08:21:16.352,Low,Yes,RM_C
C0662,Customer_662,Male,35,Pokhara,Lumbini,Banker,Bachelor,Married,ACC100663,Savings,2022-12-12 08:21:16.319,Pokhara Branch,96772,841,,0,Business,14.17,35114,162389,85738,806,32,8,Yes,Yes,182,49457,20,178143,17839,803342,Retail,4,3,2025-11-30 08:21:16.319,Low,Yes,RM_A
C0258,Customer_258,Male,41,Kathmandu,Gandaki,Doctor,Bachelor,Unmarried,ACC100259,Current,2020-11-21 08:21:16.261,Lalitpur Branch,68308,729,Closed,97401,Personal,7.8,32053,1322172,43428,97152,26,31,Yes,No,135,37019,27,824121,35314,550656,Corporate,1,9,2025-11-29 08:21:16.261,Medium,Yes,RM_B
C0336,Customer_336,Male,57,Pokhara,Lumbini,Business,+2,Unmarried,ACC100337,Current,2024-01-08 08:21:16.272,Bhaktapur Branch,205751,599,,0,Education,14.73,8329,946927,1137,62679,75,61,Yes,Yes,150,44209,4,856343,8918,847626,VIP,5,3,2026-03-30 08:21:16.272,High,No,RM_C
C0016,Customer_16,Female,54,Kathmandu,Lumbini,Doctor,Bachelor,Unmarried,ACC100017,Savings,2026-02-25 08:21:16.227,Biratnagar Branch,219773,557,Active,471843,Education,9.87,45944,59054,89215,60391,30,68,Yes,No,106,45339,18,362508,10592,1405625,Retail,4,5,2026-01-29 08:21:16.227,Medium,No,RM_B
C0679,Customer_679,Male,41,Bhaktapur,Bagmati,Engineer,Bachelor,Married,ACC100680,Fixed Deposit,2024-01-31 08:21:16.321,Lalitpur Branch,87936 NPR,569,,0,Home,10.49,5150,"NPR 1,341,724.00",132169,14120,40,59,Yes,No,148,15801,14,52176,39858,1501277,Corporate,4,8,2026-01-07 08:21:16.321,High,Yes,RM_C
C0325,Customer_325,Male,21,Biratnagar,Lumbini,Student,+2,Married,ACC100326,Fixed Deposit,2021-08-17 08:21:16.271,Biratnagar Branch,227308,513,Active,1494794,Education,10.73,22517,822004,100177,109170,44,56,Yes,Yes,42,30397,16,265394,25667,1919060,Corporate,5,8,2025-07-12 08:21:16.271,Medium,Yes,RM_B
C0818,Customer_818,Female,37,Lalitpur,Lumbini,Teacher,Master,Married,ACC100819,Fixed Deposit,2025-12-09 08:21:16.340,Biratnagar Branch,35590,675,,0,Personal,10.34,4045,1854424,42252,108004,19,44,Yes,Yes,89,23279,30,395928,11831,956816,VIP,3,7,2026-04-26 08:21:16.340,High,Yes,RM_C
C0223,Customer_223,Female,57,Lalitpur,Lumbini,Analyst,+2,Married,ACC100224,Savings,2025-11-07 08:21:16.257,Lalitpur Branch,168106,708,Active,1813006,Home,9.55,38134,1478375,80279,40787,96,35,No,No,8,20954,13,350686,17554,767563,Retail,2,2,2026-01-23 08:21:16.257,Medium,No,RM_C
C0180,Customer_180,Male,61,Kathmandu,Koshi,Analyst,Master,Unmarried,ACC100181,Current,2021-02-14 08:21:16.251,Butwal Branch,207517,771,Closed,2624324,Business,6.48,8780,1889412,18383,73514,69,41,No,Yes,158,41911,26,596187,9740,1519815,VIP,4,3,2026-04-10 08:21:16.251,Medium,Yes,RM_D
C0100,Customer_100,Female,33,Lalitpur,Koshi,Business,PhD,Unmarried,ACC100101,Fixed Deposit,2020-10-28 08:21:16.239,Butwal Branch,56008,776,Active,2800156,Business,12.38,21491,1622508,12998,1508,79,79,No,Yes,99,10841,9,120441,45333,702736,Corporate,4,3,2026-02-07 08:21:16.239,High,No,RM_C
C0522,Customer_522,Male,47,Lalitpur,Bagmati,Student,Bachelor,Unmarried,ACC100523,Current,2022-07-31 08:21:16.300,Pokhara Branch,145388 NPR,565,,0,Home,10.9,3735,"NPR 909,025.00",110402,106247,14,37,No,No,7,14986,16,606542,41079,166802,Retail,1,5,2025-12-05 08:21:16.300,Low,No,RM_D
C0023,Customer_23,Male,37,Bhaktapur,Gandaki,Student,+2,Married,ACC100024,Fixed Deposit,2020-02-02 08:21:16.228,Kathmandu Branch,136890,688,Active,1151854,Vehicle,9.73,23945,1604912,145115,70408,16,7,Yes,Yes,90,37167,18,148000,46662,1981620,Retail,5,3,2025-06-17 08:21:16.228,Low,No,RM_C
C0357,Customer_357,Female,49,Bhaktapur,Koshi,Analyst,Master,Married,ACC100358,Savings,2025-10-12 08:21:16.275,Butwal Branch,209407,527,Closed,1619865,Education,15.08,30709,385675,85939,42103,99,42,Yes,Yes,12,23493,29,922404,29233,1987690,Retail,5,7,2026-05-07 08:21:16.276,Low,Yes,RM_B
C0721,Customer_721,Male,54,Kathmandu,Gandaki,Business,+2,Married,ACC100722,Current,2020-07-13 08:21:16.327,Butwal Branch,35102,582,Closed,2197033,Personal,12.82,40783,1450154,114689,39960,62,62,No,Yes,165,25354,8,837329,1384,1834151,Retail,3,5,2026-02-15 08:21:16.327,Low,Yes,RM_D
C0928,Customer_928,Male,27,Kathmandu,Lumbini,Doctor,Master,Unmarried,ACC100929,Current,2025-09-04 08:21:16.355,Lalitpur Branch,138386,687,Active,926064,Education,8.86,49699,1133811,99260,66747,82,65,No,Yes,119,48919,20,896129,10811,991108,Corporate,3,3,2026-03-22 08:21:16.355,High,No,RM_D
C0758,Customer_758,Female,60,Butwal,Bagmati,Engineer,Bachelor,Unmarried,ACC100759,Fixed Deposit,2021-07-09 08:21:16.331,Biratnagar Branch,37502,516,Active,2008111,Business,10.7,15084,940013,89118,64871,88,24,No,Yes,15,5169,8,82049,45235,1309327,VIP,3,0,2025-07-21 08:21:16.331,Medium,No,RM_C
C0341,Customer_341,Male,42,Pokhara,Koshi,Teacher,PhD,Unmarried,ACC100342,Current,2020-10-10 08:21:16.273,Butwal Branch,67071,817,Active,192719,Home,10.91,14913,1771712,126126,111521,40,58,Yes,Yes,135,48541,8,712417,9595,337703,Corporate,4,3,2026-04-17 08:21:16.273,Low,Yes,RM_C
C0432,Customer_432,Male,43,Butwal,Koshi,Business,Master,Married,ACC100433,Fixed Deposit,2025-02-20 08:21:16.286,Pokhara Branch,113013,540,,0,Vehicle,11.57,27672,266290,81145,27620,81,76,Yes,No,149,4429,8,242177,49802,1118569,Retail,4,0,2026-05-12 08:21:16.286,Low,Yes,RM_D
C0596,Customer_596,Male,44,Kathmandu,Lumbini,Business,+2,Unmarried,ACC100597,Current,2023-06-04 08:21:16.312,Lalitpur Branch,170256,-999,,0,Personal,7.16,3390,97109,104264,52308,17,27,No,No,38,40521,16,83783,43157,1788135,VIP,5,6,2026-03-19 08:21:16.312,Low,Yes,RM_C
C0899,Customer_899,Female,35,Kathmandu,Koshi,Teacher,PhD,Unmarried,ACC100900,Savings,2024-05-29 08:21:16.351,Kathmandu Branch,239487,524,Active,1838997,Vehicle,7.77,31654,483936,119553,60443,35,23,Yes,No,146,11274,21,511718,18556,1969626,VIP,2,2,2026-06-03 08:21:16.351,Medium,No,RM_B
C0204,Customer_204,Female,41,Bhaktapur,Koshi,Analyst,+2,Married,ACC100205,Savings,2021-09-26 08:21:16.254,Pokhara Branch,180289,800,Active,2790388,Personal,10.96,14536,1076180,82062,20882,56,29,Yes,No,188,43500,13,255959,5487,1575171,Corporate,5,8,2026-02-16 08:21:16.254,Low,No,RM_A
C0761,Customer_761,Female,53,Chitwan,Bagmati,Teacher,+2,Unmarried,ACC100762,Fixed Deposit,2022-05-27 08:21:16.331,Biratnagar Branch,144549,620,,0,Education,6.43,31088,1847584,34747,25595,5,92,No,No,91,34366,10,461026,2772,1433739,VIP,1,9,2025-09-09 08:21:16.331,Low,No,RM_A
C0094,Customer_94,Male,38,Lalitpur,Koshi,Teacher,PhD,Unmarried,ACC100095,Savings,2026-05-13 08:21:16.237,Pokhara Branch,56649,845,Active,2139007,Personal,8.81,16488,1580670,135547,32784,45,72,Yes,Yes,27,47284,6,170725,1030,1867619,Retail,3,2,2025-09-26 08:21:16.237,Medium,No,RM_C
C0603,Customer_603,Female,28,Butwal,Gandaki,Business,+2,Married,ACC100604,Current,2019-12-17 08:21:16.312,Kathmandu Branch,233504,768,Closed,1330451,Personal,14.1,37198,554324,126686,119959,63,78,Yes,No,68,17199,14,108521,32129,1301106,Corporate,1,6,2025-08-06 08:21:16.312,Low,Yes,RM_D
C0069,Customer_69,Male,45,Biratnagar,Bagmati,Doctor,PhD,Unmarried,ACC100070,Fixed Deposit,2021-03-14 08:21:16.234,Butwal Branch,45879,691,Closed,1849409,Business,7.04,19367,745830,77390,26701,2,45,Yes,No,158,41859,25,543936,35279,1950152,Corporate,1,5,2025-10-08 08:21:16.234,Medium,No,RM_A
C0954,Customer_954,Female,32,Kathmandu,Gandaki,Teacher,+2,Married,ACC100955,Fixed Deposit,2022-04-06 08:21:16.358,Chitwan Branch,243083,758,,0,Personal,12.52,18245,991281,107684,30867,14,86,Yes,Yes,58,43329,21,130914,13168,631278,VIP,5,3,2026-05-10 08:21:16.358,Medium,Yes,RM_C
C0285,Customer_285,Female,43,Kathmandu,Lumbini,Student,PhD,Unmarried,ACC100286,Current,2024-11-07 08:21:16.265,Bhaktapur Branch,50054,719,Closed,1430240,Personal,7.7,47530,867607,13356,117523,28,18,No,Yes,15,17122,7,523759,47075,1838949,Corporate,2,4,2025-06-25 08:21:16.265,Low,Yes,RM_D
C0866,Customer_866,Female,56,Pokhara,Bagmati,Banker,+2,Married,ACC100867,Current,2026-03-21 08:21:16.347,Kathmandu Branch,169027,-999,Closed,2073394,Education,10.18,32473,225111,64436,85112,7,54,No,Yes,161,29457,30,534098,20024,1196199,Retail,2,0,2026-04-06 08:21:16.347,Medium,Yes,RM_B
C0435,Customer_435,Female,34,Lalitpur,Gandaki,Student,Master,Married,ACC100436,Fixed Deposit,2021-10-14 08:21:16.286,Bhaktapur Branch,193435,665,,0,Education,14.82,40793,500281,58037,83590,7,17,Yes,Yes,162,34543,4,710879,13760,62971,Retail,5,10,2026-04-10 08:21:16.286,Medium,No,RM_A
C0154,Customer_154,Female,47,Chitwan,Lumbini,Doctor,Bachelor,Unmarried,ACC100155,Current,2020-11-21 08:21:16.246,Bhaktapur Branch,170686,578,,0,Education,11.59,43871,1486801,127390,105146,8,26,Yes,Yes,160,20325,5,132678,40981,1892634,Retail,1,8,2026-03-29 08:21:16.246,Low,Yes,RM_C
C0076,Customer_76,Female,56,Chitwan,Lumbini,Business,PhD,Married,ACC100077,Fixed Deposit,2024-02-19 08:21:16.235,Biratnagar Branch,158713,696,Active,747516,Education,14.41,11274,1155525,148784,45067,3,19,Yes,No,89,5004,8,616654,47247,1699723,VIP,4,6,2026-06-07 08:21:16.235,High,Yes,RM_B
C0789,Customer_789,Male,44,Biratnagar,Lumbini,Analyst,+2,Unmarried,ACC100790,Fixed Deposit,2020-07-07 08:21:16.336,Chitwan Branch,205918,706,Active,1902100,Personal,9.05,8803,1865241,66820,46523,64,52,No,No,177,7771,1,292425,45019,784030,VIP,4,6,2026-01-23 08:21:16.336,Medium,Yes,RM_C
C0581,Customer_581,Female,36,Biratnagar,Bagmati,Student,Bachelor,Unmarried,ACC100582,Savings,2025-03-11 08:21:16.310,Butwal Branch,144775,728,Closed,1943412,Business,13.46,40765,461865,125994,4944,66,85,No,Yes,170,11109,9,787055,16606,1820193,Corporate,1,2,2025-11-03 08:21:16.310,Low,Yes,RM_A
C0447,Customer_447,Female,23,Chitwan,Gandaki,Engineer,Master,Unmarried,ACC100448,Current,2022-09-05 08:21:16.288,Pokhara Branch,128289,672,,0,Personal,7.91,30088,1052872,102907,64839,67,89,Yes,No,41,13588,0,698106,10020,859524,VIP,5,5,2026-01-24 08:21:16.288,Medium,Yes,RM_A
C0189,Customer_189,Male,54,Chitwan,Koshi,Analyst,Bachelor,Unmarried,ACC100190,Current,2023-11-18 08:21:16.252,Biratnagar Branch,187381,751,Active,2332604,Education,11.0,10239,1523432,137383,104963,77,81,No,Yes,128,2620,12,389289,11235,1036373,Retail,5,5,2025-12-19 08:21:16.252,Low,No,RM_B
C0272,Customer_272,Male,31,Bhaktapur,Bagmati,Banker,PhD,Unmarried,ACC100273,Savings,2021-04-23 08:21:16.263,Lalitpur Branch,225645,713,Active,2199516,Business,8.41,32857,460874,69972,76185,32,70,Yes,Yes,40,33892,16,453569,27074,1948131,Retail,1,5,2025-06-24 08:21:16.263,High,Yes,RM_B
C0237,Customer_237,Female,64,Chitwan,Gandaki,Student,+2,Married,ACC100238,Fixed Deposit,2022-07-25 08:21:16.259,Lalitpur Branch,140928,814,,0,Personal,14.6,47990,1836024,139125,17037,24,47,No,No,83,20030,2,985899,7047,1563743,Corporate,2,1,2025-06-26 08:21:16.259,Low,No,RM_D
C0488,Customer_488,Female,27,Lalitpur,Bagmati,Teacher,Bachelor,Unmarried,ACC100489,Savings,2023-05-07 08:21:16.295,Biratnagar Branch,186236,639,,0,Home,9.43,11696,645890,122224,113711,35,42,No,No,48,1439,14,200268,20094,1425238,VIP,4,4,2026-05-03 08:21:16.295,Medium,Yes,RM_B
C0560,Customer_560,Female,36,Pokhara,Koshi,Banker,,Unmarried,ACC100561,Savings,2025-01-30 08:21:16.307,Butwal Branch,204622,511,Closed,991091,Personal,7.14,10660,1752138,58370,74681,83,61,Yes,No,3,21958,30,696850,1111,1282719,Retail,5,7,2026-03-06 08:21:16.307,Low,No,RM_A
C0118,Customer_118,Female,34,Butwal,Koshi,Student,Master,Unmarried,ACC100119,Savings,2025-08-10 08:21:16.242,Butwal Branch,55470,773,Active,2505645,Home,11.13,30550,1998925,49762,45783,7,75,Yes,Yes,187,2712,25,629842,48848,1444973,Corporate,5,7,2025-11-11 08:21:16.242,Low,No,RM_C
C0881,Customer_881,Male,25,Lalitpur,Bagmati,Engineer,Master,Unmarried,ACC100882,Current,2021-09-17 08:21:16.349,Butwal Branch,171652,755,Active,2937791,Education,7.77,9838,535277,51094,119053,54,5,No,Yes,114,10968,19,91307,35280,136387,Retail,4,0,2026-04-20 08:21:16.349,High,Yes,RM_C
C0513,Customer_513,Female,64,Lalitpur,Lumbini,Analyst,Bachelor,Unmarried,ACC100514,Fixed Deposit,2022-01-17 08:21:16.299,Kathmandu Branch,173811,666,Closed,611417,Education,11.47,20645,1023033,7883,1895,14,19,Yes,Yes,17,2174,1,982256,23730,1545624,VIP,3,6,2026-01-08 08:21:16.299,High,Yes,RM_A
C0598,Customer_598,Female,60,Lalitpur,Koshi,Student,+2,Unmarried,ACC100599,Savings,2026-04-20 08:21:16.312,Kathmandu Branch,123541,560,Closed,1481529,Home,9.05,13496,199463,48653,39723,21,75,No,No,103,8470,8,129509,31710,1687619,Retail,3,5,2026-01-06 08:21:16.312,Low,Yes,RM_D
C0644,Customer_644,Male,32,Chitwan,Gandaki,Teacher,Bachelor,Unmarried,ACC100645,Fixed Deposit,2025-06-11 08:21:16.317,Chitwan Branch,187294,-999,,0,Personal,13.72,18699,345053,26275,72012,73,10,Yes,No,57,19347,19,192682,30133,67232,VIP,4,8,2026-05-24 08:21:16.317,Medium,Yes,RM_C
C0127,Customer_127,Male,31,Lalitpur,Lumbini,Doctor,Master,Married,ACC100128,Savings,2022-08-21 08:21:16.243,Lalitpur Branch,51840,677,,0,Education,8.4,42761,135065,35936,112678,74,85,No,No,13,44437,5,363244,32709,1280291,Corporate,1,8,2026-05-17 08:21:16.243,Low,No,RM_A
C0117,Customer_117,Female,43,Kathmandu,Koshi,Student,+2,Married,ACC100118,Current,2021-12-27 08:21:16.242,Lalitpur Branch,127438,494,Closed,2568810,Education,10.56,3016,1938772,25324,92035,61,89,Yes,No,122,49118,0,497889,29193,1052008,VIP,3,7,2025-09-21 08:21:16.242,Medium,Yes,RM_D
C0474,Customer_474,Male,32,Bhaktapur,Bagmati,Engineer,PhD,Unmarried,ACC100475,Fixed Deposit,2021-02-11 08:21:16.293,Chitwan Branch,140936,617,Closed,788603,Home,12.98,35774,535892,6828,93718,20,66,Yes,No,112,32950,21,608698,115,92263,VIP,5,3,2025-10-04 08:21:16.293,Low,No,RM_C
C0622,Customer_622,Male,62,Bhaktapur,Bagmati,Banker,Bachelor,Married,ACC100623,Current,2023-05-30 08:21:16.315,Lalitpur Branch,216367 NPR,845,,0,Business,6.54,26657,"NPR 1,919,008.00",73021,19910,69,15,Yes,No,194,13151,24,541664,8434,1277882,VIP,2,7,2025-12-26 08:21:16.315,High,Yes,RM_B
C0058,Customer_58,Male,30,Chitwan,Gandaki,Banker,+2,Unmarried,ACC100059,Current,2025-07-04 08:21:16.232,Lalitpur Branch,52933,794,Active,1954468,Home,9.71,39647,314093,107733,27928,39,63,Yes,Yes,104,41810,7,396693,10837,1952922,Retail,2,4,2025-09-21 08:21:16.232,Medium,No,RM_B
C0729,Customer_729,Female,64,Bhaktapur,Gandaki,Student,Master,Married,ACC100730,Savings,2023-12-23 08:21:16.328,Butwal Branch,195026,815,,0,Business,10.91,32045,956541,68613,26785,36,13,No,No,43,41970,10,514879,5616,459690,Corporate,3,0,2025-09-22 08:21:16.328,Low,No,RM_B
C0981,Customer_981,Male,25,Pokhara,Gandaki,Doctor,Bachelor,Married,ACC100982,Savings,2020-02-04 08:21:16.361,Lalitpur Branch,79221,636,Active,423612,Business,6.96,42529,1697122,13760,71461,93,19,No,No,72,14266,11,38435,49364,1828594,Corporate,4,1,2025-08-22 08:21:16.361,Medium,No,RM_D
C0370,Customer_370,Male,37,Lalitpur,Bagmati,Business,+2,Unmarried,ACC100371,Fixed Deposit,2024-11-02 08:21:16.277,Biratnagar Branch,146617,737,Active,1382343,Education,12.29,3230,47210,96938,119595,84,17,Yes,No,78,14424,16,376291,32790,160707,VIP,1,9,2026-01-11 08:21:16.277,High,No,RM_C
C0269,Customer_269,Female,39,Lalitpur,Lumbini,Engineer,Master,Unmarried,ACC100270,Fixed Deposit,2021-01-17 08:21:16.262,Biratnagar Branch,190425,507,,0,Personal,8.15,37988,490476,95163,15694,29,39,No,No,147,19129,16,323188,35077,476594,Corporate,5,0,2026-04-06 08:21:16.262,High,Yes,RM_C
C0047,Customer_47,Male,25,Pokhara,Bagmati,Banker,+2,Unmarried,ACC100048,Current,2020-05-25 08:21:16.231,Pokhara Branch,152214,563,Active,227465,Business,8.1,29128,309034,79291,81765,90,87,No,Yes,77,28220,11,927447,21191,1759057,Retail,3,10,2026-05-27 08:21:16.231,High,Yes,RM_A
C0350,Customer_350,Female,43,Butwal,Gandaki,Analyst,+2,Married,ACC100351,Fixed Deposit,2025-12-11 08:21:16.274,Bhaktapur Branch,182190,766,Active,2798021,Business,15.99,17877,1256731,16422,40458,8,85,Yes,No,161,11734,0,490621,4273,1321973,VIP,3,2,2025-06-23 08:21:16.274,High,Yes,RM_C
C0196,Customer_196,Female,24,Chitwan,Gandaki,Analyst,PhD,Unmarried,ACC100197,Fixed Deposit,2024-03-26 08:21:16.253,Biratnagar Branch,214844,500,Closed,2000392,Business,15.97,29746,1739933,120325,68766,82,11,No,Yes,157,27566,27,63202,17988,182524,Corporate,4,3,2025-10-18 08:21:16.253,High,No,RM_C
C0103,Customer_103,Male,41,Pokhara,Gandaki,Business,PhD,Married,ACC100104,Current,2025-07-28 08:21:16.240,Pokhara Branch,235306,568,Active,2089739,Vehicle,14.28,4999,1359312,38557,22418,16,6,No,No,104,20383,28,743048,6096,168907,VIP,1,8,2025-12-29 08:21:16.240,High,Yes,RM_D
C0900,Customer_900,Male,53,Chitwan,Lumbini,Banker,PhD,Unmarried,ACC100901,Fixed Deposit,2025-08-06 08:21:16.351,Kathmandu Branch,53884 NPR,555,,0,Home,7.51,39828,"NPR 969,322.00",108478,16023,15,50,No,No,115,49498,0,661368,15021,606389,Corporate,1,3,2025-06-29 08:21:16.351,Low,Yes,RM_D
C0746,Customer_746,Female,45,Kathmandu,Koshi,Student,Bachelor,Unmarried,ACC100747,Savings,2021-06-07 08:21:16.330,Chitwan Branch,165176,549,,0,Education,12.59,38063,1097029,29843,12267,59,1,No,Yes,186,27567,17,682679,16855,607888,VIP,1,9,2026-02-21 08:21:16.330,High,No,RM_B
C0894,Customer_894,Male,-5,Biratnagar,Koshi,Doctor,Bachelor,Married,ACC100895,Current,2023-10-29 08:21:16.351,Kathmandu Branch,241658,811,Active,1223562,Business,15.03,18219,931521,149163,117445,62,0,Yes,No,32,20763,6,842650,29733,1299051,Corporate,3,7,2025-09-23 08:21:16.351,Medium,Yes,RM_C
C0264,Customer_264,Female,30,Pokhara,Bagmati,Engineer,+2,Married,ACC100265,Current,2025-02-27 08:21:16.262,Lalitpur Branch,121520,826,Active,2878898,Home,14.11,40325,104236,126344,26484,97,74,Yes,Yes,189,22623,13,456752,36139,1010664,VIP,2,6,2026-03-16 08:21:16.262,High,Yes,RM_A
C0444,Customer_444,Male,32,Bhaktapur,Lumbini,Analyst,+2,Unmarried,ACC100445,Current,2020-08-28 08:21:16.288,Lalitpur Branch,205050,707,Active,1686617,Home,9.66,38763,937380,77421,52642,8,49,No,Yes,195,26849,13,704127,21726,1892573,Corporate,1,4,2025-10-19 08:21:16.288,High,No,RM_D
C0793,Customer_793,Male,22,Lalitpur,Gandaki,Banker,Bachelor,Unmarried,ACC100794,Savings,2020-07-16 08:21:16.337,Kathmandu Branch,145715,471,Active,1277331,Business,15.47,37583,1946239,1509,30207,6,0,Yes,No,69,2961,17,539924,5655,181788,Corporate,4,5,2025-12-01 08:21:16.337,Medium,No,RM_B
C0305,Customer_305,Female,28,Bhaktapur,Lumbini,Doctor,Bachelor,Unmarried,ACC100306,Savings,2022-12-26 08:21:16.268,Chitwan Branch,69712,551,Active,1064013,Education,11.34,21745,806565,109300,77826,61,4,Yes,Yes,87,11710,28,420373,10137,987451,VIP,2,7,2025-11-13 08:21:16.268,Low,Yes,RM_A
C0342,Customer_342,Male,21,Butwal,Gandaki,Student,Bachelor,Married,ACC100343,Fixed Deposit,2026-03-25 08:21:16.273,Butwal Branch,236945,454,Active,571615,Vehicle,10.58,41376,1237771,124716,28961,1,73,Yes,No,79,5323,5,959973,32028,1093834,Corporate,1,1,2026-04-15 08:21:16.273,Low,No,RM_C
C0937,Customer_937,Female,36,Biratnagar,Koshi,N/A,PhD,Married,ACC100938,Current,2020-07-06 08:21:16.356,Biratnagar Branch,80677,452,Active,2820900,Home,15.08,28452,69372,118786,76858,97,14,Yes,Yes,101,3839,9,708807,44743,1054334,Retail,1,6,2026-02-07 08:21:16.356,Medium,Yes,RM_B
C0314,Customer_314,Female,62,Biratnagar,Gandaki,Teacher,PhD,Married,ACC100315,Current,2025-06-23 08:21:16.269,Biratnagar Branch,30185,675,Active,930640,Home,8.06,37684,372452,125123,28128,9,73,No,Yes,18,22332,9,400285,26676,1525087,VIP,4,6,2025-06-25 08:21:16.269,Low,Yes,RM_B
C0150,Customer_150,Male,27,Biratnagar,Bagmati,Teacher,+2,Unmarried,ACC100151,Current,2025-07-29 08:21:16.246,Kathmandu Branch,140563,485,Active,1544514,Home,6.2,4739,1454953,61908,21364,50,61,No,Yes,73,35856,17,466576,16314,818093,Retail,4,10,2026-03-14 08:21:16.246,High,Yes,RM_B
C0125,Customer_125,Female,42,Bhaktapur,Koshi,Business,PhD,Married,ACC100126,Current,2021-12-13 08:21:16.243,Biratnagar Branch,146562,477,Active,596625,Business,14.51,9311,1129891,48724,15857,23,96,No,No,50,44200,27,368192,6585,1550667,VIP,2,10,2026-05-17 08:21:16.243,Medium,No,RM_C
C0847,Customer_847,Female,45,Biratnagar,Bagmati,Engineer,PhD,Married,ACC100848,Current,2021-11-22 08:21:16.345,Chitwan Branch,183451,801,Closed,1848022,Business,12.75,12305,277498,126915,38867,32,92,No,No,194,47886,16,467045,26890,625325,Corporate,1,6,2025-12-25 08:21:16.345,Medium,Yes,RM_A
C0886,Customer_886,Male,35,Chitwan,Gandaki,Doctor,+2,Married,ACC100887,Fixed Deposit,2026-03-08 08:21:16.349,Lalitpur Branch,106078,613,,0,Vehicle,12.1,2782,227994,138770,6149,36,81,Yes,No,143,21790,20,126288,46422,997555,Retail,2,3,2026-06-02 08:21:16.349,Low,No,RM_C
C0051,Customer_51,Male,54,Pokhara,Bagmati,Teacher,PhD,Unmarried,ACC100052,Current,2020-03-05 08:21:16.232,Kathmandu Branch,197175,569,Closed,955686,Personal,12.5,6124,1176934,94767,13699,95,83,No,Yes,177,44432,6,237733,32441,1550575,Corporate,2,3,2026-01-31 08:21:16.232,High,No,RM_B
C0354,Customer_354,Female,52,Lalitpur,Lumbini,Business,Bachelor,Unmarried,ACC100355,Fixed Deposit,2021-10-30 08:21:16.275,Bhaktapur Branch,35445,804,Closed,831506,Home,7.09,18471,681440,73956,81353,48,72,No,No,2,14835,9,576275,29861,1988540,Corporate,2,9,2025-09-02 08:21:16.275,Medium,Yes,RM_B
C0999,Customer_999,Female,64,Pokhara,Koshi,Unknown,Bachelor,Married,ACC101000,Savings,2024-02-04 08:21:16.364,Bhaktapur Branch,234184,543,,0,Business,7.77,45398,1165058,58048,75183,83,13,No,No,155,48216,4,421902,27836,429177,VIP,3,6,2026-04-08 08:21:16.364,High,Yes,RM_C
C0143,Customer_143,Female,26,Chitwan,Koshi,Doctor,+2,Unmarried,ACC100144,Savings,2023-11-11 08:21:16.245,Lalitpur Branch,163385,705,Active,127090,Home,7.86,16063,1638042,3710,118588,98,64,Yes,Yes,10,30586,16,540285,15458,363768,Retail,4,5,2025-10-17 08:21:16.245,Low,Yes,RM_B
C0471,Customer_471,Male,62,Kathmandu,Koshi,Teacher,PhD,Unmarried,ACC100472,Fixed Deposit,2025-04-09 08:21:16.292,Butwal Branch,110915,705,Closed,933071,Business,8.81,30273,714865,84540,30349,81,52,Yes,No,44,15658,1,817392,15738,158107,Corporate,4,7,2025-06-30 08:21:16.293,Medium,Yes,RM_D
C0400,Customer_400,Male,29,Biratnagar,Gandaki,Business,Master,Married,ACC100401,Current,2023-04-13 08:21:16.282,Bhaktapur Branch,194502,539,,0,Personal,14.05,18471,1722739,13210,66623,100,47,Yes,No,130,41621,18,101141,20213,1970468,Retail,1,0,2025-12-30 08:21:16.282,High,No,RM_C
C0930,Customer_930,Male,35,Biratnagar,Gandaki,Business,Master,Unmarried,ACC100931,Current,2024-09-14 08:21:16.355,Butwal Branch,245869,709,,0,Home,11.44,37175,38595,16424,49725,7,74,No,No,38,23501,16,418378,26866,993489,Retail,2,1,2026-05-14 08:21:16.355,Medium,Yes,RM_D
C0321,Customer_321,Male,28,Pokhara,Bagmati,Banker,Master,Married,ACC100322,Current,2021-04-03 08:21:16.270,Kathmandu Branch,107837,533,Closed,2209310,Home,9.27,44663,157194,53677,74860,33,61,Yes,No,29,15983,23,33928,11902,1237064,VIP,3,0,2026-01-18 08:21:16.270,Low,Yes,RM_C
C0020,Customer_20,Male,46,Bhaktapur,Gandaki,Student,PhD,Unmarried,ACC100021,Current,2025-08-11 08:21:16.227,Lalitpur Branch,220916,718,,0,Home,9.03,37186,539489,138237,113554,82,53,No,Yes,199,10604,4,604071,6887,1188291,VIP,1,7,2026-04-04 08:21:16.227,Medium,No,RM_C
C0908,Customer_908,Female,48,  kathmandu  ,Koshi,Business,+2,Married,ACC100909,FIXED DEPOSIT,2021-12-07 08:21:16.352,Chitwan Branch,207570,642,Closed,570082,Education,14.26,18384,203237,17358,95177,73,62,Yes,Yes,66,14472,1,443646,22830,1885543,Corporate,4,10,2025-09-28 08:21:16.352,Low,No,RM_D
C0851,Customer_851,Female,44,Chitwan,Koshi,Banker,PhD,Married,ACC100852,Fixed Deposit,2023-06-08 08:21:16.345,Lalitpur Branch,39961,482,Closed,1170170,Home,11.04,17047,1064416,59842,2253,95,22,Yes,No,191,45153,2,414712,38458,788339,Corporate,2,3,2025-09-10 08:21:16.345,Medium,Yes,RM_C
C0895,Customer_895,Male,40,Pokhara,Koshi,Analyst,PhD,Unmarried,ACC100896,Current,2025/31/12,Lalitpur Branch,114251,593,,0,Vehicle,12.81,28710,139543,50592,113760,75,45,Yes,Yes,156,31596,2,164961,13509,512943,Retail,3,5,2025-07-11 08:21:16.351,Low,Yes,RM_D
C0408,Customer_408,Male,39,Lalitpur,Bagmati,Student,Bachelor,Unmarried,ACC100409,Savings,2024-06-27 08:21:16.283,Bhaktapur Branch,171094,501,Active,1485832,Vehicle,8.91,47013,299808,5229,30932,93,92,Yes,Yes,25,32166,17,835300,4163,667453,VIP,4,3,2026-03-21 08:21:16.283,High,Yes,RM_C
C0538,Customer_538,Female,60,Chitwan,Gandaki,Analyst,Bachelor,Unmarried,ACC100539,Savings,2020-11-18 08:21:16.302,Kathmandu Branch,232958,493,Active,1208437,Home,14.5,5253,1239355,57575,50480,92,53,Yes,No,31,20566,12,987628,14597,279186,Retail,2,7,2025-10-16 08:21:16.302,Low,Yes,RM_C
C0694,Customer_694,Male,39,Chitwan,Koshi,Teacher,Bachelor,Married,ACC100695,Fixed Deposit,2019-08-12 08:21:16.323,Pokhara Branch,91420,483,,0,Home,14.01,27277,1946006,33645,63723,21,15,Yes,Yes,169,24678,19,754723,17345,1328982,Corporate,2,1,2025-11-02 08:21:16.323,Medium,No,RM_B
C0039,Customer_39,Female,44,Biratnagar,Bagmati,Business,Master,Unmarried,ACC100040,Fixed Deposit,2019-11-14 08:21:16.230,Biratnagar Branch,154139,822,Closed,135790,Home,13.78,35980,1704287,85674,24937,45,8,No,Yes,110,687,20,288366,1467,1073714,Retail,1,1,2026-04-29 08:21:16.230,Low,No,RM_B
C0176,Customer_176,Male,52,Pokhara,Lumbini,Engineer,Bachelor,Unmarried,ACC100177,Fixed Deposit,2024-11-20 08:21:16.249,Lalitpur Branch,33233,457,Active,239414,Personal,12.48,25901,904100,104817,35389,17,2,Yes,No,29,39433,20,919007,12740,1346448,Corporate,4,4,2025-10-14 08:21:16.249,High,Yes,RM_B
C0246,Customer_246,Female,60,Bhaktapur,Gandaki,Student,+2,Unmarried,ACC100247,Fixed Deposit,2020-05-19 08:21:16.260,Biratnagar Branch,133838,814,Closed,975889,Education,7.89,20757,922947,86090,51414,0,12,No,Yes,109,49614,29,394368,49714,1752490,VIP,1,1,2025-11-03 08:21:16.260,High,No,RM_B
C0893,Customer_893,Male,58,Kathmandu,Koshi,Analyst,,Unmarried,ACC100894,Fixed Deposit,2026-03-04 08:21:16.351,Pokhara Branch,79776,728,Closed,551304,Vehicle,11.95,6400,1253025,58837,36063,6,49,No,Yes,86,14312,23,433260,34263,897725,VIP,3,2,2025-08-13 08:21:16.351,High,No,RM_B
C0722,Customer_722,Male,140,Lalitpur,Bagmati,Business,Bachelor,Unmarried,ACC100723,Savings,2019-10-26 08:21:16.327,Chitwan Branch,129452,685,,0,Business,14.81,34867,1876693,32262,6851,63,18,No,Yes,151,16933,30,305442,40455,837671,Retail,2,4,2026-04-30 08:21:16.327,High,Yes,RM_B
C0944,Customer_944,Female,22,Butwal,Bagmati,Analyst,PhD,Married,ACC100945,Current,2020-02-27 08:21:16.357,Pokhara Branch,242228,708,,0,Education,6.78,19835,150434,31656,26272,12,68,No,Yes,117,10751,24,183056,45176,95230,VIP,1,9,2025-11-15 08:21:16.357,Medium,No,RM_D
C0925,Customer_925,Male,37,Butwal,Koshi,Analyst,Master,Married,ACC100926,Current,2022-08-10 08:21:16.354,Biratnagar Branch,214840 NPR,563,Active,186917,Vehicle,12.9,6210,"NPR 1,662,884.00",135893,55686,84,16,No,Yes,131,39491,4,899460,45307,675266,Retail,2,9,2026-06-07 08:21:16.354,High,Yes,RM_B
C0155,Customer_155,Male,47,Bhaktapur,Gandaki,Analyst,Master,Unmarried,ACC100156,Fixed Deposit,2022-10-27 08:21:16.246,Biratnagar Branch,63778,508,,0,Business,15.31,19358,424080,106977,30599,48,30,Yes,No,142,35018,6,669667,33862,1319265,VIP,2,4,2025-10-26 08:21:16.246,Low,Yes,RM_B
C0639,Customer_639,Male,27,Chitwan,Lumbini,Engineer,Bachelor,Unmarried,ACC100640,Savings,2024-01-21 08:21:16.317,Butwal Branch,191011,516,,0,Home,15.77,9507,1779649,93137,44153,93,51,Yes,Yes,127,26657,20,915135,38024,1998574,VIP,4,3,2025-11-01 08:21:16.317,Medium,No,RM_D
C0288,Customer_288,Female,54,Chitwan,Gandaki,Student,PhD,Unmarried,ACC100289,Savings,2025-12-17 08:21:16.266,Lalitpur Branch,54928,528,,0,Vehicle,13.77,4046,768848,17450,67475,14,99,No,No,40,39301,12,293173,148,1049703,Corporate,5,6,2026-06-03 08:21:16.266,Medium,No,RM_C
C0626,Customer_626,Male,54,Kathmandu,Gandaki,Doctor,PhD,Unmarried,ACC100627,Current,2026-02-23 08:21:16.315,Bhaktapur Branch,102345,724,Closed,2238640,Personal,14.27,49850,943154,55068,3284,33,69,No,No,173,18194,21,967391,8102,1410096,VIP,4,1,2026-02-06 08:21:16.315,Low,No,RM_A
C0742,Customer_742,Female,34,Kathmandu,Lumbini,Banker,+2,Unmarried,ACC100743,Savings,2021-06-16 08:21:16.329,Chitwan Branch,162600 NPR,450,Closed,2137627,Business,14.82,48378,"NPR 674,468.00",15292,68998,68,49,No,Yes,37,27597,14,884350,42235,1305462,VIP,1,4,2026-04-19 08:21:16.329,High,Yes,RM_D
C0570,Customer_570,Female,29,Lalitpur,Lumbini,Business,Master,Married,ACC100571,Current,2021-11-20 08:21:16.308,Lalitpur Branch,87993,583,Closed,766822,Education,8.74,18787,1202647,49170,108299,20,50,Yes,No,4,32826,19,794174,5617,1845927,Corporate,3,8,2026-01-30 08:21:16.308,High,No,RM_A
C0802,Customer_802,Male,27,Lalitpur,Koshi,Student,+2,Married,ACC100803,Fixed Deposit,2020-09-28 08:21:16.338,Biratnagar Branch,45331,667,Closed,1997788,Business,10.49,36288,1048065,88287,3993,54,39,No,Yes,100,27995,2,159327,15919,1353861,Retail,2,10,2025-10-09 08:21:16.338,High,Yes,RM_D
C0018,Customer_18,Female,51,Kathmandu,Lumbini,Banker,Master,Unmarried,ACC100019,Current,2019-12-25 08:21:16.227,Chitwan Branch,214761,593,,0,Business,6.52,40973,1870641,60811,101836,88,36,Yes,No,169,32673,18,394024,35475,527447,VIP,3,3,2025-09-19 08:21:16.227,Low,Yes,RM_D
C0128,Customer_128,Male,36,Bhaktapur,Bagmati,Analyst,Master,Married,ACC100129,Savings,2020-05-29 08:21:16.243,Chitwan Branch,108632,561,Active,662853,Education,14.71,20084,1356765,101197,16250,72,71,No,Yes,162,23635,27,904024,34389,1003423,Corporate,4,0,2026-02-13 08:21:16.243,High,Yes,RM_D
C0323,Customer_323,Female,48,Kathmandu,Koshi,Student,Bachelor,Unmarried,ACC100324,Fixed Deposit,2023-02-16 08:21:16.270,Pokhara Branch,166680,629,,0,Business,7.55,41509,1420113,26588,28215,4,79,Yes,Yes,10,12481,3,868742,38297,865576,Corporate,3,6,2025-07-19 08:21:16.270,Medium,No,RM_D
C0256,Customer_256,Female,54,Pokhara,Gandaki,Engineer,Bachelor,Married,ACC100257,Fixed Deposit,2025-04-27 08:21:16.261,Butwal Branch,109214,687,Active,413979,Personal,9.7,3065,1309485,35098,116641,0,20,No,Yes,48,6146,23,219663,26149,85526,Corporate,2,4,2025-10-26 08:21:16.261,Low,Yes,RM_C
C0791,Customer_791,Male,21,Biratnagar,Gandaki,Banker,Master,Unmarried,ACC100792,Fixed Deposit,2023-08-21 08:21:16.337,Butwal Branch,77107,639,Closed,1213876,Home,14.38,8996,1056761,89753,72033,96,43,Yes,Yes,18,4796,9,906502,32269,440727,Retail,5,0,2026-01-10 08:21:16.337,High,Yes,RM_A
C0500,Customer_500,Female,36,Lalitpur,Koshi,Analyst,PhD,Unmarried,ACC100501,Savings,2020-02-25 08:21:16.297,Bhaktapur Branch,208811 NPR,741,,0,Education,7.5,30392,"NPR 584,783.00",37766,25537,49,80,No,Yes,113,16270,18,16110,35929,1871666,Corporate,2,3,2025-09-13 08:21:16.297,Medium,Yes,RM_A
C0191,Customer_191,Male,25,Butwal,Gandaki,Doctor,PhD,Unmarried,ACC100192,Current,2021-02-03 08:21:16.253,Pokhara Branch,40472,496,Active,2783107,Home,15.83,22976,760262,96308,12890,25,92,No,Yes,96,19441,23,89057,276,1815863,Corporate,2,2,2025-10-26 08:21:16.253,Medium,No,RM_B
C0116,Customer_116,Male,51,Pokhara,Bagmati,Doctor,PhD,Married,ACC100117,Savings,2024-04-16 08:21:16.242,Pokhara Branch,65622,476,Active,2763156,Home,8.62,15764,862978,121473,44529,55,66,No,Yes,65,9557,4,88608,11686,1602837,Retail,2,3,2025-09-05 08:21:16.242,Low,No,RM_A
C0666,Customer_666,Female,56,Biratnagar,Lumbini,Analyst,Master,Married,ACC100667,Fixed Deposit,2025-04-27 08:21:16.320,Biratnagar Branch,44271,532,,0,Vehicle,7.38,12340,269268,2491,4752,66,69,Yes,Yes,25,21817,13,941401,11130,463816,VIP,3,3,2025-06-18 08:21:16.320,Medium,No,RM_C
C0607,Customer_607,Male,33,Pokhara,Lumbini,Banker,+2,Unmarried,ACC100608,Savings,2023-07-14 08:21:16.313,Bhaktapur Branch,189425,771,Closed,2212000,Personal,14.98,4464,954261,30891,46171,79,19,Yes,No,188,46656,16,50852,34636,997460,VIP,1,2,2026-05-25 08:21:16.313,Medium,Yes,RM_A
C0181,Customer_181,Male,49,Lalitpur,Gandaki,Analyst,Bachelor,Married,ACC100182,Savings,2020-08-07 08:21:16.252,Chitwan Branch,187263,610,Active,112952,Education,15.05,27631,1559274,9810,72068,5,71,No,No,191,43380,11,649104,20605,164020,Retail,5,5,2025-09-14 08:21:16.252,High,No,RM_C
C0302,Customer_302,Male,55,Kathmandu,Koshi,Doctor,Bachelor,Married,ACC100303,Fixed Deposit,2022-10-16 08:21:16.268,Lalitpur Branch,141067,844,Active,791972,Education,15.88,6502,1257352,105777,9358,30,83,Yes,No,130,22912,14,723837,6728,965510,VIP,3,0,2026-05-31 08:21:16.268,High,No,RM_B
C0830,Customer_830,Male,36,  chitwan  ,Lumbini,Doctor,PhD,Unmarried,ACC100831,CURRENT,2022-06-21 08:21:16.342,Kathmandu Branch,50488,453,,0,Home,12.85,27168,939946,47545,58986,53,92,No,No,139,4106,29,161677,43945,1577983,VIP,1,7,2025-12-04 08:21:16.342,Low,No,RM_C
C0901,Customer_901,Male,23,Bhaktapur,Lumbini,Business,Master,Married,ACC100902,Savings,2025/31/12,Chitwan Branch,121325,469,Active,2901466,Vehicle,13.11,20103,1643022,3798,37646,81,72,No,Yes,19,12030,9,611131,7088,135878,Retail,2,4,2025-09-27 08:21:16.352,Medium,Yes,RM_C
C0781,Customer_781,Male,64,Kathmandu,Bagmati,Analyst,PhD,Married,ACC100782,Fixed Deposit,2020-03-01 08:21:16.335,Lalitpur Branch,77956,463,,0,Personal,15.64,5623,1560770,22545,92415,74,58,Yes,No,55,34898,20,496942,1493,1821221,Retail,5,5,2025-07-25 08:21:16.335,Low,No,RM_A
C0740,Customer_740,Female,65,Chitwan,Koshi,Doctor,Master,Unmarried,ACC100741,Fixed Deposit,2023-12-03 08:21:16.329,Lalitpur Branch,93641,539,Active,2577528,Home,15.15,11572,189243,57742,33850,2,90,No,Yes,172,19096,15,677807,31631,1418198,VIP,5,3,2026-04-19 08:21:16.329,High,No,RM_B
C0716,Customer_716,Male,59,Biratnagar,Koshi,Engineer,PhD,Married,ACC100717,Fixed Deposit,2023-04-04 08:21:16.326,Biratnagar Branch,128775,705,Closed,2696839,Home,8.54,5500,1181202,40379,6628,10,93,Yes,No,190,43510,30,76857,10497,827764,VIP,1,6,2026-02-13 08:21:16.326,Low,No,RM_B
C0518,Customer_518,Female,58,Butwal,Gandaki,Teacher,Master,Unmarried,ACC100519,Current,2020-02-13 08:21:16.299,Biratnagar Branch,111527,499,Closed,1224476,Home,8.5,8861,325308,44618,70550,81,45,No,Yes,153,44668,0,968368,18636,1579328,Corporate,3,7,2026-06-12 08:21:16.299,Medium,Yes,RM_A
C0373,Customer_373,Female,42,Pokhara,Bagmati,Analyst,Master,Unmarried,ACC100374,Fixed Deposit,2024-11-12 08:21:16.277,Bhaktapur Branch,209583,843,Closed,740084,Vehicle,14.2,44709,81003,49039,8433,24,59,Yes,No,18,40489,30,935634,44246,29658,Corporate,4,3,2026-03-24 08:21:16.277,High,No,RM_B
C0046,Customer_46,Male,57,Pokhara,Bagmati,Business,PhD,Married,ACC100047,Savings,2024-12-25 08:21:16.231,Kathmandu Branch,188244,626,Active,584138,Education,8.65,12800,851562,62664,75571,80,27,Yes,Yes,123,14864,8,977191,45522,168590,Corporate,4,8,2025-12-12 08:21:16.231,High,Yes,RM_A
C0978,Customer_978,Female,60,Biratnagar,Bagmati,Engineer,Bachelor,Unmarried,ACC100979,Current,2022-10-14 08:21:16.361,Biratnagar Branch,98975,-999,Active,2890047,Home,11.25,4675,742238,139176,9731,0,56,No,No,38,2133,8,867908,15339,52366,VIP,3,0,2025-07-30 08:21:16.361,Medium,No,RM_C
C0158,Customer_158,Female,28,Biratnagar,Gandaki,Doctor,Bachelor,Married,ACC100159,Current,2020-12-17 08:21:16.247,Pokhara Branch,216813,463,Closed,1804726,Personal,9.93,44633,547437,19074,67350,90,75,No,Yes,44,43439,15,176233,37732,1421830,VIP,5,4,2025-06-24 08:21:16.247,Medium,No,RM_B
C0803,Customer_803,Male,41,Biratnagar,Koshi,Banker,Master,Married,ACC100804,Current,2023-05-01 08:21:16.338,Lalitpur Branch,85708,499,Closed,-1369573.5,Education,12.88,18473,1578554,138609,97978,55,27,Yes,Yes,39,33990,15,235949,47170,1064646,Corporate,1,10,2025-08-12 08:21:16.338,Medium,Yes,RM_A
C0172,Customer_172,Male,43,Kathmandu,Bagmati,Engineer,+2,Married,ACC100173,Fixed Deposit,2023-03-02 08:21:16.248,Lalitpur Branch,151685,466,,0,Vehicle,8.91,25018,1671249,10673,28900,65,23,No,No,135,47114,1,891542,13379,1077384,Corporate,1,5,2026-05-29 08:21:16.248,Medium,Yes,RM_C
C0017,Customer_17,Female,56,Butwal,Koshi,Banker,Bachelor,Unmarried,ACC100018,Fixed Deposit,2023-05-19 08:21:16.227,Pokhara Branch,216894,807,Active,1025055,Business,13.22,38502,492727,88337,32379,0,100,No,Yes,24,44852,1,110872,40550,101904,Retail,4,0,2026-04-10 08:21:16.227,Medium,Yes,RM_D
C0512,Customer_512,Female,58,Pokhara,Koshi,Teacher,Master,Married,ACC100513,Fixed Deposit,2024-06-07 08:21:16.299,Kathmandu Branch,181647,843,,0,Personal,12.97,38394,1100079,143871,50023,90,18,No,No,160,28218,22,579329,23299,769563,VIP,4,0,2026-04-05 08:21:16.299,Low,Yes,RM_B
C0049,Customer_49,Female,63,Pokhara,Lumbini,Teacher,+2,Married,ACC100050,Fixed Deposit,2024-10-30 08:21:16.231,Bhaktapur Branch,173119,583,Active,1556444,Vehicle,13.42,24435,221212,7060,99476,93,10,Yes,Yes,100,25259,11,303913,3332,526854,Corporate,5,7,2026-05-28 08:21:16.231,High,No,RM_D
C0192,Customer_192,Female,54,Chitwan,Bagmati,Banker,+2,Married,ACC100193,Current,2025-07-22 08:21:16.253,Biratnagar Branch,229310,825,Active,977398,Business,15.13,26815,1637225,65907,18290,51,6,No,Yes,50,8291,20,161902,35998,1910354,VIP,5,3,2026-02-15 08:21:16.253,Medium,No,RM_C
C0906,Customer_906,Female,20,Butwal,Lumbini,Analyst,+2,Unmarried,ACC100907,Savings,2024-10-20 08:21:16.352,Pokhara Branch,66044,655,Active,2717843,Vehicle,10.2,32421,1980919,101305,28706,99,18,Yes,Yes,105,29190,24,480895,31946,1475714,Retail,3,1,2025-11-04 08:21:16.352,Medium,Yes,RM_B
C0516,Customer_516,Female,36,Kathmandu,Koshi,Doctor,Master,Unmarried,ACC100517,Current,2021-07-25 08:21:16.299,Biratnagar Branch,67913,723,,0,Home,12.98,45926,109067,139201,77657,68,74,Yes,Yes,108,34561,6,210409,7597,1099349,Corporate,4,10,2026-02-27 08:21:16.299,Low,No,RM_B
C0735,Customer_735,Male,62,  kathmandu  ,Gandaki,Engineer,PhD,Unmarried,ACC100736,CURRENT,2023-09-10 08:21:16.328,Lalitpur Branch,187269,845,Closed,1691228,Business,8.94,22198,494012,80759,117541,38,80,Yes,Yes,103,4391,9,904082,7245,1791097,Corporate,1,6,2026-04-27 08:21:16.328,Medium,Yes,RM_B
C0741,Customer_741,Male,27,Biratnagar,Lumbini,Teacher,Bachelor,Married,ACC100742,Current,2025-02-11 08:21:16.329,Chitwan Branch,118825 NPR,542,Active,2199055,Vehicle,6.57,29507,"NPR 1,170,024.00",79036,41173,43,40,Yes,No,126,13441,2,778758,1936,1727577,Corporate,2,9,2025-07-21 08:21:16.329,Medium,No,RM_C
C0481,Customer_481,Female,63,Chitwan,Gandaki,Banker,+2,Married,ACC100482,Current,2022-12-23 08:21:16.294,Biratnagar Branch,219950,624,Closed,2176381,Vehicle,14.69,46205,539744,74484,71540,4,49,No,No,2,29624,0,572281,34595,1192024,VIP,5,4,2025-07-26 08:21:16.294,Low,No,RM_D
C0284,Customer_284,Female,45,Lalitpur,Lumbini,Teacher,+2,Married,ACC100285,Fixed Deposit,2022-08-02 08:21:16.265,Biratnagar Branch,51408,799,Closed,633118,Home,6.72,19059,102069,77525,118799,92,32,No,No,137,42387,18,622499,47762,1427679,Corporate,5,9,2026-02-22 08:21:16.265,Medium,No,RM_C
C0775,Customer_775,Male,33,Lalitpur,Koshi,Analyst,PhD,Unmarried,ACC100776,Current,2024-11-24 08:21:16.335,Biratnagar Branch,61818,685,Active,1911617,Home,15.22,6345,765507,149044,114178,13,89,No,Yes,189,10177,29,580614,24777,290208,VIP,3,1,2025-12-05 08:21:16.335,High,Yes,RM_D
C0707,Customer_707,Female,60,Lalitpur,Bagmati,Banker,PhD,Unmarried,ACC100708,Current,2023-10-06 08:21:16.325,Bhaktapur Branch,55680,774,Closed,572970,Home,10.14,16521,1394616,37294,85506,95,70,Yes,No,143,26819,9,174634,15432,1266022,VIP,2,6,2025-06-30 08:21:16.325,Low,No,RM_A
C0226,Customer_226,Male,57,Butwal,Lumbini,Engineer,PhD,Unmarried,ACC100227,Current,2025-10-20 08:21:16.257,Lalitpur Branch,228362,635,,0,Education,6.26,40789,1324804,64588,75952,33,4,Yes,Yes,167,11409,20,195785,47945,206055,VIP,5,8,2026-05-23 08:21:16.257,Medium,No,RM_C
C0027,Customer_27,Male,22,Pokhara,Gandaki,Teacher,Bachelor,Unmarried,ACC100028,Current,2025-08-10 08:21:16.228,Butwal Branch,74426,754,Closed,1778976,Personal,15.26,15490,1532879,55806,31362,50,8,No,No,21,40571,28,235601,4413,1037230,Retail,4,10,2025-09-22 08:21:16.228,High,No,RM_C
C0843,Customer_843,Female,24,Butwal,Koshi,Doctor,Master,Married,ACC100844,Savings,2025-09-15 08:21:16.344,Bhaktapur Branch,84672,815,,0,Personal,14.96,3814,990660,61955,81389,42,73,Yes,Yes,41,45315,9,240661,24113,1659043,Corporate,1,0,2026-04-09 08:21:16.344,High,Yes,RM_A
C0438,Customer_438,Female,27,Biratnagar,Bagmati,Doctor,PhD,Married,ACC100439,Current,2023-08-15 08:21:16.287,Chitwan Branch,89379,669,Closed,1205335,Personal,8.53,38074,1281307,79924,6213,22,20,Yes,Yes,56,2318,20,690582,22714,855200,Corporate,1,9,2026-02-08 08:21:16.287,Medium,Yes,RM_B
C0372,Customer_372,Male,20,Chitwan,Gandaki,Analyst,Bachelor,Unmarried,ACC100373,Current,2022-05-14 08:21:16.277,Butwal Branch,133994 NPR,826,Closed,121779,Personal,6.66,41579,"NPR 1,784,328.00",131471,42579,14,87,Yes,No,170,29432,30,725634,13085,659395,Corporate,1,4,2025-11-21 08:21:16.277,Medium,Yes,RM_B
C0365,Customer_365,Male,26,Pokhara,Gandaki,Banker,+2,Unmarried,ACC100366,Fixed Deposit,2025-10-24 08:21:16.276,Chitwan Branch,118241,690,Closed,699878,Home,14.31,26377,176449,83522,61278,14,45,Yes,No,104,32962,26,492004,34062,1133022,Corporate,1,10,2026-05-22 08:21:16.276,High,Yes,RM_A
C0230,Customer_230,Female,64,Pokhara,Gandaki,Doctor,+2,Married,ACC100231,Fixed Deposit,2021-10-14 08:21:16.258,Butwal Branch,55576,554,Closed,878230,Home,7.12,47110,219086,3645,88209,20,96,Yes,No,132,40153,29,198109,12389,895715,Retail,1,6,2025-11-30 08:21:16.258,Medium,No,RM_D
C0038,Customer_38,Male,42,Kathmandu,Gandaki,Business,+2,Unmarried,ACC100039,Fixed Deposit,2019-08-20 08:21:16.230,Butwal Branch,194556,837,,0,Vehicle,12.85,25721,1324112,70955,118935,46,63,No,Yes,23,17228,13,878031,37504,1949559,VIP,1,3,2025-06-27 08:21:16.230,Medium,Yes,RM_C
C0670,Customer_670,Male,25,Kathmandu,Lumbini,Business,PhD,Married,ACC100671,Current,2022-06-28 08:21:16.320,Bhaktapur Branch,67313,651,Closed,2031098,Business,13.57,48474,1793028,39015,65752,41,8,No,No,96,14514,17,976427,37634,189067,VIP,5,8,2025-09-12 08:21:16.320,High,Yes,RM_D
C0371,Customer_371,Female,21,Kathmandu,Gandaki,Engineer,Bachelor,Married,ACC100372,Fixed Deposit,2021-12-01 08:21:16.277,Chitwan Branch,130750 NPR,771,,0,Vehicle,10.47,45905,"NPR 1,735,857.00",72769,21695,91,53,Yes,No,16,34922,20,160330,37558,1369022,Corporate,5,0,2025-10-21 08:21:16.277,Low,Yes,RM_C
C0375,Customer_375,Male,21,Kathmandu,Gandaki,Analyst,Bachelor,Unmarried,ACC100376,Current,2025-03-04 08:21:16.278,Pokhara Branch,244238,647,Closed,261331,Business,14.35,13108,433248,64257,7686,17,60,No,Yes,190,20968,16,706241,12844,1819059,VIP,2,0,2026-05-18 08:21:16.278,Medium,Yes,RM_B
C0470,Customer_470,Male,50,Lalitpur,Lumbini,Banker,Master,Unmarried,ACC100471,Fixed Deposit,2024-10-17 08:21:16.291,Kathmandu Branch,213775,715,Active,149422,Personal,15.87,45868,870751,73378,79689,7,47,No,No,15,45895,21,394705,2330,1607686,Retail,5,2,2025-12-17 08:21:16.291,Medium,No,RM_D
C0199,Customer_199,Female,46,Butwal,Bagmati,Doctor,Master,Unmarried,ACC100200,Fixed Deposit,2026-03-23 08:21:16.254,Pokhara Branch,67202 NPR,704,,0,Vehicle,6.22,35256,"NPR 1,925,148.00",55690,14536,85,96,No,Yes,33,16865,17,747806,49915,1058515,VIP,2,2,2025-09-18 08:21:16.254,High,Yes,RM_C
C0688,Customer_688,Male,27,Bhaktapur,Bagmati,Engineer,Master,Unmarried,ACC100689,Current,2026-01-27 08:21:16.322,Lalitpur Branch,114670 NPR,775,Closed,1665268,Home,12.73,23546,"NPR 694,738.00",32237,75837,20,68,Yes,Yes,37,28317,12,533863,24035,104732,Retail,1,1,2026-04-29 08:21:16.322,High,No,RM_B
C0917,Customer_917,Female,31,Lalitpur,Bagmati,Engineer,Master,Unmarried,ACC100918,Fixed Deposit,2025/31/12,Butwal Branch,34379,560,Active,823035,Home,6.65,6837,1866699,60306,23863,37,90,Yes,Yes,167,15499,8,366614,35748,1379612,Corporate,2,6,2025-10-19 08:21:16.353,High,Yes,RM_A
C0759,Customer_759,Female,39,Pokhara,Bagmati,Teacher,+2,Unmarried,ACC100760,Current,2019-10-26 08:21:16.331,Bhaktapur Branch,121382,822,,0,Personal,14.95,39711,1641276,29671,51398,45,89,No,Yes,164,3221,18,802417,48270,595009,Corporate,3,5,2026-03-26 08:21:16.331,High,Yes,RM_B
C0784,Customer_784,Female,28,Chitwan,Bagmati,Banker,Master,Married,ACC100785,Savings,2025/31/12,Butwal Branch,35484,837,,0,Vehicle,8.82,29950,641575,25279,100231,62,78,No,Yes,97,20798,5,538142,1333,636603,VIP,5,1,2026-04-19 08:21:16.336,High,Yes,RM_C
C0195,Customer_195,Female,27,Bhaktapur,Koshi,Doctor,Master,Married,ACC100196,Fixed Deposit,2024-06-24 08:21:16.253,Biratnagar Branch,134417,500,Active,1610973,Home,11.19,2821,1739998,17034,27874,55,100,Yes,Yes,47,37423,29,524491,22801,148347,VIP,2,4,2025-07-16 08:21:16.253,Medium,Yes,RM_A
C0921,Customer_921,Male,25,Lalitpur,Lumbini,Banker,PhD,Married,ACC100922,Current,2023-06-09 08:21:16.354,Biratnagar Branch,140618,816,,0,Education,10.53,19523,186154,79388,72208,95,77,No,Yes,195,49363,26,122719,39892,1438482,Retail,4,0,2025-08-05 08:21:16.354,Medium,No,RM_B
C0931,Customer_931,Male,52,Biratnagar,Bagmati,Business,PhD,Unmarried,ACC100932,Current,2020-04-12 08:21:16.355,Kathmandu Branch,81854,634,Active,1691976,Education,13.58,23772,909884,67273,113615,62,59,Yes,No,36,48745,14,691360,26888,981781,Corporate,4,1,2025-06-22 08:21:16.355,Low,No,RM_D
C0504,Customer_504,Female,20,Butwal,Gandaki,Engineer,Bachelor,Married,ACC100505,Current,2022-05-24 08:21:16.298,Pokhara Branch,99470,584,Active,1119128,Education,13.18,34446,14067,50832,85894,78,59,No,Yes,28,47132,7,54506,24488,1315995,Retail,1,8,2026-03-12 08:21:16.298,Low,Yes,RM_D
C0688,Customer_688,Male,27,Bhaktapur,Bagmati,Engineer,Master,Unmarried,ACC100689,Current,2026-01-27 08:21:16.322,Lalitpur Branch,114670 NPR,775,Closed,1665268,Home,12.73,23546,"NPR 694,738.00",32237,75837,20,68,Yes,Yes,37,28317,12,533863,24035,104732,Retail,1,1,2026-04-29 08:21:16.322,High,No,RM_B
C0896,Customer_896,Male,30,Butwal,Gandaki,Doctor,+2,Married,ACC100897,Savings,2020-09-09 08:21:16.351,Chitwan Branch,170977,697,,0,Home,12.79,27444,1828750,10816,34264,10,56,Yes,No,21,12141,29,536455,15080,1144158,Corporate,2,10,2025-07-02 08:21:16.351,Low,No,RM_D
C0580,Customer_580,Female,23,Chitwan,Bagmati,Banker,+2,Married,ACC100581,Current,2023-03-12 08:21:16.310,Bhaktapur Branch,180168,811,,0,Home,10.22,10201,818761,22871,22682,27,32,No,Yes,157,26069,0,947182,36859,1858391,Retail,2,4,2025-07-11 08:21:16.310,Medium,Yes,RM_D
C0161,Customer_161,Male,31,Pokhara,Gandaki,Engineer,Master,Married,ACC100162,Fixed Deposit,2025-04-19 08:21:16.247,Biratnagar Branch,107808,727,Closed,2535786,Home,13.41,34061,1633722,20710,11291,54,29,No,No,89,36574,25,594121,42152,459297,Corporate,3,5,2026-04-16 08:21:16.247,Medium,Yes,RM_C
C0681,Customer_681,Female,52,Chitwan,Lumbini,Doctor,Bachelor,Unmarried,ACC100682,Savings,2026-04-13 08:21:16.322,Chitwan Branch,212727,845,Active,1368028,Home,14.39,44537,1797733,118800,93415,11,96,No,Yes,59,6959,24,152998,25276,228578,Retail,1,9,2026-05-21 08:21:16.322,High,Yes,RM_A
C0163,Customer_163,Female,31,Lalitpur,Koshi,Analyst,PhD,Married,ACC100164,Fixed Deposit,2024-08-27 08:21:16.247,Lalitpur Branch,140460,570,Active,1121251,Business,15.44,10569,1071820,99344,114688,52,0,Yes,Yes,60,47979,17,962589,9166,1258234,Corporate,5,8,2025-10-05 08:21:16.247,High,No,RM_C
C0706,Customer_706,Female,35,Bhaktapur,Bagmati,Teacher,PhD,Married,ACC100707,Savings,2024-11-11 08:21:16.325,Chitwan Branch,168855,527,Closed,1709110,Home,9.42,19874,1713446,76547,114597,58,60,No,No,4,39255,28,850756,22149,1792904,Corporate,1,0,2026-02-03 08:21:16.325,Low,No,RM_B
C0757,Customer_757,Female,35,Biratnagar,Lumbini,Teacher,Master,Married,ACC100758,Fixed Deposit,2023-12-31 08:21:16.331,Kathmandu Branch,180591,706,Active,1756902,Home,7.89,5544,1471457,96274,51096,79,38,No,No,110,42918,16,906936,23328,1297201,VIP,5,0,2025-06-28 08:21:16.331,High,Yes,RM_C
C0153,Customer_153,Female,35,Lalitpur,Koshi,Doctor,Master,Married,ACC100154,Current,2024-06-13 08:21:16.246,Pokhara Branch,168177,634,Closed,1378787,Business,12.62,2212,1982606,32192,24484,1,42,Yes,No,181,10679,13,178960,29885,1993849,VIP,2,7,2026-05-17 08:21:16.246,Medium,Yes,RM_C
C0801,Customer_801,Male,42,Bhaktapur,Bagmati,Doctor,,Unmarried,ACC100802,Savings,2022-07-20 08:21:16.338,Kathmandu Branch,107271,526,Closed,1525651,Business,10.5,11789,1656437,55876,74813,75,31,No,No,74,27942,9,617051,18078,1379432,Corporate,3,4,2025-11-29 08:21:16.338,High,No,RM_A
C0755,Customer_755,Male,44,Biratnagar,Bagmati,Analyst,PhD,Married,ACC100756,Current,2024-06-26 08:21:16.331,Biratnagar Branch,61108,702,Closed,1772429,Home,12.43,4320,199115,25434,96693,65,76,No,Yes,193,48121,8,878896,8914,1815688,VIP,5,4,2026-01-08 08:21:16.331,Low,No,RM_A
C0815,Customer_815,Male,46,Lalitpur,Koshi,Doctor,+2,Unmarried,ACC100816,Fixed Deposit,2024-07-17 08:21:16.340,Biratnagar Branch,53605,788,Closed,2316805,Personal,13.26,46562,324898,117790,93939,38,30,No,No,10,33959,7,108574,23349,44641,Corporate,4,10,2026-03-30 08:21:16.340,Low,No,RM_D
C0112,Customer_112,Male,58,Biratnagar,Koshi,Doctor,PhD,Married,ACC100113,Current,2024-04-27 08:21:16.241,Biratnagar Branch,217669,589,Closed,1846287,Vehicle,6.02,23397,1728842,42069,82742,5,6,Yes,Yes,116,8412,13,785177,27009,1648586,Retail,5,6,2025-06-19 08:21:16.241,Low,No,RM_D
C0227,Customer_227,Male,27,Pokhara,Lumbini,Student,PhD,Unmarried,ACC100228,Current,2021-12-29 08:21:16.258,Pokhara Branch,140236,776,Closed,2620761,Vehicle,11.06,35277,252277,49644,25235,34,12,Yes,No,139,7577,27,718528,9089,611929,VIP,1,4,2025-12-02 08:21:16.258,Medium,Yes,RM_B
C0884,Customer_884,Male,54,Pokhara,Lumbini,Doctor,PhD,Unmarried,ACC100885,Savings,2023-08-22 08:21:16.349,Butwal Branch,94704 NPR,641,Closed,2714346,Business,15.38,8128,"NPR 1,882,839.00",104478,30391,74,16,No,Yes,132,13053,27,606803,27844,1336873,Retail,5,0,2025-12-12 08:21:16.349,Low,Yes,RM_D
C0104,Customer_104,Male,21,Lalitpur,Lumbini,Business,Master,Unmarried,ACC100105,Fixed Deposit,2025-05-10 08:21:16.240,Butwal Branch,147662,755,,0,Education,11.53,7753,1081442,33177,111697,17,82,No,Yes,152,2115,22,531426,12457,494222,Retail,4,4,2025-12-31 08:21:16.240,Medium,No,RM_A
C0422,Customer_422,Female,54,Pokhara,Lumbini,Engineer,PhD,Unmarried,ACC100423,Fixed Deposit,2020-12-05 08:21:16.285,Biratnagar Branch,222561,473,Active,1281582,Business,15.0,27780,619880,13305,117745,71,6,Yes,Yes,33,44019,27,88300,4210,1208212,VIP,4,1,2026-04-08 08:21:16.285,Low,Yes,RM_B
C0420,Customer_420,Female,22,Pokhara,Lumbini,Student,Master,Unmarried,ACC100421,Fixed Deposit,2023-10-08 08:21:16.284,Kathmandu Branch,28372,704,,0,Business,14.08,49044,905001,23428,108564,15,97,Yes,Yes,169,37869,25,675013,19060,146615,Retail,2,7,2026-05-18 08:21:16.285,Low,Yes,RM_A
C0809,Customer_809,Male,60,Butwal,Lumbini,Student,Master,Married,ACC100810,Fixed Deposit,2023-12-05 08:21:16.339,Bhaktapur Branch,238787,768,Closed,2450834,Business,13.3,20084,173655,123892,18776,62,66,Yes,No,160,7871,14,453868,19897,876239,Retail,2,8,2026-04-21 08:21:16.339,Low,Yes,RM_A
C0587,Customer_587,Male,57,Pokhara,Gandaki,Doctor,Master,Unmarried,ACC100588,Fixed Deposit,2025-08-02 08:21:16.310,Biratnagar Branch,127841,732,Closed,1052202,Home,9.22,27859,120684,92497,30897,49,43,Yes,Yes,101,31552,25,982182,34823,1500130,Corporate,5,0,2025-06-21 08:21:16.310,Medium,Yes,RM_A
C0077,Customer_77,Female,51,Lalitpur,Koshi,Analyst,PhD,Unmarried,ACC100078,Current,2022-11-11 08:21:16.235,Bhaktapur Branch,57227 NPR,840,Active,150694,Home,6.74,7159,"NPR 281,276.00",145409,82738,90,61,No,No,89,27367,11,253445,29653,59377,VIP,3,6,2025-07-17 08:21:16.235,High,Yes,RM_A
C0673,Customer_673,Female,33,Lalitpur,Gandaki,Teacher,Bachelor,Unmarried,ACC100674,Current,2023-04-23 08:21:16.321,Chitwan Branch,128259,637,Active,2848388,Business,13.72,37271,514237,85960,116407,7,3,No,Yes,153,12230,3,440210,35637,1937598,Corporate,4,4,2026-03-05 08:21:16.321,Low,No,RM_C
C0120,Customer_120,Female,41,Chitwan,Bagmati,Teacher,Master,Unmarried,ACC100121,Savings,2020-04-14 08:21:16.242,Lalitpur Branch,116671,715,Closed,1502859,Home,12.25,12966,1378951,142877,87693,66,52,Yes,Yes,175,45190,20,698094,4887,1148610,VIP,5,8,2025-10-08 08:21:16.242,Low,No,RM_C
C0054,Customer_54,Female,30,Biratnagar,Lumbini,Analyst,Master,Unmarried,ACC100055,Savings,2025-09-22 08:21:16.232,Butwal Branch,114227,844,Active,2171371,Personal,14.99,5461,1271919,40748,66240,95,91,Yes,Yes,182,39909,18,790312,590,484035,VIP,3,0,2026-06-07 08:21:16.232,High,Yes,RM_B
C0152,Customer_152,Male,64,Chitwan,Gandaki,Teacher,Master,Married,ACC100153,Fixed Deposit,2021-04-30 08:21:16.246,Pokhara Branch,180805,691,,0,Home,11.9,49947,1050286,63425,61697,63,69,No,Yes,130,676,6,391539,42738,1780389,Retail,5,9,2026-05-27 08:21:16.246,Medium,No,RM_A
C0404,Customer_404,Female,24,Chitwan,Gandaki,Banker,Bachelor,Unmarried,ACC100405,Fixed Deposit,2021-01-26 08:21:16.283,Kathmandu Branch,156740,579,Closed,2622230,Personal,11.07,37989,1295146,11095,70955,83,2,Yes,No,32,19442,16,721764,45326,64485,VIP,3,8,2026-04-01 08:21:16.283,High,No,RM_C
C0281,Customer_281,Female,36,Chitwan,Gandaki,Engineer,Bachelor,Married,ACC100282,Fixed Deposit,2025-02-20 08:21:16.265,Pokhara Branch,159947 NPR,599,Active,2035756,Vehicle,14.71,34096,"NPR 882,574.00",39974,8689,82,51,Yes,Yes,183,48653,0,295643,3381,558719,Corporate,5,1,2025-11-18 08:21:16.265,Low,No,RM_C
C0208,Customer_208,Female,60,Pokhara,Gandaki,Doctor,Master,Unmarried,ACC100209,Fixed Deposit,2021-11-12 08:21:16.255,Lalitpur Branch,164249,655,Closed,925519,Business,15.82,3959,510496,130805,103582,72,25,Yes,No,51,40508,26,132436,16563,634219,Retail,5,4,2026-03-24 08:21:16.255,Low,Yes,RM_A
C0659,Customer_659,Female,25,Chitwan,Gandaki,Banker,+2,Unmarried,ACC100660,Fixed Deposit,2023-04-10 08:21:16.319,Chitwan Branch,237926,588,Closed,2420403,Vehicle,12.74,10135,1445894,70097,68659,78,94,No,Yes,8,3160,26,90996,13917,327106,Corporate,2,4,2026-03-22 08:21:16.319,Low,No,RM_B
C0910,Customer_910,Female,63,Biratnagar,Koshi,Doctor,Bachelor,Married,ACC100911,Current,2024-05-24 08:21:16.353,Lalitpur Branch,134223,585,,0,Vehicle,12.11,24010,1156612,147336,57703,87,52,Yes,Yes,68,34652,5,282704,10122,1363382,Corporate,2,8,2026-03-14 08:21:16.353,High,Yes,RM_C
C0979,Customer_979,Female,48,Butwal,Gandaki,Student,,Married,ACC100980,Current,2026-01-08 08:21:16.361,Lalitpur Branch,117585,515,,0,Business,6.38,26870,1625470,48534,9183,36,18,No,No,62,44548,5,780522,27508,1880065,Corporate,3,7,2025-07-28 08:21:16.361,Medium,No,RM_C
C0009,Customer_9,Female,30,Butwal,Lumbini,Banker,Bachelor,Married,ACC100010,Current,2021-01-16 08:21:16.226,Butwal Branch,170631,837,Closed,208930,Business,9.71,36223,1838701,106599,2316,30,27,Yes,No,161,15050,21,509203,33903,203097,VIP,1,9,2025-10-11 08:21:16.226,High,Yes,RM_B
C0870,Customer_870,Female,62,Bhaktapur,Lumbini,Business,+2,Unmarried,ACC100871,Savings,2022-03-27 08:21:16.347,Bhaktapur Branch,61759,849,,0,Vehicle,6.87,6198,731361,14904,94444,49,96,Yes,No,136,49515,16,813799,7422,1094839,VIP,1,9,2025-11-18 08:21:16.347,Low,Yes,RM_C
C0037,Customer_37,Female,50,Biratnagar,Lumbini,Business,Master,Unmarried,ACC100038,Current,2024-02-07 08:21:16.230,Kathmandu Branch,170461,549,,0,Education,14.45,36300,410249,116635,114790,64,69,No,Yes,144,22398,24,576458,963,801261,Retail,3,4,2025-12-29 08:21:16.230,Low,No,RM_A
C0453,Customer_453,Male,33,Butwal,Bagmati,Engineer,PhD,Married,ACC100454,Fixed Deposit,2020-04-02 08:21:16.289,Lalitpur Branch,160756,504,Closed,2712537,Vehicle,12.77,28669,1304238,31350,27750,71,57,Yes,Yes,35,42215,5,200247,7577,1001980,Corporate,2,2,2026-02-21 08:21:16.289,Low,Yes,RM_C
C0652,Customer_652,Female,21,Bhaktapur,Gandaki,Student,+2,Married,ACC100653,Current,2025-10-19 08:21:16.318,Butwal Branch,203276,736,Closed,2481810,Personal,14.38,6011,516340,17453,74612,58,13,Yes,No,87,5352,8,821195,10904,395980,Corporate,5,10,2025-08-14 08:21:16.318,High,No,RM_D
C0254,Customer_254,Male,24,Butwal,Bagmati,Student,Master,Married,ACC100255,Fixed Deposit,2024-12-18 08:21:16.261,Bhaktapur Branch,79507,604,,0,Education,12.25,16797,1291922,65799,8953,14,61,Yes,No,174,1539,16,826154,41851,1149096,Retail,5,3,2026-04-08 08:21:16.261,High,No,RM_B
C0304,Customer_304,Male,55,Chitwan,Bagmati,Student,+2,Married,ACC100305,Fixed Deposit,2024-08-14 08:21:16.268,Pokhara Branch,119813,828,Active,1352717,Personal,9.31,26580,1631742,65100,29999,56,93,No,Yes,8,3751,21,385521,46071,209397,VIP,2,6,2025-12-14 08:21:16.268,Medium,No,RM_B
C0911,Customer_911,Female,34,Butwal,Gandaki,Student,Bachelor,Married,ACC100912,Fixed Deposit,2026-01-28 08:21:16.353,Pokhara Branch,94523,805,Closed,2574174,Education,13.38,29981,1422936,45667,32778,21,91,Yes,No,4,27952,7,261847,3349,1969821,Corporate,5,7,2026-02-26 08:21:16.353,Medium,Yes,RM_D
C0572,Customer_572,Female,53,Bhaktapur,Gandaki,Business,Master,Unmarried,ACC100573,Current,2021-05-06 08:21:16.309,Kathmandu Branch,68861,768,,0,Home,12.98,43796,1985389,21694,62536,18,75,No,No,136,49620,5,804942,2513,1722737,Corporate,2,0,2026-01-18 08:21:16.309,High,Yes,RM_C
C0624,Customer_624,Female,43,Kathmandu,Gandaki,Student,+2,Unmarried,ACC100625,Savings,2025-12-08 08:21:16.315,Biratnagar Branch,60690,664,Closed,180926,Education,13.85,2088,1014195,86380,50997,21,77,No,No,153,21127,26,321820,37296,1804679,Retail,3,2,2025-10-03 08:21:16.315,Medium,No,RM_D
C0765,Customer_765,Female,40,Chitwan,Lumbini,N/A,Bachelor,Unmarried,ACC100766,Savings,2020-02-24 08:21:16.333,Chitwan Branch,197508,838,Active,1116211,Vehicle,10.1,2476,718893,92129,83891,48,57,Yes,No,122,45124,9,176708,23413,370999,VIP,2,10,2025-07-03 08:21:16.333,Medium,Yes,RM_A
C0993,Customer_993,Male,34,Bhaktapur,Bagmati,Doctor,Master,Married,ACC100994,Current,2023-09-27 08:21:16.363,Biratnagar Branch,115747,761,,0,Business,15.59,34595,1235492,49993,62137,1,28,No,Yes,136,29587,18,848622,40753,534745,VIP,1,5,2026-05-26 08:21:16.363,High,Yes,RM_C
C0263,Customer_263,Female,37,Biratnagar,Lumbini,Analyst,Bachelor,Married,ACC100264,Current,2023-10-15 08:21:16.262,Chitwan Branch,77777,695,Active,2154423,Home,8.84,10502,571935,21128,68811,96,44,No,Yes,133,36131,7,431929,29718,1063842,Corporate,2,0,2025-10-27 08:21:16.262,Low,No,RM_B
C0611,Customer_611,Male,43,Lalitpur,Gandaki,Student,PhD,Married,ACC100612,Fixed Deposit,2021-08-10 08:21:16.313,Biratnagar Branch,30569,647,,0,Education,12.98,8189,704639,52922,3168,87,92,Yes,Yes,23,48091,2,747794,22583,1618923,Retail,1,0,2026-04-23 08:21:16.313,Medium,Yes,RM_C
C0298,Customer_298,Female,44,Biratnagar,Lumbini,Business,Master,Married,ACC100299,Savings,2020-10-16 08:21:16.267,Bhaktapur Branch,143500,516,Active,1913658,Home,9.79,27835,1765105,58983,60682,13,88,No,Yes,44,29037,12,631447,10297,1101112,Retail,3,5,2026-01-23 08:21:16.267,High,No,RM_B
C0415,Customer_415,Female,52,Kathmandu,Bagmati,Analyst,+2,Married,ACC100416,Fixed Deposit,2024-09-14 08:21:16.284,Butwal Branch,101079,658,,0,Personal,14.01,35579,1774155,93768,5634,52,51,Yes,No,30,43166,30,531435,18499,923040,Retail,3,2,2025-09-06 08:21:16.284,Low,Yes,RM_D
C0151,Customer_151,Male,54,Chitwan,Lumbini,Analyst,PhD,Unmarried,ACC100152,Fixed Deposit,2026-01-25 08:21:16.246,Lalitpur Branch,151550,760,,0,Education,8.65,30332,160027,60852,4546,59,18,Yes,Yes,169,24822,20,846307,29692,1958352,VIP,1,8,2025-11-18 08:21:16.246,High,No,RM_D
C0849,Customer_849,Female,54,Kathmandu,Gandaki,Student,Master,Unmarried,ACC100850,Current,2025-08-01 08:21:16.345,Biratnagar Branch,146717,540,Active,1112710,Education,7.36,34808,1386210,44331,75602,66,25,Yes,Yes,196,16528,5,822642,34278,1860503,VIP,2,8,2025-12-16 08:21:16.345,Medium,Yes,RM_C
C0641,Customer_641,Female,33,Butwal,Bagmati,Business,Bachelor,Married,ACC100642,Savings,2024-09-08 08:21:16.317,Butwal Branch,191507,507,Closed,581198,Personal,7.82,6753,1926676,17375,70729,34,52,No,Yes,96,2533,16,140061,49966,1581251,Corporate,1,7,2026-04-22 08:21:16.317,Low,Yes,RM_B
C0957,Customer_957,Male,35,Bhaktapur,Koshi,Analyst,PhD,Married,ACC100958,Savings,2025-02-01 08:21:16.358,Chitwan Branch,99787,539,Active,1258657,Vehicle,12.99,16884,1833299,83199,113409,92,12,Yes,Yes,155,36538,26,926476,34341,132757,VIP,3,5,2026-05-01 08:21:16.358,Medium,Yes,RM_C
C0551,Customer_551,Female,39,Chitwan,Lumbini,Student,PhD,Unmarried,ACC100552,Fixed Deposit,2024-01-01 08:21:16.306,Kathmandu Branch,201190,817,Closed,2631454,Home,11.43,7895,386495,13279,28323,66,51,Yes,Yes,127,34223,9,527046,22762,1824955,VIP,1,10,2025-10-20 08:21:16.306,Low,Yes,RM_C
C0852,Customer_852,Female,29,Butwal,Gandaki,Business,Master,Unmarried,ACC100853,Current,2021-11-19 08:21:16.345,Pokhara Branch,156156,628,,0,Education,6.29,46394,213094,84206,59098,11,45,Yes,Yes,43,8030,24,985147,13131,982596,VIP,1,3,2025-08-27 08:21:16.345,Low,Yes,RM_D
C0489,Customer_489,Female,45,Lalitpur,Bagmati,Business,Master,Unmarried,ACC100490,Current,2020-08-23 08:21:16.295,Biratnagar Branch,221248,592,,0,Business,11.69,19773,36331,124017,64292,99,38,No,No,30,19636,7,76638,44201,340416,Corporate,2,10,2026-04-22 08:21:16.295,Low,Yes,RM_B
C0711,Customer_711,Male,44,Kathmandu,Bagmati,Business,Master,Unmarried,ACC100712,Savings,2021-12-20 08:21:16.325,Biratnagar Branch,65946,454,,0,Education,8.3,31456,972668,76412,1177,25,24,Yes,No,106,22618,21,210248,30055,891236,VIP,1,8,2025-12-24 08:21:16.325,Medium,Yes,RM_C
C0148,Customer_148,Female,34,Butwal,Bagmati,Doctor,PhD,Married,ACC100149,Fixed Deposit,2025-12-15 08:21:16.246,Kathmandu Branch,240050,559,Closed,1616877,Personal,10.6,8245,1311828,101559,12112,100,90,No,Yes,165,16138,20,684591,6554,396189,VIP,3,3,2026-02-09 08:21:16.246,Low,Yes,RM_A
C0147,Customer_147,Male,65,Bhaktapur,Gandaki,Business,Bachelor,Married,ACC100148,Fixed Deposit,2024-08-22 08:21:16.245,Butwal Branch,137125,547,Closed,837304,Business,13.33,40755,1300214,20234,38554,34,86,No,Yes,108,14554,4,598641,6902,106032,VIP,2,2,2025-06-14 08:21:16.245,High,Yes,RM_B
C0778,Customer_778,Male,31,Bhaktapur,Bagmati,Teacher,Bachelor,Unmarried,ACC100779,Savings,2024-08-22 08:21:16.335,Kathmandu Branch,180894,612,Active,1687864,Vehicle,8.04,31008,1222683,72647,31096,3,3,No,No,5,673,30,964042,14516,1839729,Retail,1,8,2025-08-08 08:21:16.335,High,No,RM_D
C0741,Customer_741,Male,27,Biratnagar,Lumbini,Teacher,Bachelor,Married,ACC100742,Current,2025-02-11 08:21:16.329,Chitwan Branch,118825 NPR,542,Active,2199055,Vehicle,6.57,29507,"NPR 1,170,024.00",79036,41173,43,40,Yes,No,126,13441,2,778758,1936,1727577,Corporate,2,9,2025-07-21 08:21:16.329,Medium,No,RM_C
C0854,Customer_854,Male,28,Chitwan,Lumbini,Banker,PhD,Married,ACC100855,Savings,2020-12-14 08:21:16.345,Chitwan Branch,188319,788,,0,Personal,14.89,36532,1594824,45531,87451,98,74,Yes,Yes,44,20902,23,188765,35858,587301,VIP,4,8,2026-04-12 08:21:16.345,Medium,No,RM_B
C0951,Customer_951,Male,51,Chitwan,Gandaki,Analyst,Master,Unmarried,ACC100952,Current,2025/31/12,Pokhara Branch,33591,804,Active,909432,Education,8.45,20797,1589967,39399,49190,75,37,Yes,Yes,13,8870,7,103213,5734,771600,Corporate,5,4,2025-08-16 08:21:16.358,High,No,RM_A
C0660,Customer_660,Female,34,Chitwan,Bagmati,Teacher,+2,Unmarried,ACC100661,Savings,2025-09-20 08:21:16.319,Lalitpur Branch,74655,684,,0,Education,8.62,3458,1623112,2173,4433,13,88,No,Yes,191,26636,11,597591,49542,1764533,Retail,5,9,2026-03-20 08:21:16.319,High,Yes,RM_D
C0349,Customer_349,Male,53,Butwal,Gandaki,Analyst,Master,Married,ACC100350,Savings,2023-08-05 08:21:16.274,Kathmandu Branch,60434,632,,0,Vehicle,9.87,7153,296134,96019,38812,91,25,No,No,94,13199,25,961351,28914,326838,VIP,4,4,2025-07-15 08:21:16.274,Low,Yes,RM_D
C0464,Customer_464,Female,46,Bhaktapur,Gandaki,Banker,+2,Married,ACC100465,Current,2021-05-05 08:21:16.290,Pokhara Branch,44942,799,Closed,480251,Home,9.7,13851,1110995,45304,5035,86,71,Yes,No,116,10589,17,724921,15782,393692,VIP,2,8,2025-11-02 08:21:16.290,Medium,No,RM_C
C0326,Customer_326,Female,29,Chitwan,Lumbini,Analyst,PhD,Unmarried,ACC100327,Fixed Deposit,2024-06-24 08:21:16.271,Butwal Branch,231468,600,Closed,2377150,Education,11.05,32359,1942269,49810,11355,93,37,No,Yes,45,3986,29,387696,9112,349439,VIP,3,4,2025-11-17 08:21:16.271,High,Yes,RM_C
C0187,Customer_187,Female,61,Biratnagar,Bagmati,Student,Master,Unmarried,ACC100188,Current,2021-06-09 08:21:16.252,Biratnagar Branch,48895,711,,0,Vehicle,15.66,43273,858980,29184,67943,66,13,Yes,No,128,36599,22,182388,45614,1143118,Retail,2,7,2025-12-24 08:21:16.252,Low,No,RM_D
C0124,Customer_124,Male,30,Pokhara,Gandaki,Doctor,PhD,Unmarried,ACC100125,Current,2021-10-15 08:21:16.243,Chitwan Branch,218339,616,,0,Home,9.52,41098,1379945,46666,39659,99,76,Yes,No,189,42289,21,422118,133,345076,VIP,4,9,2025-12-20 08:21:16.243,Medium,Yes,RM_A
C0920,Customer_920,Male,53,Pokhara,Lumbini,Engineer,+2,Unmarried,ACC100921,Fixed Deposit,2025-02-21 08:21:16.354,Bhaktapur Branch,123110,575,Active,1106261,Home,13.29,7409,1163161,83609,2816,69,22,Yes,No,59,7354,22,736867,6901,1457237,Retail,4,7,2026-03-03 08:21:16.354,Medium,No,RM_C
C0609,Customer_609,Male,59,Kathmandu,Bagmati,Analyst,Bachelor,Unmarried,ACC100610,Current,2022-04-03 08:21:16.313,Pokhara Branch,220486,507,,0,Education,7.11,8162,369280,5320,28754,48,6,No,Yes,171,27902,29,773583,42520,1102583,VIP,3,1,2025-12-09 08:21:16.313,High,No,RM_C
C0144,Customer_144,Male,28,Butwal,Lumbini,Business,Master,Married,ACC100145,Current,2025-11-08 08:21:16.245,Lalitpur Branch,155313,700,Closed,2138090,Home,15.84,37464,1903831,2390,110703,42,65,Yes,Yes,134,44915,7,878473,3549,848496,Corporate,2,10,2025-12-12 08:21:16.245,Medium,Yes,RM_C
C0752,Customer_752,Male,51,Lalitpur,Lumbini,Teacher,Master,Unmarried,ACC100753,Fixed Deposit,2021-10-18 08:21:16.330,Pokhara Branch,172707,837,Closed,1354833,Home,14.18,15585,1127300,78617,24831,26,1,Yes,Yes,61,649,4,831528,10861,1456160,Corporate,4,10,2026-02-15 08:21:16.330,Low,No,RM_C
C0948,Customer_948,Female,46,Kathmandu,Bagmati,Doctor,PhD,Unmarried,ACC100949,Fixed Deposit,2019-08-11 08:21:16.357,Kathmandu Branch,70642 NPR,524,,0,Personal,13.8,5522,"NPR 945,462.00",84717,59404,66,7,Yes,No,128,19243,23,496326,24822,1587435,VIP,5,7,2025-10-24 08:21:16.357,High,Yes,RM_D
C0198,Customer_198,Female,64,Biratnagar,Lumbini,Teacher,+2,Married,ACC100199,Current,2024-01-05 08:21:16.253,Kathmandu Branch,57264,751,Closed,1516371,Vehicle,6.12,30076,637118,20214,16676,91,88,No,No,163,47515,12,534393,229,1346658,Retail,3,7,2025-12-24 08:21:16.253,High,No,RM_A
C0610,Customer_610,Female,57,Lalitpur,Gandaki,Analyst,Bachelor,Unmarried,ACC100611,Savings,2024-09-22 08:21:16.313,Pokhara Branch,230197,597,Closed,2939987,Personal,9.94,16051,1561201,44544,43674,11,95,Yes,No,132,17239,12,742405,8079,1954362,Retail,3,7,2025-10-16 08:21:16.313,High,No,RM_D
C0280,Customer_280,Male,36,Bhaktapur,Koshi,Teacher,Bachelor,Married,ACC100281,Fixed Deposit,2020-09-04 08:21:16.265,Kathmandu Branch,95969,753,,0,Vehicle,15.94,46798,1807724,83787,29776,0,98,No,Yes,151,46330,16,926063,18236,485057,VIP,3,8,2026-03-08 08:21:16.265,High,No,RM_C
C0294,Customer_294,Female,26,Chitwan,Gandaki,Teacher,Master,Unmarried,ACC100295,Savings,2020-10-20 08:21:16.266,Biratnagar Branch,156655,566,Closed,789159,Vehicle,9.38,11098,29424,131970,46431,25,92,No,Yes,62,37314,16,778018,13285,1513175,Corporate,4,5,2025-11-24 08:21:16.266,Medium,No,RM_B
C0897,Customer_897,Male,63,  butwal  ,Lumbini,Business,PhD,Married,ACC100898,FIXED DEPOSIT,2019-09-15 08:21:16.351,Biratnagar Branch,159490,512,Closed,293112,Personal,13.93,39817,1075880,69473,41652,91,84,No,No,33,37047,9,146366,19109,1185373,Retail,5,9,2026-02-12 08:21:16.351,Low,No,RM_D
C0401,Customer_401,Male,44,Kathmandu,Koshi,Teacher,Bachelor,Unmarried,ACC100402,Current,2021-10-02 08:21:16.282,Biratnagar Branch,156486,813,Closed,308712,Personal,15.67,45041,436016,104193,78375,19,68,No,Yes,120,2422,19,698817,5677,1320089,Retail,4,3,2025-08-31 08:21:16.282,High,No,RM_C
C0123,Customer_123,Male,51,Chitwan,Lumbini,Student,Bachelor,Unmarried,ACC100124,Current,2024-02-27 08:21:16.242,Kathmandu Branch,205074,838,Closed,452396,Home,11.79,23382,388695,146944,23818,79,43,No,No,199,46333,29,559422,42961,717935,Corporate,1,10,2026-02-16 08:21:16.242,Low,Yes,RM_A
C0184,Customer_184,Male,55,Biratnagar,Koshi,Student,Master,Married,ACC100185,Fixed Deposit,2021-06-22 08:21:16.252,Chitwan Branch,124253,768,Closed,2792918,Business,13.67,15519,412094,30663,75187,2,22,Yes,Yes,134,11393,18,87396,30580,359487,Corporate,4,8,2025-08-04 08:21:16.252,High,Yes,RM_B
C0203,Customer_203,Female,20,Lalitpur,Bagmati,Banker,PhD,Unmarried,ACC100204,Savings,2024-11-18 08:21:16.254,Biratnagar Branch,95273,632,Closed,2373556,Business,15.58,3574,1603884,30926,113582,24,31,No,Yes,107,29322,15,898320,45437,1618182,Retail,2,4,2026-04-02 08:21:16.254,Medium,Yes,RM_A
C0439,Customer_439,Male,56,Butwal,Gandaki,Business,+2,Married,ACC100440,Fixed Deposit,2021-08-16 08:21:16.287,Butwal Branch,248545,574,Closed,871274,Vehicle,15.99,40721,1121466,125581,90205,97,75,Yes,No,103,6264,25,492374,29134,301661,VIP,4,2,2025-07-25 08:21:16.287,High,No,RM_D
C0247,Customer_247,Female,58,Kathmandu,Gandaki,Banker,+2,Unmarried,ACC100248,Fixed Deposit,2021-10-15 08:21:16.260,Chitwan Branch,82240,488,Active,1663002,Vehicle,10.42,25373,134253,6306,16160,47,7,Yes,No,132,33499,29,923492,12320,1284061,Retail,3,6,2025-10-27 08:21:16.260,High,Yes,RM_D
C0416,Customer_416,Male,51,Lalitpur,Bagmati,Engineer,Master,Married,ACC100417,Savings,2023-06-01 08:21:16.284,Pokhara Branch,200664,804,Closed,2366206,Home,12.39,48827,22655,48919,47337,25,68,No,No,69,46658,23,192049,7407,1696836,Corporate,3,1,2026-03-13 08:21:16.284,Medium,No,RM_B
C0837,Customer_837,Female,63,  lalitpur  ,Lumbini,Business,Bachelor,Married,ACC100838,SAVINGS,2021-07-30 08:21:16.343,Chitwan Branch,50899,680,Active,1937777,Education,9.84,24932,677177,13634,115738,31,63,Yes,No,154,36519,26,268683,40277,1761295,Retail,5,6,2025-06-19 08:21:16.343,High,Yes,RM_C
C0825,Customer_825,Female,24,  bhaktapur  ,Lumbini,Doctor,+2,Married,ACC100826,CURRENT,2019-09-15 08:21:16.342,Lalitpur Branch,67198,453,Closed,396490,Personal,8.23,35646,1935909,35095,42643,53,10,No,Yes,199,1492,6,246208,30008,1194074,Corporate,3,8,2025-10-23 08:21:16.342,Medium,Yes,RM_B
C0975,Customer_975,Male,26,Bhaktapur,Bagmati,Teacher,Bachelor,Unmarried,ACC100976,Savings,2021-04-12 08:21:16.361,Kathmandu Branch,29422 NPR,669,,0,Home,10.3,8301,"NPR 74,383.00",138215,33491,9,72,Yes,Yes,67,40913,0,971821,5651,645270,Corporate,2,3,2025-12-08 08:21:16.361,Low,No,RM_D
C0828,Customer_828,Male,59,  kathmandu  ,Lumbini,Analyst,PhD,Married,ACC100829,CURRENT,2022-04-20 08:21:16.342,Pokhara Branch,40224,815,Closed,1372786,Business,8.49,36642,1073752,9299,64235,27,25,No,Yes,163,8033,19,190535,5498,1218759,VIP,2,10,2025-12-29 08:21:16.342,Medium,Yes,RM_C
C0955,Customer_955,Male,64,Lalitpur,Koshi,Student,Bachelor,Unmarried,ACC100956,Current,2020-07-01 08:21:16.358,Lalitpur Branch,245285,648,Active,2885990,Education,7.85,5930,572315,56397,69779,20,40,No,Yes,93,42774,2,669857,38873,1208527,Retail,3,7,2025-11-05 08:21:16.358,Medium,No,RM_D
C0130,Customer_130,Male,59,Chitwan,Koshi,Teacher,+2,Unmarried,ACC100131,Current,2019-11-01 08:21:16.243,Pokhara Branch,211914,606,Active,2284766,Home,10.45,35001,1000838,144160,23573,82,1,Yes,No,140,49259,19,799558,43291,1569129,VIP,5,9,2025-08-11 08:21:16.243,High,No,RM_B
C0638,Customer_638,Female,62,Butwal,Lumbini,Business,PhD,Unmarried,ACC100639,Current,2024-09-22 08:21:16.316,Kathmandu Branch,69042,718,,0,Education,13.28,44328,1043734,78011,55624,39,24,Yes,Yes,73,17226,25,155536,30073,1480838,Corporate,1,0,2026-01-02 08:21:16.317,Low,Yes,RM_C
C0403,Customer_403,Female,49,Biratnagar,Bagmati,Doctor,+2,Unmarried,ACC100404,Current,2021-10-30 08:21:16.282,Bhaktapur Branch,240297,713,Closed,2882058,Education,8.89,6946,1729907,40849,4053,13,25,No,No,138,19052,25,5854,47285,1649069,Retail,4,0,2026-04-28 08:21:16.282,Low,No,RM_C
C0845,Customer_845,Male,31,Butwal,Koshi,Analyst,Master,Unmarried,ACC100846,Current,2025-12-08 08:21:16.344,Bhaktapur Branch,159628,544,Active,602049,Business,14.69,17376,1345464,131348,70542,6,26,Yes,No,169,49356,13,94803,4538,656811,Corporate,5,1,2026-04-07 08:21:16.344,High,Yes,RM_B
C0831,Customer_831,Female,32,Butwal,Bagmati,Banker,PhD,Unmarried,ACC100832,Savings,2023-05-03 08:21:16.343,Lalitpur Branch,193962,741,Active,647756,Home,9.21,43956,718370,112664,51317,99,25,Yes,Yes,164,15997,14,671950,12833,1420768,VIP,4,5,2026-05-06 08:21:16.343,High,No,RM_A
C0736,Customer_736,Female,42,Biratnagar,Gandaki,Engineer,+2,Married,ACC100737,Fixed Deposit,2026-04-22 08:21:16.328,Bhaktapur Branch,98945,460,,0,Vehicle,15.69,19550,642029,54890,72309,10,34,Yes,Yes,43,41416,0,532664,49012,506848,Corporate,1,6,2026-05-17 08:21:16.328,Medium,Yes,RM_C
C0982,Customer_982,Male,31,Pokhara,Gandaki,Doctor,Master,Unmarried,ACC100983,Current,2019-09-18 08:21:16.362,Butwal Branch,195820,599,,0,Home,10.48,46316,1194105,57643,112743,17,76,Yes,No,179,29025,25,249960,9165,1913287,VIP,3,6,2025-11-27 08:21:16.362,Medium,No,RM_B
C0220,Customer_220,Male,55,Biratnagar,Gandaki,Teacher,Bachelor,Married,ACC100221,Savings,2024-04-22 08:21:16.257,Lalitpur Branch,238800,623,,0,Home,8.95,9949,764764,130227,14768,17,5,No,Yes,140,22322,22,68788,8628,1139996,VIP,2,8,2026-05-31 08:21:16.257,High,No,RM_D
C0642,Customer_642,Female,44,Bhaktapur,Koshi,Doctor,Master,Married,ACC100643,Savings,2022-04-22 08:21:16.317,Pokhara Branch,228779,729,Active,1628544,Business,7.78,3787,1088436,1660,49333,61,75,Yes,No,103,30744,15,423021,20359,392213,Retail,1,5,2025-08-22 08:21:16.317,Low,Yes,RM_C
C0984,Customer_984,Female,59,Lalitpur,Bagmati,Teacher,PhD,Unmarried,ACC100985,Current,2021-07-16 08:21:16.362,Pokhara Branch,174719,593,,0,Business,13.48,49480,728436,145994,36405,95,88,No,Yes,78,5527,26,734213,32500,1037936,Retail,4,10,2025-10-30 08:21:16.362,Medium,No,RM_A
C0811,Customer_811,Female,140,Biratnagar,Lumbini,Student,+2,Married,ACC100812,Fixed Deposit,2022-09-27 08:21:16.339,Lalitpur Branch,149316,647,,0,Personal,14.77,24394,1716150,7422,88354,74,24,No,No,115,1739,19,138126,15542,642648,VIP,2,7,2026-01-15 08:21:16.339,Low,No,RM_D
C0868,Customer_868,Female,64,Butwal,Lumbini,Engineer,,Unmarried,ACC100869,Current,2023-07-07 08:21:16.347,Kathmandu Branch,170728,489,Closed,194892,Personal,7.94,12344,1571473,70747,103932,51,29,No,Yes,83,13738,16,749085,31997,1531076,Retail,3,9,2025-11-18 08:21:16.347,Low,Yes,RM_C
C0989,Customer_989,Male,44,Pokhara,Koshi,Teacher,PhD,Married,ACC100990,Savings,2022-12-05 08:21:16.362,Kathmandu Branch,81887,534,Active,418256,Business,15.24,8771,984788,87773,72361,96,66,Yes,Yes,107,625,26,486738,36702,1480727,Retail,2,1,2026-05-04 08:21:16.362,Medium,No,RM_B
C0625,Customer_625,Male,55,Bhaktapur,Bagmati,Doctor,Master,Married,ACC100626,Current,2026-04-11 08:21:16.315,Pokhara Branch,231691,556,Active,495328,Vehicle,8.66,47651,1392247,30910,27294,92,30,Yes,No,25,2341,10,874109,3559,322536,VIP,4,0,2026-01-13 08:21:16.315,High,Yes,RM_B
C0904,Customer_904,Female,39,Biratnagar,Bagmati,Banker,Master,Married,ACC100905,Fixed Deposit,2024-12-15 08:21:16.352,Pokhara Branch,115585,622,Closed,535669,Business,14.61,21316,928546,61514,49148,56,40,Yes,No,75,4943,20,225605,1730,173104,VIP,1,3,2025-11-04 08:21:16.352,High,Yes,RM_D
C0820,Customer_820,Male,52,Lalitpur,Gandaki,Doctor,+2,Married,ACC100821,Fixed Deposit,2019-12-29 08:21:16.341,Pokhara Branch,205901,600,Closed,1092714,Vehicle,13.61,39223,1897882,31271,106291,42,18,No,No,74,4835,2,395809,2242,592743,Retail,1,7,2025-12-29 08:21:16.341,High,Yes,RM_D
C0387,Customer_387,Male,30,Bhaktapur,Gandaki,Business,Master,Unmarried,ACC100388,Fixed Deposit,2022-05-09 08:21:16.280,Bhaktapur Branch,131439,814,Active,1340780,Vehicle,8.49,33330,1221880,31877,116744,29,57,Yes,Yes,37,3529,6,455832,41237,916877,VIP,1,1,2025-07-21 08:21:16.280,Medium,Yes,RM_C
C0902,Customer_902,Male,22,Butwal,Bagmati,Analyst,Bachelor,Married,ACC100903,Fixed Deposit,2025-10-04 08:21:16.352,Butwal Branch,70481 NPR,704,,0,Education,6.29,25903,"NPR 169,707.00",140232,53943,91,72,Yes,No,118,2353,5,377316,7556,1786447,Corporate,5,3,2026-03-25 08:21:16.352,Low,No,RM_C
C0807,Customer_807,Female,45,Chitwan,Lumbini,Doctor,Bachelor,Unmarried,ACC100808,Fixed Deposit,2020-12-13 08:21:16.339,Pokhara Branch,64101,593,Active,373536,Home,10.79,27181,1308142,124357,30608,83,72,No,No,104,33468,22,925096,25773,1688418,Corporate,2,0,2026-01-04 08:21:16.339,High,No,RM_D
C0510,Customer_510,Female,43,Pokhara,Bagmati,Business,Bachelor,Married,ACC100511,Fixed Deposit,2024-04-20 08:21:16.298,Bhaktapur Branch,189486,603,,0,Vehicle,10.54,22259,1227133,103569,56466,58,54,Yes,No,27,19753,20,159808,24600,1299882,Corporate,1,6,2026-04-19 08:21:16.298,Medium,No,RM_B
C0268,Customer_268,Female,46,Bhaktapur,Koshi,Banker,PhD,Unmarried,ACC100269,Savings,2023-09-13 08:21:16.262,Kathmandu Branch,164848,496,Closed,659280,Personal,15.42,32126,1101082,52633,89239,45,45,No,Yes,113,18753,14,431432,3890,8744,VIP,5,8,2026-03-17 08:21:16.262,Medium,Yes,RM_A
C0882,Customer_882,Female,62,Butwal,Gandaki,Banker,Bachelor,Married,ACC100883,Savings,2026-04-09 08:21:16.349,Bhaktapur Branch,26469,480,Active,2775098,Education,9.42,43077,825906,14724,68254,0,11,No,No,180,47236,11,159594,10649,1975662,Corporate,1,1,2025-11-21 08:21:16.349,Low,Yes,RM_B
C0442,Customer_442,Male,62,Biratnagar,Bagmati,Analyst,+2,Unmarried,ACC100443,Current,2020-10-13 08:21:16.287,Bhaktapur Branch,43726,827,Closed,1538680,Business,8.41,40758,1146449,18939,108556,84,65,Yes,No,123,26319,11,140306,46400,239431,Corporate,3,7,2026-05-14 08:21:16.287,High,Yes,RM_C
C0497,Customer_497,Male,48,Lalitpur,Lumbini,Analyst,+2,Married,ACC100498,Savings,2023-03-23 08:21:16.297,Pokhara Branch,75243,706,Active,1026480,Business,7.57,32286,1919470,93252,97813,98,2,No,Yes,96,35757,10,74323,43400,28036,Corporate,5,6,2025-11-02 08:21:16.297,High,No,RM_C
C0113,Customer_113,Female,53,Biratnagar,Bagmati,Doctor,PhD,Married,ACC100114,Current,2022-11-20 08:21:16.241,Lalitpur Branch,241368,466,,0,Education,14.26,5509,984338,82779,69557,14,86,Yes,Yes,166,26322,23,575739,742,90264,Retail,3,9,2025-06-24 08:21:16.241,High,No,RM_A
C0692,Customer_692,Male,44,Biratnagar,Lumbini,Analyst,PhD,Married,ACC100693,Savings,2023-04-26 08:21:16.323,Biratnagar Branch,124428,589,,0,Business,14.51,4018,423213,7343,56873,17,13,No,No,96,17272,8,543240,38250,1488761,Corporate,2,4,2026-04-23 08:21:16.323,Low,No,RM_B
C0233,Customer_233,Female,52,Chitwan,Bagmati,Engineer,Master,Married,ACC100234,Current,2022-04-15 08:21:16.258,Kathmandu Branch,248677,761,Closed,2271213,Vehicle,12.08,43925,617002,142054,118586,95,46,Yes,Yes,6,29211,10,583688,31667,1409832,Corporate,5,7,2026-01-17 08:21:16.258,Low,Yes,RM_B
C0936,Customer_936,Female,20,Chitwan,Gandaki,Teacher,+2,Unmarried,ACC100937,Savings,2025/31/12,Kathmandu Branch,229145,722,Active,2354759,Personal,13.17,40133,1239329,138111,59909,0,92,No,No,185,15836,16,227053,43817,796323,Retail,3,9,2026-05-13 08:21:16.356,Medium,No,RM_B
C0608,Customer_608,Male,43,Lalitpur,Koshi,Analyst,+2,Unmarried,ACC100609,Savings,2025-02-22 08:21:16.313,Pokhara Branch,197010,632,Closed,1680479,Home,7.95,41054,291859,84866,15187,1,77,No,Yes,132,42106,30,598308,35385,213527,Corporate,3,9,2025-10-16 08:21:16.313,High,No,RM_C
C0672,Customer_672,Male,39,Lalitpur,Bagmati,Banker,PhD,Unmarried,ACC100673,Fixed Deposit,2019-08-25 08:21:16.321,Bhaktapur Branch,207026,624,,0,Vehicle,15.9,31978,147917,140996,77972,81,18,No,Yes,161,45711,29,183618,5129,1215496,Retail,1,6,2025-08-07 08:21:16.321,Low,Yes,RM_A
C0374,Customer_374,Male,55,Chitwan,Gandaki,Engineer,+2,Unmarried,ACC100375,Fixed Deposit,2020-04-28 08:21:16.278,Pokhara Branch,40913,686,Active,485199,Business,8.49,12883,922562,74882,16127,3,24,Yes,No,147,10180,19,438969,31379,1341187,Retail,3,6,2026-02-16 08:21:16.278,Medium,No,RM_B
C0664,Customer_664,Female,48,Biratnagar,Bagmati,Banker,PhD,Unmarried,ACC100665,Savings,2021-02-13 08:21:16.319,Kathmandu Branch,146762,718,Closed,176178,Personal,7.61,29488,840904,36675,6769,87,78,No,No,51,46013,18,866180,6993,1328621,VIP,3,10,2026-04-30 08:21:16.319,Low,Yes,RM_A
C0909,Customer_909,Male,28,Pokhara,Bagmati,Doctor,Master,Married,ACC100910,Fixed Deposit,2020-11-15 08:21:16.352,Kathmandu Branch,161643,635,,0,Education,12.77,26813,1501061,35666,114815,19,83,No,Yes,187,11783,27,709278,13470,548914,VIP,3,9,2025-09-10 08:21:16.352,Low,No,RM_C
C0234,Customer_234,Female,35,Butwal,Gandaki,Teacher,Master,Unmarried,ACC100235,Savings,2026-05-07 08:21:16.258,Kathmandu Branch,89337,476,,0,Vehicle,13.94,42874,1146651,36876,110284,83,95,Yes,Yes,122,38915,21,463412,6502,345989,Corporate,4,0,2026-05-28 08:21:16.259,High,Yes,RM_C
C0939,Customer_939,Female,49,Lalitpur,Lumbini,Engineer,+2,Unmarried,ACC100940,Savings,2021-10-16 08:21:16.356,Pokhara Branch,108123 NPR,787,Active,1160928,Home,7.8,24166,"NPR 1,929,115.00",55069,65218,37,59,No,Yes,67,44882,5,881838,3649,1171170,VIP,5,0,2025-10-21 08:21:16.356,High,No,RM_D
C0846,Customer_846,Female,32,  butwal  ,Bagmati,Banker,Bachelor,Married,ACC100847,FIXED DEPOSIT,2019-09-28 08:21:16.344,Lalitpur Branch,35012,725,Closed,1107796,Home,12.77,40110,1104890,142771,100056,84,75,No,No,113,6313,2,478941,1698,436895,VIP,3,10,2025-10-09 08:21:16.344,Medium,No,RM_D
C0677,Customer_677,Female,43,Lalitpur,Bagmati,Doctor,PhD,Married,ACC100678,Current,2020-05-21 08:21:16.321,Butwal Branch,40882,752,Closed,2773439,Personal,10.79,18546,296536,41363,93386,74,39,No,No,195,2635,24,883578,3783,1393049,VIP,4,6,2026-05-04 08:21:16.321,Low,No,RM_A
C0318,Customer_318,Female,56,Chitwan,Lumbini,Engineer,Bachelor,Unmarried,ACC100319,Current,2026-02-20 08:21:16.270,Kathmandu Branch,130033,621,,0,Business,15.8,42133,1346015,77084,54386,91,13,No,No,174,5028,12,217243,31166,1086773,VIP,2,4,2026-01-03 08:21:16.270,High,Yes,RM_B
C0649,Customer_649,Male,49,Pokhara,Koshi,Business,+2,Unmarried,ACC100650,Fixed Deposit,2024-03-31 08:21:16.318,Lalitpur Branch,78544,524,Active,2303295,Education,11.34,26111,1107843,96847,100128,11,15,Yes,Yes,132,8016,25,834345,40548,1304195,Corporate,2,1,2026-01-06 08:21:16.318,High,No,RM_C
C0411,Customer_411,Female,44,Lalitpur,Koshi,Teacher,Master,Married,ACC100412,Savings,2021-12-22 08:21:16.283,Lalitpur Branch,105750,603,,0,Vehicle,13.76,49652,67674,12394,87202,41,84,Yes,No,18,16677,30,765406,19473,1202264,Corporate,2,3,2025-08-12 08:21:16.283,High,No,RM_B
C0966,Customer_966,Female,43,Kathmandu,Bagmati,Engineer,PhD,Unmarried,ACC100967,Current,2020-07-01 08:21:16.360,Lalitpur Branch,119095,469,,0,Personal,14.61,24028,698053,15588,37739,45,74,No,No,40,46899,18,614044,13630,1799477,Retail,4,9,2025-07-08 08:21:16.360,Medium,No,RM_B
C0710,Customer_710,Female,48,Pokhara,Bagmati,Engineer,PhD,Married,ACC100711,Savings,2021-10-25 08:21:16.325,Chitwan Branch,164844,667,Closed,2218437,Education,12.39,3014,695856,106868,91411,30,26,No,Yes,123,25339,30,541195,39635,844729,Corporate,1,6,2026-05-14 08:21:16.325,Low,No,RM_B
C0359,Customer_359,Female,25,Butwal,Lumbini,Business,Master,Married,ACC100360,Current,2020-08-23 08:21:16.276,Kathmandu Branch,205313,608,Closed,2458302,Education,7.3,3895,227399,9500,58612,12,43,Yes,No,156,39423,16,519476,25156,706614,VIP,3,10,2025-11-13 08:21:16.276,Low,Yes,RM_A
C0259,Customer_259,Male,31,Pokhara,Koshi,Student,+2,Unmarried,ACC100260,Current,2024-08-31 08:21:16.261,Pokhara Branch,55573,657,Active,1019479,Education,13.72,12312,925810,142887,62322,56,98,No,No,171,1358,19,631554,11582,1846721,VIP,4,5,2026-04-11 08:21:16.261,High,Yes,RM_A
C0745,Customer_745,Male,62,Kathmandu,Lumbini,Teacher,Bachelor,Married,ACC100746,Current,2024-02-18 08:21:16.329,Pokhara Branch,148247,839,Closed,1548091,Personal,9.78,10667,378278,103837,50040,11,91,No,Yes,30,9520,2,708446,6975,195134,VIP,3,4,2025-10-04 08:21:16.330,Low,Yes,RM_D
C0628,Customer_628,Female,52,Pokhara,Gandaki,Teacher,Bachelor,Married,ACC100629,Fixed Deposit,2025-04-30 08:21:16.315,Bhaktapur Branch,193681,632,Closed,2500521,Education,7.6,35957,277135,128434,77631,21,91,No,Yes,88,49554,10,439178,38824,166624,VIP,2,2,2025-08-18 08:21:16.315,Low,Yes,RM_C
C0633,Customer_633,Male,54,Biratnagar,Koshi,Analyst,+2,Unmarried,ACC100634,Savings,2023-04-01 08:21:16.316,Lalitpur Branch,234382,493,Closed,689338,Personal,6.91,22914,1549464,126987,106819,65,46,No,Yes,115,18470,16,102778,45699,1344183,Retail,4,8,2025-12-12 08:21:16.316,Low,Yes,RM_C
C0283,Customer_283,Female,27,Chitwan,Lumbini,Doctor,+2,Unmarried,ACC100284,Current,2025-09-22 08:21:16.265,Bhaktapur Branch,213765,486,Active,1238704,Personal,13.4,42122,277261,53645,77204,95,72,Yes,No,100,14600,15,782569,19806,1267409,Retail,5,8,2025-07-21 08:21:16.265,High,Yes,RM_A
C0377,Customer_377,Female,21,Pokhara,Koshi,Doctor,Master,Married,ACC100378,Savings,2022-11-22 08:21:16.278,Biratnagar Branch,104204,807,Closed,1650802,Education,12.42,19620,62442,123058,83804,97,34,Yes,No,141,34768,15,574408,21345,165608,Corporate,2,1,2026-03-01 08:21:16.278,High,No,RM_D
C0385,Customer_385,Female,62,Chitwan,Lumbini,Analyst,Bachelor,Married,ACC100386,Savings,2022-01-31 08:21:16.279,Chitwan Branch,55742,552,,0,Education,11.27,33930,1244470,93282,48998,58,90,No,Yes,4,11230,0,317129,12787,202619,Retail,1,1,2025-07-31 08:21:16.279,Low,No,RM_A
C0225,Customer_225,Female,45,Pokhara,Gandaki,Engineer,Bachelor,Married,ACC100226,Savings,2019-09-13 08:21:16.257,Bhaktapur Branch,248420,611,,0,Business,13.19,49922,470889,19419,2240,67,58,Yes,Yes,117,49623,5,913918,2153,630203,Retail,1,1,2026-06-06 08:21:16.257,High,Yes,RM_A
C0102,Customer_102,Female,33,Kathmandu,Gandaki,Business,PhD,Married,ACC100103,Savings,2021-08-22 08:21:16.240,Pokhara Branch,32933 NPR,600,Closed,634701,Business,6.47,26345,"NPR 128,819.00",31939,24599,61,70,No,No,58,18893,0,48508,46382,1506908,VIP,5,0,2026-03-25 08:21:16.240,High,Yes,RM_B
C0877,Customer_877,Male,22,Biratnagar,Koshi,Teacher,Master,Married,ACC100878,Current,2020-05-17 08:21:16.348,Lalitpur Branch,144623,734,Closed,690200,Business,14.07,38764,1643400,130832,12988,71,67,Yes,Yes,83,37598,26,696674,7693,1965117,VIP,4,1,2026-04-23 08:21:16.348,High,Yes,RM_B
C0473,Customer_473,Male,64,Bhaktapur,Gandaki,Student,+2,Married,ACC100474,Savings,2023-07-29 08:21:16.293,Bhaktapur Branch,204790,499,Closed,513844,Vehicle,15.18,4705,866281,13717,20390,94,67,No,No,20,39389,26,190974,49436,313799,VIP,1,6,2025-08-06 08:21:16.293,Low,Yes,RM_B
C0348,Customer_348,Male,21,Chitwan,Gandaki,Teacher,+2,Married,ACC100349,Savings,2022-09-30 08:21:16.274,Kathmandu Branch,186123,822,,0,Business,15.82,13713,912879,146887,50001,8,48,Yes,No,33,3579,16,706181,18080,443553,VIP,3,8,2026-05-31 08:21:16.274,Medium,Yes,RM_D
C0506,Customer_506,Female,51,Lalitpur,Gandaki,Teacher,PhD,Unmarried,ACC100507,Current,2019-12-20 08:21:16.298,Biratnagar Branch,183562,601,Active,1559976,Business,13.15,35064,884130,139373,2116,64,27,Yes,Yes,137,6119,20,696853,25825,847991,VIP,3,8,2025-12-25 08:21:16.298,Medium,No,RM_D
C0640,Customer_640,Male,27,Butwal,Gandaki,Banker,+2,Unmarried,ACC100641,Fixed Deposit,2023-09-20 08:21:16.317,Chitwan Branch,62806,656,Active,2577038,Home,9.77,8804,292810,83487,64252,76,63,No,Yes,159,49058,19,370898,5985,1618839,Corporate,2,5,2025-07-11 08:21:16.317,Medium,Yes,RM_B
C0278,Customer_278,Male,36,Pokhara,Koshi,Engineer,PhD,Married,ACC100279,Fixed Deposit,2021-01-19 08:21:16.265,Bhaktapur Branch,229951 NPR,556,Closed,2466755,Vehicle,12.62,31294,"NPR 1,694,170.00",73118,45070,26,40,No,No,160,7898,5,708868,8916,252630,Corporate,5,1,2026-02-16 08:21:16.265,Medium,No,RM_A
C0798,Customer_798,Male,27,Lalitpur,Gandaki,Teacher,+2,Married,ACC100799,Current,2025/31/12,Lalitpur Branch,90991,508,Closed,963321,Personal,8.75,27872,609695,121911,35067,34,81,No,No,27,13557,27,70921,3227,733592,VIP,1,2,2026-01-17 08:21:16.338,Low,Yes,RM_D
C1000,Customer_1000,Female,44,Chitwan,Gandaki,Business,PhD,Unmarried,ACC101001,Fixed Deposit,2020-09-16 08:21:16.364,Bhaktapur Branch,213655,843,Closed,151073,Vehicle,14.08,24532,236850,139549,93835,6,43,No,Yes,72,14093,23,20081,24924,1488715,Retail,1,6,2026-03-30 08:21:16.364,Low,No,RM_A
C0974,Customer_974,Female,53,Chitwan,Lumbini,Student,PhD,Married,ACC100975,Fixed Deposit,2022-07-16 08:21:16.361,Bhaktapur Branch,40275 NPR,611,Active,628017,Business,7.94,5305,"NPR 787,828.00",55426,115438,84,77,Yes,Yes,8,2178,15,67871,19958,1192338,VIP,2,8,2026-03-17 08:21:16.361,Low,Yes,RM_D
C0620,Customer_620,Female,60,Pokhara,Bagmati,Business,PhD,Married,ACC100621,Fixed Deposit,2025-05-17 08:21:16.315,Lalitpur Branch,35908,840,Active,2834985,Education,9.75,5763,699993,126929,22556,13,63,No,No,182,19190,24,668536,43585,1002272,Corporate,2,1,2026-01-09 08:21:16.315,Low,Yes,RM_C
C0953,Customer_953,Female,20,Pokhara,Koshi,Student,+2,Unmarried,ACC100954,Fixed Deposit,2022-10-06 08:21:16.358,Kathmandu Branch,41425,551,,0,Vehicle,15.76,40153,1602879,32974,104296,98,30,Yes,No,150,13245,5,457958,42182,1885491,VIP,2,7,2025-12-05 08:21:16.358,High,Yes,RM_C
C0865,Customer_865,Female,25,Pokhara,Koshi,Teacher,+2,Married,ACC100866,Savings,2021-05-27 08:21:16.347,Chitwan Branch,231233,466,Active,830969,Personal,9.57,48420,343084,144774,101918,38,26,No,Yes,49,4830,12,104826,8118,874313,Retail,5,3,2026-03-14 08:21:16.347,Low,Yes,RM_D
C0646,Customer_646,Male,65,Bhaktapur,Bagmati,Banker,Master,Unmarried,ACC100647,Current,2025-01-17 08:21:16.317,Kathmandu Branch,72569,685,,0,Personal,8.86,16642,1682861,46656,61542,10,12,No,No,162,49695,28,938111,9095,1257228,VIP,3,5,2025-11-04 08:21:16.317,High,No,RM_A
C0913,Customer_913,Male,57,Biratnagar,Gandaki,Doctor,Bachelor,Unmarried,ACC100914,Fixed Deposit,2020-07-28 08:21:16.353,Pokhara Branch,163959,578,Active,2957115,Business,15.37,7576,129503,111691,23315,24,40,No,No,148,23111,4,90321,8745,289110,VIP,1,7,2026-04-26 08:21:16.353,Low,Yes,RM_D
C0557,Customer_557,Male,25,Biratnagar,Lumbini,Student,Master,Unmarried,ACC100558,Savings,2026-04-07 08:21:16.306,Lalitpur Branch,127945,670,,0,Business,12.35,36389,136243,23358,76176,51,59,Yes,Yes,11,21305,24,278045,48290,343731,Retail,1,10,2025-07-13 08:21:16.306,Medium,No,RM_B
C0682,Customer_682,Female,64,Pokhara,Lumbini,Business,+2,Married,ACC100683,Fixed Deposit,2020-10-07 08:21:16.322,Pokhara Branch,133406,797,Active,1673851,Education,9.85,26588,166186,28414,112714,3,92,No,Yes,119,8373,25,441602,23909,1787740,VIP,5,5,2025-07-18 08:21:16.322,Low,Yes,RM_A
C0578,Customer_578,Male,61,Chitwan,Koshi,Banker,Master,Married,ACC100579,Current,2020-07-02 08:21:16.309,Biratnagar Branch,187694,775,,0,Home,10.59,29679,664395,13115,69199,69,75,Yes,No,132,3260,12,88796,30426,1206083,VIP,4,8,2025-12-20 08:21:16.309,Low,No,RM_B
C0796,Customer_796,Female,40,Chitwan,Bagmati,Student,Bachelor,Unmarried,ACC100797,Fixed Deposit,2025-09-28 08:21:16.337,Pokhara Branch,171066,735,Active,2259468,Business,15.68,39682,1798490,57304,104272,28,11,Yes,Yes,194,49286,25,907284,23451,1542953,VIP,3,10,2025-06-20 08:21:16.337,High,No,RM_A
C0086,Customer_86,Male,63,Lalitpur,Koshi,Business,+2,Unmarried,ACC100087,Fixed Deposit,2024-06-11 08:21:16.236,Chitwan Branch,119892,775,,0,Vehicle,10.98,48525,1923593,36447,113204,61,13,No,Yes,2,21715,1,723842,13742,1780871,Corporate,1,1,2026-06-05 08:21:16.236,Low,No,RM_C
C0243,Customer_243,Male,36,Biratnagar,Bagmati,Doctor,+2,Married,ACC100244,Current,2021-02-16 08:21:16.259,Butwal Branch,94573,627,Closed,2143673,Home,15.16,36995,1380963,86880,36398,82,17,Yes,Yes,40,9056,23,186226,14865,1064127,Corporate,2,2,2026-05-09 08:21:16.259,High,No,RM_C
C0699,Customer_699,Female,37,Pokhara,Gandaki,Business,PhD,Unmarried,ACC100700,Current,2023-08-22 08:21:16.324,Chitwan Branch,105270,762,Active,104228,Personal,11.78,42277,1961030,56040,81018,84,38,Yes,Yes,73,35118,16,87357,22271,744975,Retail,4,10,2025-07-19 08:21:16.324,High,No,RM_C
C0941,Customer_941,Male,51,Biratnagar,Lumbini,Analyst,Master,Unmarried,ACC100942,Current,2023-05-06 08:21:16.356,Chitwan Branch,115297,671,,0,Vehicle,10.94,12396,148881,53106,85561,1,96,No,No,9,7821,16,874085,25252,1824862,Retail,2,8,2026-02-28 08:21:16.356,Low,Yes,RM_B
C0160,Customer_160,Female,40,Butwal,Gandaki,Teacher,Master,Unmarried,ACC100161,Savings,2024-08-17 08:21:16.247,Lalitpur Branch,95135,684,Active,2781822,Personal,12.05,38730,803529,131012,88645,72,44,Yes,No,32,46221,17,100573,33297,1778690,VIP,3,5,2026-05-27 08:21:16.247,Medium,Yes,RM_A
C0525,Customer_525,Female,45,Bhaktapur,Gandaki,Business,PhD,Unmarried,ACC100526,Current,2020-09-24 08:21:16.300,Chitwan Branch,228415,801,Closed,2503363,Business,13.57,18851,1425462,78337,117752,31,43,Yes,No,163,45777,2,111206,897,533773,Corporate,1,2,2025-06-16 08:21:16.300,Medium,No,RM_C
C0036,Customer_36,Female,49,Biratnagar,Bagmati,Engineer,PhD,Unmarried,ACC100037,Fixed Deposit,2021-05-24 08:21:16.230,Lalitpur Branch,169711,496,Active,988543,Vehicle,6.59,43550,1215064,99035,53239,37,46,No,No,46,1129,4,825712,23250,1203893,Retail,4,10,2026-06-12 08:21:16.230,Medium,No,RM_C
C0541,Customer_541,Male,24,Pokhara,Bagmati,Student,Master,Married,ACC100542,Current,2021-10-28 08:21:16.303,Biratnagar Branch,40414,464,Active,1723736,Business,7.4,6214,1308358,28209,57118,72,72,No,No,99,32761,29,371753,21854,712199,Corporate,5,1,2025-10-01 08:21:16.303,Low,No,RM_D
C0171,Customer_171,Male,32,Butwal,Bagmati,Business,Master,Married,ACC100172,Savings,2025-08-29 08:21:16.248,Kathmandu Branch,150635,781,Active,2277092,Business,10.78,5674,206144,86625,116184,83,4,No,Yes,9,28989,16,482572,44252,958143,Retail,2,4,2026-04-10 08:21:16.248,Medium,No,RM_A
C0655,Customer_655,Male,30,Chitwan,Lumbini,Doctor,PhD,Married,ACC100656,Savings,2025-09-05 08:21:16.318,Chitwan Branch,113106,829,Active,556824,Home,15.02,35879,330979,11540,114300,71,72,No,Yes,180,3936,7,711119,14148,1044316,Corporate,5,3,2026-06-11 08:21:16.318,Low,No,RM_C
C0971,Customer_971,Male,25,Pokhara,Koshi,Engineer,Master,Married,ACC100972,Current,2025-08-03 08:21:16.360,Kathmandu Branch,247857,620,Closed,2527561,Education,10.56,23379,51814,19969,22375,11,28,No,Yes,61,25582,13,237386,1679,701026,Corporate,1,2,2025-07-03 08:21:16.360,Low,No,RM_A
C0924,Customer_924,Female,60,Kathmandu,Gandaki,Student,Master,Unmarried,ACC100925,Savings,2025-04-02 08:21:16.354,Pokhara Branch,238203,476,Closed,882137,Business,7.29,44411,156819,71158,57201,84,100,No,No,164,45498,22,965321,18204,1890303,Retail,1,3,2025-11-06 08:21:16.354,High,No,RM_B
C0914,Customer_914,Male,45,Lalitpur,Bagmati,Business,+2,Married,ACC100915,Savings,2021-09-08 08:21:16.353,Kathmandu Branch,227413,764,Active,2401203,Business,7.89,10606,140132,1520,57048,50,48,No,Yes,157,34478,16,129973,27512,689569,VIP,3,0,2026-02-18 08:21:16.353,Low,Yes,RM_C
C0900,Customer_900,Male,53,Chitwan,Lumbini,Banker,PhD,Unmarried,ACC100901,Fixed Deposit,2025-08-06 08:21:16.351,Kathmandu Branch,53884 NPR,555,,0,Home,7.51,39828,"NPR 969,322.00",108478,16023,15,50,No,No,115,49498,0,661368,15021,606389,Corporate,1,3,2025-06-29 08:21:16.351,Low,Yes,RM_D
C0734,Customer_734,Female,55,Bhaktapur,Lumbini,Analyst,Master,Unmarried,ACC100735,Savings,2023-09-15 08:21:16.328,Lalitpur Branch,98874,656,,0,Vehicle,13.71,40000,174847,51137,66302,55,41,No,No,75,4610,21,954287,6401,234601,Corporate,3,9,2025-10-03 08:21:16.328,Medium,Yes,RM_C
C0096,Customer_96,Male,37,Bhaktapur,Koshi,Analyst,PhD,Married,ACC100097,Savings,2023-06-16 08:21:16.238,Kathmandu Branch,97774,727,,0,Home,10.88,16515,1272649,79884,91888,36,12,No,No,178,19312,10,678576,30004,984743,VIP,2,8,2026-04-06 08:21:16.238,Low,No,RM_A
C0564,Customer_564,Male,28,Biratnagar,Bagmati,Analyst,+2,Unmarried,ACC100565,Fixed Deposit,2025-09-01 08:21:16.308,Biratnagar Branch,208403,467,Closed,2368711,Personal,14.39,7501,973677,27191,28807,61,100,Yes,Yes,162,37795,29,601141,34851,415734,VIP,1,3,2026-01-20 08:21:16.308,Low,No,RM_D
C0241,Customer_241,Male,50,Butwal,Lumbini,Teacher,PhD,Married,ACC100242,Fixed Deposit,2024-03-18 08:21:16.259,Pokhara Branch,50507,802,,0,Business,15.11,20016,1536306,85795,72706,20,2,No,No,107,24049,0,326054,30477,1005855,VIP,2,10,2025-10-19 08:21:16.259,Low,Yes,RM_A
C0743,Customer_743,Female,53,Pokhara,Gandaki,Teacher,Bachelor,Unmarried,ACC100744,Savings,2023-07-17 08:21:16.329,Kathmandu Branch,180318,767,,0,Business,11.98,45123,813495,6656,110776,8,94,Yes,No,41,21910,27,848055,26001,1339323,VIP,3,5,2026-06-07 08:21:16.329,Low,No,RM_D
C0864,Customer_864,Female,64,Kathmandu,Bagmati,Teacher,+2,Unmarried,ACC100865,Savings,2019-09-25 08:21:16.347,Pokhara Branch,241917,601,Active,1393117,Business,10.53,37989,1543466,134510,630,70,58,Yes,Yes,108,27617,11,892886,46172,93898,VIP,2,0,2025-10-29 08:21:16.347,High,No,RM_B
C0575,Customer_575,Female,24,Butwal,Koshi,Banker,Bachelor,Married,ACC100576,Fixed Deposit,2021-11-15 08:21:16.309,Butwal Branch,81887,652,,0,Business,7.2,49000,1870578,84675,69616,57,72,Yes,No,181,17873,7,787593,40118,1278532,Corporate,3,8,2026-01-22 08:21:16.309,Low,Yes,RM_B
C0691,Customer_691,Female,22,Pokhara,Bagmati,Business,Master,Unmarried,ACC100692,Current,2025-03-04 08:21:16.323,Lalitpur Branch,42042,801,,0,Vehicle,13.52,24275,375168,66338,33007,69,31,Yes,Yes,188,46973,0,475578,28994,429312,Corporate,1,5,2026-02-04 08:21:16.323,High,No,RM_C
C0461,Customer_461,Female,23,Lalitpur,Koshi,Student,+2,Married,ACC100462,Current,2021-07-02 08:21:16.290,Bhaktapur Branch,202413,702,,0,Personal,13.87,32375,829726,49504,16069,56,0,No,No,113,28467,10,295610,15619,690811,VIP,3,3,2025-11-05 08:21:16.290,Low,No,RM_C
C0554,Customer_554,Female,23,Biratnagar,Gandaki,Teacher,+2,Unmarried,ACC100555,Savings,2025-03-10 08:21:16.306,Chitwan Branch,95863,661,Closed,2251054,Vehicle,13.63,7288,1128776,42990,51312,44,85,Yes,No,151,42267,12,935529,19967,1464152,VIP,5,5,2026-01-31 08:21:16.306,Low,No,RM_C
C0858,Customer_858,Male,21,Lalitpur,Gandaki,Teacher,PhD,Married,ACC100859,Fixed Deposit,2021-12-27 08:21:16.346,Pokhara Branch,71465,674,Active,1123792,Home,9.77,30369,438318,101817,69029,72,70,No,Yes,51,29693,12,57265,39190,781155,Corporate,5,3,2025-08-02 08:21:16.346,High,Yes,RM_B
C0945,Customer_945,Male,64,Kathmandu,Gandaki,Banker,+2,Unmarried,ACC100946,Savings,2022-01-07 08:21:16.357,Biratnagar Branch,147866,727,,0,Personal,14.55,7465,215933,134410,15321,1,44,No,Yes,122,39704,8,173174,7191,132994,Retail,3,1,2025-10-11 08:21:16.357,Low,Yes,RM_C
C0207,Customer_207,Male,30,Biratnagar,Bagmati,Doctor,+2,Married,ACC100208,Savings,2024-08-19 08:21:16.255,Kathmandu Branch,95863,517,,0,Home,6.54,24866,502393,45056,63904,85,92,Yes,Yes,56,19428,21,728771,27233,1587707,Corporate,3,5,2025-07-06 08:21:16.255,Low,Yes,RM_C
C0393,Customer_393,Female,30,Butwal,Lumbini,Analyst,+2,Married,ACC100394,Savings,2023-06-04 08:21:16.281,Lalitpur Branch,58181,742,Active,1009838,Business,7.62,11099,1205830,125665,53461,15,88,No,Yes,80,24001,19,337813,11146,1465934,Corporate,2,7,2025-08-16 08:21:16.281,High,Yes,RM_C
C0795,Customer_795,Male,42,Kathmandu,Bagmati,Doctor,Master,Unmarried,ACC100796,Savings,2026-04-24 08:21:16.337,Lalitpur Branch,191328,468,Active,2415803,Vehicle,7.1,7663,1655650,12909,52344,29,11,No,No,172,1533,23,891687,28108,254705,VIP,1,4,2025-09-13 08:21:16.337,High,No,RM_A
C0871,Customer_871,Female,53,Kathmandu,Lumbini,Student,PhD,Married,ACC100872,Current,2023-01-11 08:21:16.348,Bhaktapur Branch,155873,711,Closed,947636,Vehicle,12.22,14453,301627,98112,96754,53,79,Yes,No,133,49432,26,741018,37280,1488748,Retail,5,7,2026-01-11 08:21:16.348,High,No,RM_B
C0398,Customer_398,Female,24,Kathmandu,Lumbini,Student,Master,Unmarried,ACC100399,Fixed Deposit,2025-02-22 08:21:16.281,Chitwan Branch,26307,839,,0,Education,10.15,37879,859053,32361,23499,79,99,Yes,No,172,15313,27,175091,16697,1053091,VIP,5,1,2025-10-29 08:21:16.282,High,Yes,RM_D
C0767,Customer_767,Female,54,Biratnagar,Gandaki,Engineer,+2,Married,ACC100768,Savings,2025-03-29 08:21:16.334,Chitwan Branch,105117,546,,0,Vehicle,8.63,25135,1980057,111862,102219,27,90,No,Yes,67,33744,0,604325,41920,940111,Corporate,1,3,2026-05-11 08:21:16.334,High,No,RM_A
C0915,Customer_915,Female,-5,Kathmandu,Bagmati,Engineer,PhD,Unmarried,ACC100916,Current,2021-11-14 08:21:16.353,Pokhara Branch,156098,540,Closed,1058028,Business,11.51,10365,217929,110687,13108,22,35,Yes,Yes,98,43780,17,592991,35328,89563,Retail,3,9,2025-09-04 08:21:16.353,High,No,RM_C
C0218,Customer_218,Male,32,Biratnagar,Koshi,Student,+2,Unmarried,ACC100219,Current,2025-10-25 08:21:16.256,Chitwan Branch,105717,491,Closed,607682,Personal,6.42,31373,248752,83781,62232,72,15,Yes,Yes,172,32502,14,847176,33733,1323372,Retail,5,2,2026-04-19 08:21:16.256,Medium,Yes,RM_A
C0005,Customer_5,Male,65,Biratnagar,Bagmati,Banker,+2,Married,ACC100006,Current,2023-04-20 08:21:16.225,Chitwan Branch,129090,671,Closed,2119799,Home,13.12,33890,1891149,71411,2483,68,10,Yes,No,33,48586,0,551590,25612,420307,Corporate,1,10,2026-01-10 08:21:16.225,Medium,No,RM_D
C0769,Customer_769,Female,47,Biratnagar,Gandaki,Doctor,Master,Married,ACC100770,Fixed Deposit,2022-02-07 08:21:16.334,Butwal Branch,234185,702,,0,Personal,6.82,39803,744230,138258,83612,45,64,Yes,Yes,13,41922,16,278027,31328,1787653,Retail,4,2,2025-10-31 08:21:16.334,Low,Yes,RM_A
C0643,Customer_643,Female,55,Chitwan,Lumbini,Doctor,Bachelor,Married,ACC100644,Savings,2025-08-11 08:21:16.317,Bhaktapur Branch,245859,735,Active,1735977,Home,14.21,8652,1916545,36776,93998,86,94,Yes,Yes,185,22309,6,714518,16,341149,VIP,5,6,2026-04-15 08:21:16.317,High,No,RM_C
C0965,Customer_965,Female,20,Kathmandu,Gandaki,Analyst,Master,Married,ACC100966,Savings,2019-12-09 08:21:16.360,Lalitpur Branch,64301,782,Closed,1461109,Personal,12.84,49733,1234205,49936,45129,28,67,No,No,136,43078,16,456575,26341,597089,VIP,5,8,2025-09-04 08:21:16.360,Low,Yes,RM_B
C0613,Customer_613,Male,41,Biratnagar,Koshi,Engineer,+2,Married,ACC100614,Fixed Deposit,2019-08-19 08:21:16.313,Lalitpur Branch,148928,504,Closed,2137051,Education,10.4,12940,500542,78234,91433,29,99,No,No,27,23124,0,606328,12866,1306126,Corporate,5,4,2026-02-07 08:21:16.314,Low,Yes,RM_D
C0739,Customer_739,Female,34,Biratnagar,Gandaki,Teacher,PhD,Unmarried,ACC100740,Current,2022-06-01 08:21:16.329,Lalitpur Branch,43794,582,Closed,1308180,Education,9.81,10088,1054620,57303,1165,26,15,Yes,No,27,6802,11,191782,40759,377947,VIP,1,9,2025-12-08 08:21:16.329,Medium,No,RM_C
C0547,Customer_547,Female,63,Biratnagar,Lumbini,Teacher,Master,Unmarried,ACC100548,Current,2023-05-08 08:21:16.305,Bhaktapur Branch,154795,478,,0,Education,10.34,3420,913747,93008,50676,65,20,Yes,Yes,163,39092,27,830214,43161,238144,Corporate,5,3,2025-07-28 08:21:16.305,High,No,RM_C
C0726,Customer_726,Male,51,Butwal,Koshi,Engineer,+2,Unmarried,ACC100727,Current,2025-06-04 08:21:16.327,Butwal Branch,163857,559,Active,1549123,Vehicle,10.9,23529,1805546,42535,117265,68,2,No,Yes,46,42202,17,727522,3840,202442,Retail,1,8,2025-10-03 08:21:16.327,Low,Yes,RM_C
C0986,Customer_986,Male,31,Biratnagar,Gandaki,Teacher,,Unmarried,ACC100987,Current,2023-03-27 08:21:16.362,Lalitpur Branch,117324,629,Closed,2571851,Business,6.95,38631,225753,80517,22526,29,75,No,Yes,106,33689,4,236520,45450,1570646,Corporate,4,9,2025-11-07 08:21:16.362,Medium,No,RM_D
C0684,Customer_684,Female,25,Pokhara,Bagmati,Analyst,+2,Unmarried,ACC100685,Savings,2025-06-03 08:21:16.322,Butwal Branch,76724,727,,0,Personal,11.66,47753,1698360,3287,95822,27,59,Yes,Yes,113,33789,10,599152,29344,60389,Corporate,4,0,2026-04-13 08:21:16.322,Low,No,RM_D
C0099,Customer_99,Male,21,Butwal,Bagmati,Teacher,PhD,Unmarried,ACC100100,Current,2025-04-01 08:21:16.239,Kathmandu Branch,73717,651,Active,2459656,Business,13.09,39613,866612,111371,40560,13,18,No,No,53,19345,26,385364,5236,1921088,Retail,5,5,2025-12-30 08:21:16.239,Low,No,RM_D
C0805,Customer_805,Female,49,Pokhara,Gandaki,Banker,PhD,Unmarried,ACC100806,Fixed Deposit,2023-11-05 08:21:16.339,Butwal Branch,228924,720,Active,320485,Business,6.27,41136,1547846,68049,61285,57,78,Yes,No,160,41302,25,442554,27207,1640358,VIP,2,1,2026-04-27 08:21:16.339,Low,No,RM_B
C0728,Customer_728,Female,22,Bhaktapur,Bagmati,Student,PhD,Married,ACC100729,Savings,2022-09-12 08:21:16.327,Chitwan Branch,242492,639,Closed,416864,Education,12.75,38993,1540649,129744,101669,27,49,Yes,Yes,134,45796,28,203752,1957,164969,Corporate,2,0,2026-01-02 08:21:16.327,High,No,RM_B
C0574,Customer_574,Female,63,Kathmandu,Lumbini,Doctor,+2,Married,ACC100575,Current,2021-07-17 08:21:16.309,Lalitpur Branch,83311,549,Active,544936,Personal,10.35,39612,1024412,36804,114966,53,93,Yes,No,81,2600,3,268702,26013,1367053,VIP,5,1,2025-12-04 08:21:16.309,High,No,RM_A
C0407,Customer_407,Female,53,Kathmandu,Gandaki,Analyst,PhD,Unmarried,ACC100408,Current,2024-09-22 08:21:16.283,Kathmandu Branch,148139,547,Closed,2650292,Business,15.47,39019,1591730,109057,25266,3,65,Yes,No,188,28924,29,708794,32890,1985797,Retail,3,4,2026-02-26 08:21:16.283,Low,Yes,RM_D
C0503,Customer_503,Female,45,Biratnagar,Lumbini,Student,Master,Married,ACC100504,Current,2025-04-02 08:21:16.297,Biratnagar Branch,239471,589,Closed,203487,Vehicle,9.7,20643,1345989,95478,77921,91,92,Yes,No,37,32199,3,808094,48160,935830,Corporate,3,7,2025-08-31 08:21:16.297,High,Yes,RM_B
C0048,Customer_48,Male,41,Lalitpur,Gandaki,Student,Bachelor,Married,ACC100049,Fixed Deposit,2020-11-20 08:21:16.231,Bhaktapur Branch,31744,706,,0,Business,13.94,43962,1607652,112154,34700,59,46,Yes,Yes,127,35470,9,812856,793,713593,Corporate,4,0,2026-03-28 08:21:16.231,Medium,No,RM_C
C0033,Customer_33,Female,40,Kathmandu,Bagmati,Engineer,+2,Unmarried,ACC100034,Savings,2019-11-20 08:21:16.229,Biratnagar Branch,44533,498,Active,264620,Personal,14.78,14543,999437,141210,25306,94,67,No,No,6,31656,8,174341,20283,168729,Corporate,4,5,2026-03-29 08:21:16.229,Low,Yes,RM_C
C0780,Customer_780,Male,37,Butwal,Bagmati,Doctor,PhD,Unmarried,ACC100781,Fixed Deposit,2021-06-01 08:21:16.335,Bhaktapur Branch,36236,791,Closed,2401679,Personal,12.79,23825,1182303,83043,668,92,58,No,Yes,65,43472,19,623977,42340,587000,Corporate,5,10,2026-01-15 08:21:16.335,Low,Yes,RM_C
C0840,Customer_840,Female,35,Butwal,Gandaki,Doctor,+2,Unmarried,ACC100841,Savings,2025-03-26 08:21:16.344,Butwal Branch,36781,685,,0,Personal,14.7,27626,50055,122760,16780,93,68,Yes,Yes,33,25497,30,286198,4750,365767,Corporate,1,7,2026-02-08 08:21:16.344,Low,Yes,RM_A
C0201,Customer_201,Female,33,Butwal,Gandaki,Student,+2,Married,ACC100202,Fixed Deposit,2024-12-13 08:21:16.254,Lalitpur Branch,155052,578,,0,Home,8.11,31671,929493,31497,74986,43,34,Yes,Yes,60,13094,11,977489,18,831386,Retail,2,1,2025-07-03 08:21:16.254,Low,Yes,RM_A
C0135,Customer_135,Female,20,Chitwan,Bagmati,Analyst,+2,Married,ACC100136,Fixed Deposit,2019-11-28 08:21:16.244,Chitwan Branch,234098,776,,0,Vehicle,9.14,42560,1835861,88766,65333,77,80,Yes,Yes,186,12383,2,616803,37535,898464,Corporate,2,0,2026-05-08 08:21:16.244,Medium,No,RM_A
C0028,Customer_28,Female,28,Bhaktapur,Koshi,Banker,Master,Unmarried,ACC100029,Savings,2021-08-19 08:21:16.229,Chitwan Branch,246837,543,Closed,480938,Education,12.48,35597,1306045,80450,59581,37,9,Yes,No,47,30554,12,381576,16011,1781939,VIP,5,0,2025-08-09 08:21:16.229,High,No,RM_D
C0947,Customer_947,Female,39,Chitwan,Koshi,Student,PhD,Unmarried,ACC100948,Savings,2025/31/12,Lalitpur Branch,183484,761,Closed,1002970,Home,14.95,48502,1650881,109518,70066,31,21,Yes,Yes,105,2809,30,159314,39166,1930394,Corporate,5,6,2026-03-30 08:21:16.357,Medium,Yes,RM_A
C0231,Customer_231,Male,64,Bhaktapur,Lumbini,Doctor,+2,Married,ACC100232,Fixed Deposit,2021-04-25 08:21:16.258,Chitwan Branch,114198,494,Active,462051,Business,15.19,3888,955001,3040,65631,91,36,No,No,174,49011,8,265197,41203,702935,Corporate,3,8,2025-07-17 08:21:16.258,Low,Yes,RM_A
C0490,Customer_490,Male,32,Lalitpur,Koshi,Doctor,Master,Married,ACC100491,Current,2020-01-27 08:21:16.295,Pokhara Branch,241679,670,,0,Vehicle,13.41,13788,256326,69095,105694,26,98,No,Yes,172,541,24,558306,46811,1928779,Corporate,1,5,2026-03-12 08:21:16.295,Medium,Yes,RM_D
C0773,Customer_773,Male,54,Bhaktapur,Gandaki,Student,Bachelor,Unmarried,ACC100774,Current,2020-03-06 08:21:16.334,Butwal Branch,193578,633,,0,Home,6.44,39275,1280821,26597,68930,35,8,Yes,No,36,30183,29,658490,39363,1693202,Corporate,5,5,2026-03-30 08:21:16.334,Low,No,RM_D
C0379,Customer_379,Female,65,Butwal,Gandaki,Teacher,Bachelor,Unmarried,ACC100380,Savings,2021-07-20 08:21:16.278,Chitwan Branch,177375,667,Closed,1252735,Education,14.55,16843,1618867,37041,108404,96,43,No,Yes,184,18808,5,515602,37319,1906426,Retail,2,3,2025-09-06 08:21:16.278,Low,No,RM_A
C0289,Customer_289,Female,23,Lalitpur,Lumbini,Doctor,PhD,Unmarried,ACC100290,Current,2021-02-19 08:21:16.266,Bhaktapur Branch,96021,832,Closed,1195770,Vehicle,13.41,12823,1627769,29599,106258,83,32,No,Yes,137,20225,14,562135,25238,1788219,Retail,5,6,2025-09-12 08:21:16.266,Low,Yes,RM_D
C0419,Customer_419,Male,20,Biratnagar,Lumbini,Analyst,Bachelor,Married,ACC100420,Current,2022-05-27 08:21:16.284,Bhaktapur Branch,26867,713,,0,Personal,7.6,7924,366914,38849,103380,6,62,No,No,166,29377,8,836794,33257,1481077,Corporate,3,4,2025-07-29 08:21:16.284,Low,Yes,RM_D
C0675,Customer_675,Female,37,Bhaktapur,Lumbini,Doctor,+2,Unmarried,ACC100676,Savings,2025-02-12 08:21:16.321,Kathmandu Branch,244250,617,Closed,2230139,Business,8.21,40661,910339,148096,114246,78,32,No,No,20,20452,3,907402,18769,1253244,Retail,1,7,2026-06-06 08:21:16.321,High,Yes,RM_B
C0392,Customer_392,Male,39,Pokhara,Koshi,Engineer,PhD,Unmarried,ACC100393,Savings,2022-10-14 08:21:16.281,Butwal Branch,169569,451,Active,1844811,Business,15.04,33225,304206,141512,115176,78,58,Yes,Yes,112,36384,5,897095,41135,1302197,VIP,2,1,2025-12-10 08:21:16.281,Medium,No,RM_A
C0593,Customer_593,Male,44,Kathmandu,Koshi,Teacher,PhD,Married,ACC100594,Current,2024-02-21 08:21:16.311,Pokhara Branch,189576,796,,0,Home,13.34,28867,1859194,61501,23945,80,41,Yes,Yes,95,46865,0,740026,26528,705512,VIP,2,4,2026-01-14 08:21:16.311,Low,No,RM_C
C0499,Customer_499,Male,22,Bhaktapur,Gandaki,Doctor,+2,Unmarried,ACC100500,Savings,2024-05-09 08:21:16.297,Chitwan Branch,202886,458,Active,2150187,Home,6.41,31673,549065,133983,20817,53,84,No,No,173,39470,19,824284,38955,1028307,Corporate,3,6,2026-05-20 08:21:16.297,Medium,Yes,RM_C
C0139,Customer_139,Male,55,Butwal,Gandaki,Engineer,Master,Unmarried,ACC100140,Fixed Deposit,2022-05-16 08:21:16.245,Lalitpur Branch,26778,468,,0,Home,7.0,6540,989962,148389,44634,64,4,No,Yes,55,22282,5,239209,34136,211871,VIP,5,1,2026-02-09 08:21:16.245,Low,No,RM_C
C0063,Customer_63,Male,33,Kathmandu,Lumbini,Engineer,Master,Married,ACC100064,Savings,2025-06-15 08:21:16.233,Butwal Branch,137990,537,Active,1739725,Education,7.67,35135,709291,32293,118364,37,71,Yes,No,180,19247,2,895928,43351,1730678,VIP,4,10,2025-08-17 08:21:16.233,Medium,Yes,RM_A
C0472,Customer_472,Male,37,Bhaktapur,Bagmati,Doctor,Master,Married,ACC100473,Savings,2025-08-27 08:21:16.293,Pokhara Branch,165441,736,,0,Vehicle,12.82,12023,696417,30212,50002,50,1,Yes,No,145,25478,12,58150,3288,1398598,Retail,5,2,2026-05-17 08:21:16.293,Low,Yes,RM_B
C0648,Customer_648,Male,63,Bhaktapur,Bagmati,Doctor,Master,Unmarried,ACC100649,Fixed Deposit,2022-09-20 08:21:16.318,Lalitpur Branch,195798,599,Closed,419904,Education,6.33,49416,1751223,72489,99524,48,66,No,Yes,131,16324,7,658017,20878,152359,Corporate,3,9,2025-06-25 08:21:16.318,Low,Yes,RM_A
C0129,Customer_129,Male,27,Chitwan,Bagmati,Engineer,Bachelor,Married,ACC100130,Fixed Deposit,2024-02-01 08:21:16.243,Chitwan Branch,188646,747,Closed,2113485,Education,11.85,20578,473645,129364,113402,2,65,No,No,198,25610,18,66625,27674,260445,VIP,5,0,2026-01-21 08:21:16.243,High,Yes,RM_A
C0329,Customer_329,Female,48,Biratnagar,Gandaki,Business,Bachelor,Unmarried,ACC100330,Savings,2022-04-17 08:21:16.271,Kathmandu Branch,184255 NPR,549,Closed,1338903,Home,6.41,47716,"NPR 1,070,514.00",137216,8949,22,55,No,Yes,19,28375,25,325756,48067,17990,VIP,2,7,2026-03-12 08:21:16.271,High,Yes,RM_C
C0521,Customer_521,Male,56,Kathmandu,Koshi,Business,PhD,Unmarried,ACC100522,Savings,2021-08-07 08:21:16.300,Butwal Branch,160721,574,Closed,2563426,Business,9.29,41917,1614322,12432,28689,47,100,No,Yes,192,33166,22,624972,32180,1094042,Retail,2,0,2026-01-05 08:21:16.300,Medium,No,RM_A
C0839,Customer_839,Female,50,Kathmandu,Lumbini,Business,Bachelor,Unmarried,ACC100840,Savings,2021-10-16 08:21:16.344,Bhaktapur Branch,178826,704,,0,Vehicle,12.35,26123,1524491,91168,92612,32,15,Yes,No,110,7351,17,151548,4369,1550658,VIP,2,7,2026-01-22 08:21:16.344,High,No,RM_D
C0140,Customer_140,Male,62,Pokhara,Lumbini,Banker,+2,Married,ACC100141,Fixed Deposit,2021-04-03 08:21:16.245,Biratnagar Branch,125971 NPR,769,Active,2540677,Home,6.43,17212,"NPR 828,022.00",7700,11440,59,49,No,No,161,20861,0,558415,43075,669823,Retail,4,6,2025-11-28 08:21:16.245,High,No,RM_C
C0065,Customer_65,Male,24,Pokhara,Bagmati,Business,Master,Unmarried,ACC100066,Savings,2024-02-16 08:21:16.233,Lalitpur Branch,69906,603,Closed,1156044,Business,13.01,5540,529660,14932,31157,79,50,Yes,No,87,32862,22,382503,48367,856707,Retail,1,4,2026-05-10 08:21:16.233,High,No,RM_D
C0813,Customer_813,Female,61,Lalitpur,Bagmati,Engineer,Bachelor,Unmarried,ACC100814,Savings,2021-12-23 08:21:16.340,Lalitpur Branch,111895,516,Closed,388003,Home,9.31,39866,105014,84857,32324,43,3,No,Yes,164,27047,19,963920,34261,72839,Retail,1,9,2026-01-27 08:21:16.340,Medium,No,RM_C
C0015,Customer_15,Male,25,Butwal,Gandaki,Banker,PhD,Unmarried,ACC100016,Current,2026-01-25 08:21:16.227,Kathmandu Branch,187069,583,Closed,474706,Business,7.46,6853,1500059,71383,11120,29,35,Yes,No,31,41479,2,874491,21773,502391,Retail,5,0,2025-07-13 08:21:16.227,High,No,RM_A
C0157,Customer_157,Male,33,Kathmandu,Gandaki,Banker,PhD,Unmarried,ACC100158,Savings,2024-02-25 08:21:16.247,Lalitpur Branch,169950,556,,0,Home,15.49,33763,1362308,99827,100834,1,5,No,No,119,37812,30,977949,808,1787150,VIP,1,10,2025-10-15 08:21:16.247,High,Yes,RM_D
C0041,Customer_41,Female,37,Chitwan,Bagmati,Engineer,Bachelor,Married,ACC100042,Fixed Deposit,2024-07-21 08:21:16.230,Chitwan Branch,88612,725,,0,Home,7.06,35030,911639,109836,8106,15,37,No,No,148,29129,11,784948,34051,500337,Retail,4,8,2025-06-18 08:21:16.230,Medium,No,RM_D
C0493,Customer_493,Male,31,Kathmandu,Koshi,Analyst,Master,Unmarried,ACC100494,Current,2026-04-22 08:21:16.296,Lalitpur Branch,151285,500,Closed,2025749,Vehicle,6.7,41665,194452,140672,63359,60,86,Yes,Yes,17,10482,27,190635,47234,26814,Retail,4,0,2025-08-20 08:21:16.296,Low,No,RM_C
C0380,Customer_380,Female,54,Chitwan,Bagmati,Teacher,+2,Unmarried,ACC100381,Fixed Deposit,2021-09-14 08:21:16.278,Kathmandu Branch,98730,540,Active,292584,Business,15.7,13308,470118,5388,70160,27,7,No,Yes,114,38679,13,236479,35017,1364989,Corporate,1,3,2025-06-19 08:21:16.278,Medium,Yes,RM_B
C0188,Customer_188,Male,39,Chitwan,Gandaki,Teacher,PhD,Unmarried,ACC100189,Savings,2024-02-02 08:21:16.252,Chitwan Branch,103886,532,Closed,850023,Vehicle,10.45,23184,1333172,124616,88517,26,85,No,Yes,80,5914,30,14244,32961,871775,VIP,5,3,2025-08-13 08:21:16.252,High,Yes,RM_C
C0764,Customer_764,Male,28,Chitwan,Lumbini,Student,PhD,Married,ACC100765,Fixed Deposit,2024-01-23 08:21:16.333,Bhaktapur Branch,107906,507,Active,585622,Home,8.22,19781,1974458,126039,107831,44,27,Yes,No,8,30699,7,51705,15603,457948,Corporate,2,0,2026-04-12 08:21:16.333,Medium,No,RM_B
C0217,Customer_217,Female,40,Kathmandu,Koshi,Teacher,Master,Unmarried,ACC100218,Current,2025-01-24 08:21:16.256,Butwal Branch,213141,605,,0,Education,12.25,2297,770063,30064,11189,0,1,Yes,Yes,87,12431,15,183266,8470,1458961,Corporate,5,7,2025-06-20 08:21:16.256,High,Yes,RM_A
C0922,Customer_922,Male,55,Lalitpur,Bagmati,Doctor,Master,Married,ACC100923,Fixed Deposit,2021-05-16 08:21:16.354,Chitwan Branch,234265,596,Closed,1166295,Education,12.73,46609,220992,146589,30061,42,55,No,Yes,55,20794,2,371494,6388,485787,VIP,1,9,2026-03-23 08:21:16.354,High,No,RM_A
C0792,Customer_792,Male,59,Bhaktapur,Lumbini,Business,+2,Unmarried,ACC100793,Fixed Deposit,2020-04-11 08:21:16.337,Chitwan Branch,169545,522,Active,2296022,Business,7.45,38069,1889315,130904,8829,77,84,No,Yes,198,32130,29,857602,20842,1481847,Retail,3,9,2025-08-02 08:21:16.337,Low,Yes,RM_A
C0053,Customer_53,Male,33,Chitwan,Bagmati,Analyst,Master,Married,ACC100054,Fixed Deposit,2025-03-29 08:21:16.232,Chitwan Branch,186597,750,Active,1518508,Education,11.48,49017,1944129,83568,2553,23,93,No,Yes,98,10745,23,229005,8213,17655,VIP,3,6,2026-03-16 08:21:16.232,Medium,No,RM_D
C0879,Customer_879,Male,20,Pokhara,Bagmati,Analyst,PhD,Unmarried,ACC100880,Current,2020-12-12 08:21:16.349,Bhaktapur Branch,146621,646,Active,2215095,Vehicle,14.45,14494,85938,142427,47329,21,79,No,Yes,132,27929,9,259769,5425,705564,Retail,3,3,2025-10-07 08:21:16.349,Low,No,RM_A
C0338,Customer_338,Female,47,Lalitpur,Bagmati,Engineer,+2,Unmarried,ACC100339,Savings,2026-03-08 08:21:16.272,Biratnagar Branch,95926,839,Active,2975073,Education,13.84,46045,1189991,108573,37357,88,85,Yes,Yes,113,44492,7,794577,25561,364914,VIP,3,1,2025-09-01 08:21:16.272,Medium,No,RM_A
C0749,Customer_749,Male,55,Chitwan,Bagmati,Engineer,+2,Unmarried,ACC100750,Fixed Deposit,2025-03-08 08:21:16.330,Chitwan Branch,142292,454,Active,1484843,Business,6.19,20748,1718479,79700,88927,58,12,No,No,115,37965,20,223374,49222,542539,Corporate,4,2,2025-07-30 08:21:16.330,Medium,Yes,RM_C
C0720,Customer_720,Female,25,Kathmandu,Koshi,Banker,Bachelor,Unmarried,ACC100721,Current,2021-02-25 08:21:16.326,Kathmandu Branch,130304,532,Active,638961,Personal,15.78,19798,167121,50903,105441,97,47,No,No,130,44601,2,300507,21861,66617,VIP,4,1,2026-02-22 08:21:16.326,High,Yes,RM_C
C0725,Customer_725,Male,29,Bhaktapur,Bagmati,Student,PhD,Unmarried,ACC100726,Savings,2022-05-19 08:21:16.327,Kathmandu Branch,108045,582,Active,2471869,Business,8.94,21799,869780,35640,19119,16,91,Yes,Yes,94,11658,9,886589,15339,1936071,VIP,2,10,2026-05-28 08:21:16.327,High,No,RM_A
C0296,Customer_296,Female,58,Chitwan,Koshi,Banker,Bachelor,Unmarried,ACC100297,Fixed Deposit,2021-11-21 08:21:16.267,Pokhara Branch,78887,717,,0,Personal,10.27,2770,906564,135794,91900,79,26,Yes,Yes,66,32535,16,183253,16725,660670,Retail,3,8,2025-10-23 08:21:16.267,Medium,Yes,RM_C
C0702,Customer_702,Male,47,Butwal,Lumbini,Analyst,Master,Married,ACC100703,Savings,2021-06-14 08:21:16.324,Butwal Branch,73411,697,Closed,2781015,Home,14.76,18138,51978,30703,2774,16,83,No,No,94,13287,0,369037,5968,1505759,Corporate,2,7,2026-02-19 08:21:16.324,High,No,RM_D
C0252,Customer_252,Male,53,Lalitpur,Bagmati,Teacher,PhD,Married,ACC100253,Fixed Deposit,2023-08-29 08:21:16.260,Chitwan Branch,219876,767,Active,152442,Personal,14.8,33889,1537624,34615,7698,35,11,Yes,Yes,28,35405,23,313540,7501,819679,Retail,3,8,2025-08-14 08:21:16.261,Medium,Yes,RM_B
C0727,Customer_727,Male,39,Chitwan,Gandaki,Teacher,+2,Married,ACC100728,Current,2023-12-25 08:21:16.327,Kathmandu Branch,137224,567,,0,Home,6.62,34661,1937179,18832,110582,6,16,Yes,No,22,29359,8,699166,46643,525657,Corporate,2,0,2026-03-15 08:21:16.327,High,Yes,RM_A
C0462,Customer_462,Male,48,Pokhara,Lumbini,Student,PhD,Married,ACC100463,Fixed Deposit,2020-08-12 08:21:16.290,Lalitpur Branch,101645,501,Active,2273037,Business,14.58,9922,1815176,140364,74898,78,70,Yes,Yes,185,41479,14,313345,34035,1405799,VIP,3,4,2026-04-01 08:21:16.290,Low,Yes,RM_B
C0456,Customer_456,Female,32,Lalitpur,Lumbini,Analyst,Bachelor,Unmarried,ACC100457,Fixed Deposit,2019-10-23 08:21:16.289,Kathmandu Branch,42180,734,Active,250398,Home,12.23,30929,1231547,25962,13898,91,37,No,Yes,194,21290,11,352801,30750,1196865,Retail,5,10,2026-05-15 08:21:16.289,Medium,No,RM_B
C0271,Customer_271,Male,37,Pokhara,Koshi,Analyst,Master,Unmarried,ACC100272,Current,2022-02-09 08:21:16.263,Bhaktapur Branch,51168,722,Closed,2715070,Business,11.93,40376,448355,10309,75386,21,48,Yes,Yes,178,1947,13,430751,17221,1680292,VIP,4,3,2025-09-18 08:21:16.263,Medium,No,RM_A
C0816,Customer_816,Female,55,Bhaktapur,Lumbini,Business,Bachelor,Married,ACC100817,Current,2023-08-04 08:21:16.340,Lalitpur Branch,117206,608,,0,Business,12.99,7092,60949,43310,65293,87,38,Yes,No,185,10033,7,903480,31885,1579971,Retail,2,8,2025-06-13 08:21:16.340,High,No,RM_B
C0863,Customer_863,Male,29,Chitwan,Lumbini,Teacher,Bachelor,Unmarried,ACC100864,Current,2020-08-13 08:21:16.347,Butwal Branch,219557,607,Active,2514927,Home,12.79,17513,1544672,54761,53538,21,68,Yes,Yes,98,44703,24,59393,25832,356866,Retail,5,5,2025-09-26 08:21:16.347,High,Yes,RM_B
C0270,Customer_270,Female,63,Butwal,Koshi,Engineer,Bachelor,Unmarried,ACC100271,Current,2020-02-05 08:21:16.263,Lalitpur Branch,72044,684,Closed,2133793,Vehicle,12.72,22899,1390979,73400,30344,81,88,No,Yes,116,24634,29,626253,49377,1066540,Retail,1,7,2026-02-25 08:21:16.263,Low,No,RM_A
C0528,Customer_528,Male,40,Butwal,Lumbini,Doctor,PhD,Married,ACC100529,Savings,2022-07-08 08:21:16.301,Chitwan Branch,32229 NPR,806,Closed,1189703,Education,12.5,4949,"NPR 1,925,243.00",92968,20712,75,39,No,No,123,23890,19,624887,14550,1535431,Retail,1,8,2026-05-17 08:21:16.301,Low,Yes,RM_A
C0202,Customer_202,Female,53,Butwal,Lumbini,Engineer,+2,Married,ACC100203,Fixed Deposit,2021-04-23 08:21:16.254,Pokhara Branch,118237,592,Active,2027162,Education,10.66,2524,430856,126667,51351,86,82,Yes,Yes,104,29190,22,155660,27976,1077165,Corporate,5,7,2026-04-10 08:21:16.254,Medium,No,RM_A
C0162,Customer_162,Male,44,Pokhara,Bagmati,Business,Bachelor,Married,ACC100163,Fixed Deposit,2020-10-28 08:21:16.247,Bhaktapur Branch,193651,647,Active,2135949,Education,10.35,43170,1946065,33191,98058,19,4,Yes,No,101,36663,4,884587,36930,1384459,Corporate,1,0,2026-04-29 08:21:16.247,Low,Yes,RM_A
C0556,Customer_556,Male,36,Lalitpur,Lumbini,Student,PhD,Unmarried,ACC100557,Fixed Deposit,2020-02-25 08:21:16.306,Chitwan Branch,76454,810,,0,Personal,14.97,12543,1250662,73809,3586,17,39,No,No,55,48770,7,202515,45902,694139,VIP,1,4,2025-12-14 08:21:16.306,High,Yes,RM_D
C0730,Customer_730,Female,41,Bhaktapur,Koshi,Doctor,+2,Married,ACC100731,Current,2021-06-10 08:21:16.328,Chitwan Branch,66303,459,Closed,2170139,Business,10.45,20985,1004719,2027,116479,45,65,Yes,No,79,30899,13,247702,33251,658966,Retail,5,3,2025-09-17 08:21:16.328,Low,No,RM_A
C0402,Customer_402,Female,56,Lalitpur,Koshi,Engineer,+2,Married,ACC100403,Savings,2021-10-31 08:21:16.282,Biratnagar Branch,165386,642,Active,629901,Personal,12.7,27668,754357,91796,75211,61,66,Yes,No,62,27371,18,630702,45436,1599429,VIP,4,5,2026-01-25 08:21:16.282,Low,Yes,RM_D
C0703,Customer_703,Male,46,Chitwan,Bagmati,Business,Master,Married,ACC100704,Savings,2024-01-14 08:21:16.324,Lalitpur Branch,80319,585,Closed,364899,Vehicle,13.88,11788,970547,126770,83396,34,9,No,Yes,125,37631,6,234277,36967,353334,Retail,5,5,2026-04-30 08:21:16.324,Medium,Yes,RM_A
C0477,Customer_477,Male,40,Bhaktapur,Lumbini,Student,+2,Married,ACC100478,Savings,2021-04-19 08:21:16.293,Bhaktapur Branch,71489,689,,0,Home,15.41,27382,297838,104012,101704,48,38,Yes,No,94,34047,3,977779,4970,496047,Corporate,1,7,2025-06-16 08:21:16.293,Low,No,RM_B
C0822,Customer_822,Male,63,Lalitpur,Gandaki,Engineer,Bachelor,Unmarried,ACC100823,Fixed Deposit,2021-09-29 08:21:16.341,Pokhara Branch,143076,648,,0,Vehicle,12.78,42224,703716,147764,4813,25,51,Yes,Yes,17,45269,23,253478,27807,1484318,Corporate,1,4,2026-04-04 08:21:16.341,Low,No,RM_C
C0772,Customer_772,Male,33,Lalitpur,Koshi,Student,PhD,Married,ACC100773,Current,2025-11-19 08:21:16.334,Pokhara Branch,157398,488,,0,Business,13.96,42347,957078,122106,9473,43,60,Yes,No,144,37970,13,228438,39643,168030,Retail,3,6,2026-06-07 08:21:16.334,Low,Yes,RM_D
C0106,Customer_106,Female,53,Lalitpur,Gandaki,Engineer,Bachelor,Married,ACC100107,Fixed Deposit,2022-01-07 08:21:16.241,Lalitpur Branch,96787,754,Closed,336249,Personal,12.32,37871,1449815,130373,52928,89,95,No,No,129,23510,23,983468,43175,685733,Retail,1,6,2025-12-05 08:21:16.241,Medium,No,RM_A
C0566,Customer_566,Male,43,Pokhara,Gandaki,Business,Master,Married,ACC100567,Savings,2021-02-17 08:21:16.308,Kathmandu Branch,131263,575,Active,2587961,Business,9.0,41189,1987710,64520,98148,100,57,No,No,142,3216,12,349402,38676,1930219,Retail,2,8,2025-07-04 08:21:16.308,Low,Yes,RM_D
C0390,Customer_390,Male,37,Kathmandu,Bagmati,Banker,Master,Unmarried,ACC100391,Fixed Deposit,2020-06-04 08:21:16.280,Kathmandu Branch,45029,830,Active,2911785,Business,10.54,24237,1403592,109050,61386,98,86,Yes,Yes,19,4055,10,368341,47318,1717450,Retail,1,9,2025-10-15 08:21:16.280,Low,Yes,RM_A
C0002,Customer_2,Male,52,Bhaktapur,Gandaki,Student,+2,Unmarried,ACC100003,Savings,2021-05-08 08:21:16.225,Lalitpur Branch,237453,846,Closed,205456,Personal,9.99,25816,1704166,51211,89881,7,44,Yes,No,40,43278,16,544138,7119,495465,VIP,4,7,2026-02-09 08:21:16.225,Low,Yes,RM_C
C0860,Customer_860,Female,37,Bhaktapur,Koshi,Business,PhD,Unmarried,ACC100861,Current,2021-06-05 08:21:16.346,Biratnagar Branch,39324 NPR,525,,0,Personal,10.52,12288,"NPR 838,829.00",60310,26755,29,66,No,Yes,162,26840,17,326670,48143,588773,Corporate,1,6,2025-11-07 08:21:16.346,High,Yes,RM_B
C0975,Customer_975,Male,26,Bhaktapur,Bagmati,Teacher,Bachelor,Unmarried,ACC100976,Savings,2021-04-12 08:21:16.361,Kathmandu Branch,29422 NPR,669,,0,Home,10.3,8301,"NPR 74,383.00",138215,33491,9,72,Yes,Yes,67,40913,0,971821,5651,645270,Corporate,2,3,2025-12-08 08:21:16.361,Low,No,RM_D
C0562,Customer_562,Male,28,Chitwan,Lumbini,Business,PhD,Married,ACC100563,Fixed Deposit,2024-04-27 08:21:16.307,Chitwan Branch,109269,454,Active,2621735,Business,6.07,36156,846990,139655,74111,82,14,No,Yes,83,47873,26,705786,44468,776143,Retail,5,4,2026-05-18 08:21:16.307,Medium,No,RM_D
C0932,Customer_932,Male,55,Chitwan,Gandaki,Teacher,Master,Married,ACC100933,Fixed Deposit,2021-09-27 08:21:16.355,Lalitpur Branch,127196,664,Closed,2009456,Education,15.22,9074,919004,50020,103710,91,78,Yes,No,48,17886,3,868572,4723,1611179,Corporate,4,1,2026-01-09 08:21:16.355,Low,Yes,RM_D
C0081,Customer_81,Male,63,Bhaktapur,Lumbini,Business,PhD,Unmarried,ACC100082,Current,2025-01-10 08:21:16.236,Lalitpur Branch,129184,757,Active,143220,Personal,12.84,38709,266723,84346,82757,70,11,No,No,145,8812,9,622727,15661,756290,VIP,3,3,2025-12-31 08:21:16.236,High,No,RM_A
C0206,Customer_206,Male,48,Chitwan,Lumbini,Doctor,+2,Unmarried,ACC100207,Savings,2020-04-05 08:21:16.255,Biratnagar Branch,198247,698,,0,Vehicle,7.13,19277,1148642,81823,59950,59,38,Yes,No,5,8272,13,820524,15990,131175,Corporate,3,5,2026-04-13 08:21:16.255,Medium,No,RM_B
C0035,Customer_35,Female,65,Biratnagar,Lumbini,Banker,+2,Married,ACC100036,Fixed Deposit,2025-10-15 08:21:16.230,Kathmandu Branch,239305,704,Closed,861883,Vehicle,13.55,19514,1653805,98600,65389,49,50,Yes,Yes,70,1075,16,321923,47371,1887104,Corporate,5,3,2026-01-28 08:21:16.230,Medium,Yes,RM_B
C0943,Customer_943,Male,37,  chitwan  ,Gandaki,Analyst,PhD,Unmarried,ACC100944,SAVINGS,2025-07-01 08:21:16.357,Bhaktapur Branch,160956,767,,0,Personal,10.4,23573,965772,116080,112416,30,45,Yes,No,198,28138,8,211062,31977,210321,Corporate,4,4,2025-09-08 08:21:16.357,Low,No,RM_C
C0776,Customer_776,Male,33,Lalitpur,Bagmati,Doctor,+2,Married,ACC100777,Savings,2025-09-03 08:21:16.335,Pokhara Branch,171884,776,Closed,1563689,Education,9.04,24918,1918654,91650,90876,75,56,No,No,14,23035,26,770745,7302,775345,VIP,4,4,2026-03-07 08:21:16.335,High,Yes,RM_C
C0509,Customer_509,Female,34,Kathmandu,Bagmati,Teacher,Master,Married,ACC100510,Current,2024-05-20 08:21:16.298,Biratnagar Branch,82245,538,,0,Education,13.51,35826,803906,30511,39024,24,100,Yes,Yes,21,15130,28,347853,2140,496697,VIP,3,9,2025-09-21 08:21:16.298,Medium,Yes,RM_C
C0428,Customer_428,Male,63,Kathmandu,Gandaki,Business,+2,Unmarried,ACC100429,Fixed Deposit,2024-12-25 08:21:16.286,Butwal Branch,235498,564,Active,1495490,Home,15.14,31534,444479,33096,8876,44,79,Yes,No,153,41472,19,794435,43039,388636,Corporate,4,4,2025-08-05 08:21:16.286,Low,Yes,RM_B
C0455,Customer_455,Female,59,Bhaktapur,Lumbini,Engineer,PhD,Married,ACC100456,Current,2022-06-01 08:21:16.289,Butwal Branch,107828,637,Active,62166,Home,7.95,12978,1622644,132168,72327,65,93,Yes,No,32,23092,8,145777,31573,1698904,Corporate,3,3,2025-11-25 08:21:16.289,Medium,No,RM_B
C0585,Customer_585,Male,21,Chitwan,Lumbini,Student,Bachelor,Married,ACC100586,Savings,2020-09-24 08:21:16.310,Bhaktapur Branch,32242 NPR,472,Closed,488301,Personal,7.86,39590,"NPR 494,332.00",9622,72692,48,38,Yes,Yes,46,6397,23,249570,36056,1324848,Corporate,1,10,2025-12-17 08:21:16.310,High,No,RM_B
C0367,Customer_367,Female,43,Chitwan,Gandaki,Engineer,PhD,Married,ACC100368,Savings,2019-11-20 08:21:16.277,Butwal Branch,171794,750,,0,Personal,8.19,29763,902331,12486,85364,28,85,No,Yes,10,35671,9,448085,36135,1386804,Retail,1,10,2026-02-05 08:21:16.277,Low,Yes,RM_A
C0092,Customer_92,Female,25,Kathmandu,Bagmati,Doctor,PhD,Married,ACC100093,Current,2026-01-27 08:21:16.237,Chitwan Branch,226401,503,,0,Personal,9.4,30379,1249766,115266,57256,38,79,No,Yes,111,10061,13,373515,42102,441223,VIP,3,10,2025-09-10 08:21:16.237,High,No,RM_B
C0340,Customer_340,Male,37,Butwal,Gandaki,Engineer,Bachelor,Married,ACC100341,Savings,2019-10-22 08:21:16.272,Pokhara Branch,195487,653,,0,Vehicle,12.57,22212,591220,41711,84842,67,83,Yes,Yes,173,21696,3,943680,46141,726445,Retail,4,8,2026-01-27 08:21:16.272,High,No,RM_D
C0898,Customer_898,Female,56,Kathmandu,Gandaki,Banker,+2,Unmarried,ACC100899,Current,2019-09-28 08:21:16.351,Bhaktapur Branch,158961,596,Active,112021,Business,15.51,20718,1285109,84780,11775,90,30,Yes,Yes,118,37264,7,168390,12177,222080,VIP,4,9,2026-05-07 08:21:16.351,High,Yes,RM_B
C0565,Customer_565,Male,22,Chitwan,Gandaki,Analyst,Bachelor,Married,ACC100566,Fixed Deposit,2019-10-13 08:21:16.308,Chitwan Branch,165119,460,Closed,2680838,Vehicle,7.85,6820,1900008,49271,2440,0,8,No,No,189,19038,13,50432,24236,693453,Corporate,3,6,2026-04-21 08:21:16.308,Medium,No,RM_B
C0346,Customer_346,Male,28,Chitwan,Lumbini,Teacher,PhD,Unmarried,ACC100347,Savings,2021-12-09 08:21:16.273,Butwal Branch,188704,494,,0,Personal,7.09,15395,892897,15102,65211,75,27,No,Yes,107,40654,30,107230,44953,1477410,VIP,2,6,2026-03-01 08:21:16.273,Low,Yes,RM_C
C0777,Customer_777,Male,29,Bhaktapur,Bagmati,Engineer,Master,Unmarried,ACC100778,Current,2025-06-22 08:21:16.335,Biratnagar Branch,56259,793,Closed,391322,Personal,14.07,2314,1948577,85524,23178,97,45,No,Yes,165,41407,21,890847,19337,1834517,Corporate,1,6,2026-02-13 08:21:16.335,Low,Yes,RM_A
C0242,Customer_242,Male,43,Pokhara,Bagmati,Teacher,+2,Unmarried,ACC100243,Current,2026-01-08 08:21:16.259,Pokhara Branch,197230,656,Closed,1144469,Education,7.09,2362,1093616,48895,71190,47,84,No,Yes,7,45632,14,441344,21277,1220723,Corporate,3,3,2026-01-19 08:21:16.259,Medium,Yes,RM_C
C0014,Customer_14,Male,41,Bhaktapur,Koshi,Teacher,Master,Unmarried,ACC100015,Current,2022-02-14 08:21:16.226,Bhaktapur Branch,47084,555,Active,1575828,Home,13.18,44918,1728608,47354,100796,71,36,No,Yes,97,10767,13,435832,22426,557776,VIP,2,4,2025-11-04 08:21:16.226,Medium,No,RM_D
C0316,Customer_316,Female,41,Butwal,Koshi,Engineer,Bachelor,Unmarried,ACC100317,Fixed Deposit,2022-04-26 08:21:16.270,Biratnagar Branch,81625,597,,0,Home,7.49,30156,1392055,11871,54183,14,58,Yes,No,192,48672,27,771442,28303,451955,VIP,1,3,2025-08-28 08:21:16.270,Medium,Yes,RM_B
C0601,Customer_601,Male,47,Butwal,Koshi,Banker,PhD,Married,ACC100602,Fixed Deposit,2024-07-20 08:21:16.312,Biratnagar Branch,202991,825,,0,Business,7.49,40470,227482,41616,104966,4,96,No,No,60,35753,30,428921,4799,1748542,Corporate,1,8,2026-05-08 08:21:16.312,Medium,Yes,RM_A
C0388,Customer_388,Male,43,Chitwan,Bagmati,Doctor,Bachelor,Married,ACC100389,Savings,2024-09-29 08:21:16.280,Lalitpur Branch,125368,594,,0,Personal,13.83,4847,183606,26503,23195,34,74,Yes,No,75,34185,11,179579,25734,93199,VIP,5,9,2025-10-28 08:21:16.280,High,No,RM_C
C0274,Customer_274,Female,47,Pokhara,Lumbini,Doctor,Bachelor,Married,ACC100275,Current,2019-12-20 08:21:16.264,Biratnagar Branch,99838,629,Active,976174,Vehicle,15.13,25503,346190,71452,70070,37,80,Yes,Yes,4,24684,28,321660,18289,31135,Corporate,3,4,2026-01-28 08:21:16.264,High,Yes,RM_D
C0167,Customer_167,Male,61,Chitwan,Gandaki,Business,Master,Unmarried,ACC100168,Savings,2021-03-31 08:21:16.248,Pokhara Branch,192604,604,,0,Education,11.89,15869,900042,72185,42558,66,27,Yes,No,191,1558,25,426557,25065,329410,Corporate,3,6,2025-10-03 08:21:16.248,Low,Yes,RM_D
C0841,Customer_841,Male,59,Bhaktapur,Lumbini,Teacher,PhD,Married,ACC100842,Current,2021-04-22 08:21:16.344,Biratnagar Branch,76593,690,Active,2723805,Personal,11.63,38571,1306882,117674,103401,20,12,Yes,No,44,29087,16,204208,17740,972621,VIP,2,0,2025-08-09 08:21:16.344,High,No,RM_D
C0021,Customer_21,Male,55,Butwal,Bagmati,Teacher,Master,Married,ACC100022,Fixed Deposit,2024-04-29 08:21:16.228,Lalitpur Branch,77437,654,Active,638296,Home,15.11,34516,867208,45604,82416,27,92,Yes,No,66,34283,7,640803,46953,427083,VIP,4,2,2025-10-04 08:21:16.228,Medium,No,RM_A
C0647,Customer_647,Male,61,Pokhara,Koshi,Teacher,+2,Unmarried,ACC100648,Current,2019-10-14 08:21:16.318,Butwal Branch,75199,500,,0,Personal,15.47,38565,130927,18804,57563,17,87,No,Yes,52,2801,7,720111,27210,1943648,VIP,1,4,2025-09-19 08:21:16.318,High,Yes,RM_A
C0819,Customer_819,Male,31,Bhaktapur,Gandaki,Engineer,PhD,Unmarried,ACC100820,Savings,2023-01-07 08:21:16.340,Chitwan Branch,215756,829,Closed,1820101,Personal,7.45,39856,1291177,82922,87380,42,48,Yes,No,51,7120,11,767433,5826,1337134,VIP,1,8,2026-05-10 08:21:16.340,Low,Yes,RM_A
C0485,Customer_485,Male,52,Bhaktapur,Gandaki,Business,Bachelor,Married,ACC100486,Fixed Deposit,2025-01-11 08:21:16.294,Chitwan Branch,199493,743,,0,Vehicle,14.7,7840,996156,56568,36631,99,70,Yes,No,126,40368,27,233459,18538,184771,Retail,2,7,2025-10-03 08:21:16.294,Low,Yes,RM_A
C0313,Customer_313,Female,41,Chitwan,Bagmati,Teacher,Bachelor,Married,ACC100314,Current,2024-06-06 08:21:16.269,Pokhara Branch,160840 NPR,612,Active,789859,Business,6.4,5170,"NPR 1,432,044.00",55440,115292,17,96,No,Yes,165,1153,29,378761,28742,1332714,Corporate,4,3,2026-02-22 08:21:16.269,High,Yes,RM_B
C0505,Customer_505,Male,28,Bhaktapur,Lumbini,Business,Master,Unmarried,ACC100506,Current,2021-06-27 08:21:16.298,Butwal Branch,126466,555,Active,2150065,Vehicle,14.66,34045,1573887,35454,31979,32,79,No,No,93,45442,6,848637,10461,500713,VIP,5,6,2025-06-19 08:21:16.298,Low,Yes,RM_B
C0832,Customer_832,Male,43,Biratnagar,Bagmati,Analyst,+2,Married,ACC100833,Savings,2020-12-19 08:21:16.343,Lalitpur Branch,217289,671,Closed,56192,Vehicle,6.46,14533,1138497,30869,39397,43,75,Yes,No,86,26158,6,306892,6956,1250930,Corporate,4,9,2025-11-23 08:21:16.343,Medium,No,RM_D
C0244,Customer_244,Female,26,Pokhara,Gandaki,Analyst,PhD,Married,ACC100245,Fixed Deposit,2025-08-12 08:21:16.260,Pokhara Branch,166602,704,,0,Education,6.27,2788,1862545,122766,10602,92,78,Yes,Yes,110,14058,19,934990,45850,9017,Retail,4,0,2026-03-11 08:21:16.260,Low,Yes,RM_C
C0567,Customer_567,Female,27,Biratnagar,Koshi,Engineer,Bachelor,Married,ACC100568,Fixed Deposit,2024-03-24 08:21:16.308,Butwal Branch,28287,726,Closed,2629602,Education,14.48,24771,403368,146407,56813,89,89,No,No,120,37834,17,144659,17412,1679407,VIP,1,9,2025-08-05 08:21:16.308,Low,No,RM_B
C0876,Customer_876,Male,55,Bhaktapur,Koshi,Analyst,+2,Married,ACC100877,Fixed Deposit,2023-01-21 08:21:16.348,Chitwan Branch,153276,709,Active,2994394,Business,13.65,30735,1489588,35160,92206,36,44,Yes,Yes,148,35739,9,528117,2591,1601124,VIP,3,1,2025-07-14 08:21:16.348,Medium,No,RM_A
C0563,Customer_563,Male,58,Butwal,Lumbini,Doctor,PhD,Unmarried,ACC100564,Fixed Deposit,2023-06-12 08:21:16.307,Pokhara Branch,105429,628,,0,Personal,9.74,10618,131590,86029,12077,81,15,Yes,No,43,19025,5,71086,7132,1817190,Corporate,3,6,2026-01-30 08:21:16.308,High,Yes,RM_C
C0236,Customer_236,Female,53,Pokhara,Bagmati,Business,PhD,Unmarried,ACC100237,Current,2025-12-20 08:21:16.259,Lalitpur Branch,217183 NPR,768,Active,2548642,Home,11.92,7535,"NPR 1,081,583.00",54978,90318,3,82,No,No,109,34458,19,619063,906,1108589,Corporate,4,8,2025-11-05 08:21:16.259,High,No,RM_B
C0687,Customer_687,Female,25,Butwal,Bagmati,Teacher,+2,Married,ACC100688,Fixed Deposit,2023-07-31 08:21:16.322,Bhaktapur Branch,115373,671,Closed,256669,Business,15.95,43253,370230,127339,95725,54,43,Yes,Yes,194,16269,3,947708,44401,1086717,Retail,5,7,2025-06-17 08:21:16.322,High,Yes,RM_A
C0958,Customer_958,Male,65,Bhaktapur,Gandaki,Student,+2,Married,ACC100959,Fixed Deposit,2023-12-06 08:21:16.358,Butwal Branch,67553,839,Closed,327357,Personal,10.2,9029,481842,97873,11812,46,32,Yes,Yes,114,16481,3,40189,7172,900340,Retail,1,7,2025-11-23 08:21:16.359,Medium,No,RM_C
C0190,Customer_190,Male,35,Biratnagar,Koshi,Engineer,PhD,Married,ACC100191,Savings,2020-04-09 08:21:16.253,Biratnagar Branch,182333,522,,0,Business,6.54,41952,1365645,92589,42476,7,47,Yes,No,109,48553,15,776463,18420,1248293,VIP,2,9,2025-07-11 08:21:16.253,Low,No,RM_B
C0976,Customer_976,Female,33,  pokhara  ,Gandaki,Analyst,Master,Married,ACC100977,CURRENT,2020-03-03 08:21:16.361,Chitwan Branch,126091,848,Closed,1506864,Personal,13.06,22636,1264987,60442,61990,96,12,No,Yes,191,13503,23,435012,36735,833452,Retail,5,0,2026-04-09 08:21:16.361,High,No,RM_C
C0700,Customer_700,Female,48,Pokhara,Gandaki,Banker,PhD,Unmarried,ACC100701,Savings,2022-01-23 08:21:16.324,Pokhara Branch,214415,771,Closed,758589,Personal,12.21,38548,1251803,99334,2192,54,94,Yes,No,128,13137,24,12001,33475,1343397,Corporate,5,4,2025-10-24 08:21:16.324,Medium,Yes,RM_A
C0511,Customer_511,Female,29,Butwal,Gandaki,Banker,+2,Married,ACC100512,Savings,2023-06-20 08:21:16.298,Chitwan Branch,183703,469,,0,Education,6.59,39410,848622,58702,61272,36,6,No,No,40,37106,28,527407,7839,896732,VIP,4,3,2026-04-04 08:21:16.298,Low,No,RM_A
C0475,Customer_475,Female,65,Chitwan,Lumbini,Banker,Master,Unmarried,ACC100476,Savings,2025-08-22 08:21:16.293,Pokhara Branch,113203,726,Closed,2158882,Vehicle,9.86,8350,1272310,29566,75881,3,55,Yes,Yes,58,42272,30,462853,36632,962025,VIP,2,4,2025-09-26 08:21:16.293,Low,Yes,RM_A
C0857,Customer_857,Female,42,Biratnagar,Bagmati,Doctor,+2,Married,ACC100858,Fixed Deposit,2024-10-09 08:21:16.346,Chitwan Branch,97157,724,Closed,1972578,Vehicle,6.71,13565,1606031,116272,34710,52,26,No,No,164,41552,12,99813,46704,734925,VIP,5,0,2025-12-26 08:21:16.346,Low,No,RM_A
C0748,Customer_748,Female,58,Butwal,Gandaki,Teacher,Bachelor,Unmarried,ACC100749,Current,2025-07-30 08:21:16.330,Butwal Branch,142915,706,Active,123170,Personal,12.83,20433,642433,52427,92861,0,7,Yes,No,32,40468,9,847832,31021,1346971,VIP,2,10,2025-07-08 08:21:16.330,Low,Yes,RM_C
C0253,Customer_253,Female,59,Chitwan,Bagmati,Doctor,Bachelor,Married,ACC100254,Savings,2019-11-26 08:21:16.261,Kathmandu Branch,213485,486,Active,2301455,Home,10.86,40679,1904437,33583,51945,59,93,No,No,50,46969,13,183203,38389,790465,VIP,5,8,2025-08-27 08:21:16.261,Medium,No,RM_D
C0022,Customer_22,Female,30,Lalitpur,Bagmati,Doctor,+2,Unmarried,ACC100023,Fixed Deposit,2019-12-15 08:21:16.228,Butwal Branch,173027,640,Closed,465846,Education,8.35,5570,106122,124072,21727,22,67,Yes,No,176,21791,17,797590,6757,508162,Corporate,3,7,2025-10-20 08:21:16.228,High,Yes,RM_B
C0460,Customer_460,Female,33,Lalitpur,Gandaki,Banker,Master,Married,ACC100461,Fixed Deposit,2023-02-14 08:21:16.289,Pokhara Branch,120855,482,Closed,2453488,Home,10.36,27702,698491,8420,119081,43,37,No,No,76,14105,6,324792,7066,829164,Retail,1,6,2026-04-24 08:21:16.289,Medium,Yes,RM_A
C0277,Customer_277,Female,58,Biratnagar,Gandaki,Doctor,PhD,Married,ACC100278,Current,2019-10-21 08:21:16.265,Chitwan Branch,68476,832,,0,Home,6.58,45957,1523132,133473,44951,75,45,Yes,Yes,189,31457,24,666445,26573,988121,Retail,2,9,2026-03-06 08:21:16.265,Low,No,RM_A
C0956,Customer_956,Female,42,Bhaktapur,Lumbini,Engineer,Master,Unmarried,ACC100957,Fixed Deposit,2025-07-05 08:21:16.358,Bhaktapur Branch,161130,627,Closed,2893036,Business,10.43,46249,1897624,4644,93092,59,61,No,Yes,25,10123,5,915247,2872,1764991,Retail,5,9,2026-04-21 08:21:16.358,High,No,RM_D
C0386,Customer_386,Female,41,Lalitpur,Koshi,Teacher,PhD,Married,ACC100387,Fixed Deposit,2023-02-04 08:21:16.280,Chitwan Branch,214261,519,Closed,2490607,Education,10.19,49249,1974667,113104,93873,10,59,Yes,Yes,11,3239,3,201290,30006,1326179,Corporate,2,3,2026-04-22 08:21:16.280,Low,Yes,RM_B
C0806,Customer_806,Male,58,Biratnagar,Lumbini,Banker,Bachelor,Married,ACC100807,Current,2022-11-03 08:21:16.339,Biratnagar Branch,28194,809,Active,175744,Education,14.7,39290,1723462,35530,54320,82,0,No,Yes,36,20933,30,688250,33570,52284,Retail,1,1,2026-05-13 08:21:16.339,Medium,Yes,RM_B
C0344,Customer_344,Female,39,Lalitpur,Bagmati,Business,+2,Unmarried,ACC100345,Fixed Deposit,2022-09-30 08:21:16.273,Chitwan Branch,34584,605,Active,2323469,Business,12.41,10393,51465,58535,88870,40,65,No,Yes,113,22620,7,969622,33412,1383873,Retail,1,2,2025-08-24 08:21:16.273,Low,No,RM_C
C0770,Customer_770,Male,55,Chitwan,Gandaki,Student,Bachelor,Married,ACC100771,Current,2022-04-05 08:21:16.334,Pokhara Branch,133690,479,Closed,2775994,Vehicle,11.47,10172,689753,85217,17273,94,22,Yes,No,134,22029,1,395436,11427,1512356,Corporate,2,1,2025-09-19 08:21:16.334,Medium,Yes,RM_D
C0131,Customer_131,Female,47,Bhaktapur,Koshi,Teacher,Master,Married,ACC100132,Current,2021-06-24 08:21:16.243,Biratnagar Branch,95717,732,,0,Home,12.56,21453,1918973,47355,40337,54,64,Yes,No,1,32233,7,267686,39213,27602,Retail,3,2,2026-02-26 08:21:16.244,Medium,Yes,RM_C
C0872,Customer_872,Male,50,Biratnagar,Bagmati,Doctor,Master,Unmarried,ACC100873,Fixed Deposit,2023-06-21 08:21:16.348,Pokhara Branch,93274,716,,0,Personal,6.54,14919,873975,34368,99148,39,57,No,Yes,22,29706,17,484236,3488,1860317,VIP,5,9,2026-04-19 08:21:16.348,Medium,No,RM_B
C0088,Customer_88,Male,38,Lalitpur,Bagmati,Engineer,Bachelor,Unmarried,ACC100089,Current,2020-12-07 08:21:16.237,Bhaktapur Branch,93479,837,,0,Business,13.35,43130,47205,95179,48272,56,92,No,Yes,199,44945,28,536336,47040,627098,Corporate,4,8,2026-03-20 08:21:16.237,Low,Yes,RM_B
C0331,Customer_331,Male,34,Butwal,Koshi,Doctor,+2,Unmarried,ACC100332,Savings,2020-11-02 08:21:16.271,Chitwan Branch,189653,838,,0,Vehicle,9.08,38209,1404563,86903,83394,16,70,No,No,19,42822,2,15890,425,987334,Corporate,3,7,2026-03-15 08:21:16.272,Low,No,RM_A
C0467,Customer_467,Female,57,Chitwan,Gandaki,Teacher,Master,Married,ACC100468,Savings,2024-11-18 08:21:16.291,Bhaktapur Branch,81546,656,,0,Education,9.99,20035,470834,114387,6298,13,47,No,No,37,786,4,567780,22030,1334094,Corporate,1,8,2026-03-09 08:21:16.291,Low,Yes,RM_B
C0122,Customer_122,Female,22,Pokhara,Gandaki,Banker,Bachelor,Married,ACC100123,Savings,2024-11-20 08:21:16.242,Chitwan Branch,241569,522,Closed,815445,Vehicle,13.34,49492,1920395,81147,15465,90,7,No,No,20,46481,3,717436,24769,1815298,Retail,2,1,2026-01-31 08:21:16.242,Medium,No,RM_B
C0300,Customer_300,Male,54,Chitwan,Lumbini,Doctor,Master,Unmarried,ACC100301,Current,2024-06-07 08:21:16.267,Pokhara Branch,196605 NPR,453,Active,1678638,Personal,14.37,13884,"NPR 702,429.00",145016,4523,50,88,No,No,154,45488,9,663633,14682,1145168,Corporate,1,7,2025-11-07 08:21:16.267,Medium,No,RM_B
C0861,Customer_861,Female,55,Butwal,Gandaki,Analyst,Master,Married,ACC100862,Fixed Deposit,2022-03-16 08:21:16.346,Butwal Branch,39058,530,Active,531185,Business,15.42,37873,595793,58984,75981,47,98,No,No,187,5294,5,900530,33696,1069043,VIP,2,3,2025-07-19 08:21:16.346,Low,No,RM_B
